order_id,timestamp,restaurant_id,customer_id,order_type,items,total_amount,payment_method,order_status,created_at
ORD-20260212-817663,2026-02-12T13:01:14.476643,ZAF-SHZ-001,CUST-10197,takeaway,"[{""item_id"": ""ITEM-302"", ""name"": ""Joojeh Kabab"", ""category"": ""Main Course"", ""quantity"": 2, ""unit_price"": 257000, ""subtotal"": 514000}, {""item_id"": ""ITEM-501"", ""name"": ""Bastani Sonnati"", ""category"": ""Dessert"", ""quantity"": 1, ""unit_price"": 73000, ""subtotal"": 73000}]",587000.0,wallet,delivered,2026-02-12T13:01:14.476643
ORD-20260212-240101,2026-02-12T20:22:40.476643,ZAF-TBZ-001,CUST-10497,takeaway,"[{""item_id"": ""ITEM-301"", ""name"": ""Chelo Kabab Koobideh"", ""category"": ""Main Course"", ""quantity"": 3, ""unit_price"": 293000, ""subtotal"": 879000}, {""item_id"": ""ITEM-103"", ""name"": ""Mirza Ghasemi"", ""category"": ""Starter"", ""quantity"": 2, ""unit_price"": 94000, ""subtotal"": 188000}, {""item_id"": ""ITEM-503"", ""name"": ""Sholeh Zard"", ""category"": ""Dessert"", ""quantity"": 3, ""unit_price"": 53000, ""subtotal"": 159000}]",1226000.0,wallet,completed,2026-02-12T20:22:40.476643
ORD-20260213-582559,2026-02-13T12:28:04.476643,ZAF-SHZ-001,CUST-10309,takeaway,"[{""item_id"": ""ITEM-307"", ""name"": ""Abgoosht (Dizi)"", ""category"": ""Main Course"", ""quantity"": 3, ""unit_price"": 185000, ""subtotal"": 555000}, {""item_id"": ""ITEM-301"", ""name"": ""Chelo Kabab Koobideh"", ""category"": ""Main Course"", ""quantity"": 2, ""unit_price"": 273000, ""subtotal"": 546000}]",1101000.0,wallet,delivered,2026-02-13T12:28:04.476643
ORD-20260213-278117,2026-02-13T14:32:39.476643,ZAF-SHZ-001,CUST-10154,delivery,"[{""item_id"": ""ITEM-502"", ""name"": ""Faloodeh Shirazi"", ""category"": ""Dessert"", ""quantity"": 1, ""unit_price"": 66000, ""subtotal"": 66000}, {""item_id"": ""ITEM-302"", ""name"": ""Joojeh Kabab"", ""category"": ""Main Course"", ""quantity"": 3, ""unit_price"": 257000, ""subtotal"": 771000}, {""item_id"": ""ITEM-105"", ""name"": ""Salad Shirazi"", ""category"": ""Starter"", ""quantity"": 1, ""unit_price"": 53000, ""subtotal"": 53000}, {""item_id"": ""ITEM-401"", ""name"": ""Sangak Bread"", ""category"": ""Bread"", ""quantity"": 2, ""unit_price"": 26000, ""subtotal"": 52000}]",942000.0,card,completed,2026-02-13T14:32:39.476643
ORD-20260213-557007,2026-02-13T15:19:48.476643,ZAF-SHZ-001,CUST-10436,takeaway,"[{""item_id"": ""ITEM-401"", ""name"": ""Sangak Bread"", ""category"": ""Bread"", ""quantity"": 1, ""unit_price"": 26000, ""subtotal"": 26000}, {""item_id"": ""ITEM-504"", ""name"": ""Zoolbia Bamieh"", ""category"": ""Dessert"", ""quantity"": 2, ""unit_price"": 60000, ""subtotal"": 120000}, {""item_id"": ""ITEM-602"", ""name"": ""Sharbat-e Sekanjebin"", ""category"": ""Beverage"", ""quantity"": 1, ""unit_price"": 42000, ""subtotal"": 42000}, {""item_id"": ""ITEM-403"", ""name"": ""Lavash Bread"", ""category"": ""Bread"", ""quantity"": 2, ""unit_price"": 15000, ""subtotal"": 30000}]",218000.0,cash,completed,2026-02-13T15:19:48.476643
ORD-20260213-390334,2026-02-13T18:42:53.476643,ZAF-ISF-001,CUST-10287,takeaway,"[{""item_id"": ""ITEM-403"", ""name"": ""Lavash Bread"", ""category"": ""Bread"", ""quantity"": 1, ""unit_price"": 15000, ""subtotal"": 15000}, {""item_id"": ""ITEM-205"", ""name"": ""Baghali Polo"", ""category"": ""Main Course"", ""quantity"": 2, ""unit_price"": 118000, ""subtotal"": 236000}, {""item_id"": ""ITEM-502"", ""name"": ""Faloodeh Shirazi"", ""category"": ""Dessert"", ""quantity"": 2, ""unit_price"": 65000, ""subtotal"": 130000}, {""item_id"": ""ITEM-104"", ""name"": ""Dolme Barg"", ""category"": ""Starter"", ""quantity"": 3, ""unit_price"": 109000, ""subtotal"": 327000}, {""item_id"": ""ITEM-306"", ""name"": ""Tahchin Morgh"", ""category"": ""Main Course"", ""quantity"": 2, ""unit_price"": 230000, ""subtotal"": 460000}]",1168000.0,wallet,completed,2026-02-13T18:42:53.476643
ORD-20260213-884645,2026-02-13T19:38:25.476643,ZAF-TBZ-001,CUST-10280,delivery,"[{""item_id"": ""ITEM-205"", ""name"": ""Baghali Polo"", ""category"": ""Main Course"", ""quantity"": 1, ""unit_price"": 115000, ""subtotal"": 115000}]",115000.0,wallet,completed,2026-02-13T19:38:25.476643
ORD-20260214-315098,2026-02-14T14:57:33.476643,ZAF-TBZ-001,CUST-10471,delivery,"[{""item_id"": ""ITEM-503"", ""name"": ""Sholeh Zard"", ""category"": ""Dessert"", ""quantity"": 2, ""unit_price"": 53000, ""subtotal"": 106000}, {""item_id"": ""ITEM-303"", ""name"": ""Ghormeh Sabzi"", ""category"": ""Main Course"", ""quantity"": 3, ""unit_price"": 233000, ""subtotal"": 699000}]",805000.0,wallet,completed,2026-02-14T14:57:33.476643
ORD-20260214-746223,2026-02-14T16:43:32.476643,ZAF-MSH-001,CUST-10069,dine_in,"[{""item_id"": ""ITEM-306"", ""name"": ""Tahchin Morgh"", ""category"": ""Main Course"", ""quantity"": 3, ""unit_price"": 214000, ""subtotal"": 642000}, {""item_id"": ""ITEM-307"", ""name"": ""Abgoosht (Dizi)"", ""category"": ""Main Course"", ""quantity"": 1, ""unit_price"": 192000, ""subtotal"": 192000}, {""item_id"": ""ITEM-502"", ""name"": ""Faloodeh Shirazi"", ""category"": ""Dessert"", ""quantity"": 2, ""unit_price"": 66000, ""subtotal"": 132000}, {""item_id"": ""ITEM-401"", ""name"": ""Sangak Bread"", ""category"": ""Bread"", ""quantity"": 1, ""unit_price"": 25000, ""subtotal"": 25000}]",991000.0,wallet,delivered,2026-02-14T16:43:32.476643
ORD-20260214-631302,2026-02-14T20:12:44.476643,ZAF-ISF-001,CUST-10130,delivery,"[{""item_id"": ""ITEM-205"", ""name"": ""Baghali Polo"", ""category"": ""Main Course"", ""quantity"": 2, ""unit_price"": 118000, ""subtotal"": 236000}]",236000.0,card,delivered,2026-02-14T20:12:44.476643
ORD-20260214-391668,2026-02-14T20:59:10.476643,ZAF-TBZ-001,CUST-10434,dine_in,"[{""item_id"": ""ITEM-604"", ""name"": ""Sharbat-e Ablimoo"", ""category"": ""Beverage"", ""quantity"": 2, ""unit_price"": 37000, ""subtotal"": 74000}, {""item_id"": ""ITEM-306"", ""name"": ""Tahchin Morgh"", ""category"": ""Main Course"", ""quantity"": 2, ""unit_price"": 229000, ""subtotal"": 458000}, {""item_id"": ""ITEM-201"", ""name"": ""Kuku Sabzi"", ""category"": ""Main Course"", ""quantity"": 1, ""unit_price"": 122000, ""subtotal"": 122000}, {""item_id"": ""ITEM-103"", ""name"": ""Mirza Ghasemi"", ""category"": ""Starter"", ""quantity"": 2, ""unit_price"": 94000, ""subtotal"": 188000}]",842000.0,wallet,delivered,2026-02-14T20:59:10.476643
ORD-20260215-278980,2026-02-15T12:40:03.476643,ZAF-ISF-001,CUST-10420,delivery,"[{""item_id"": ""ITEM-305"", ""name"": ""Zereshk Polo ba Morgh"", ""category"": ""Main Course"", ""quantity"": 3, ""unit_price"": 223000, ""subtotal"": 669000}]",669000.0,cash,delivered,2026-02-15T12:40:03.476643
ORD-20260215-725173,2026-02-15T12:50:17.476643,ZAF-TBZ-001,CUST-10061,dine_in,"[{""item_id"": ""ITEM-602"", ""name"": ""Sharbat-e Sekanjebin"", ""category"": ""Beverage"", ""quantity"": 3, ""unit_price"": 41000, ""subtotal"": 123000}, {""item_id"": ""ITEM-203"", ""name"": ""Ash Reshteh"", ""category"": ""Main Course"", ""quantity"": 3, ""unit_price"": 101000, ""subtotal"": 303000}, {""item_id"": ""ITEM-101"", ""name"": ""Mast-o Khiar"", ""category"": ""Starter"", ""quantity"": 2, ""unit_price"": 65000, ""subtotal"": 130000}, {""item_id"": ""ITEM-102"", ""name"": ""Kashke Bademjan"", ""category"": ""Starter"", ""quantity"": 3, ""unit_price"": 92000, ""subtotal"": 276000}]",832000.0,card,delivered,2026-02-15T12:50:17.476643
ORD-20260215-716886,2026-02-15T18:46:46.476643,ZAF-ISF-001,CUST-10251,dine_in,"[{""item_id"": ""ITEM-304"", ""name"": ""Fesenjan"", ""category"": ""Main Course"", ""quantity"": 2, ""unit_price"": 264000, ""subtotal"": 528000}, {""item_id"": ""ITEM-303"", ""name"": ""Ghormeh Sabzi"", ""category"": ""Main Course"", ""quantity"": 2, ""unit_price"": 240000, ""subtotal"": 480000}, {""item_id"": ""ITEM-504"", ""name"": ""Zoolbia Bamieh"", ""category"": ""Dessert"", ""quantity"": 2, ""unit_price"": 58000, ""subtotal"": 116000}, {""item_id"": ""ITEM-302"", ""name"": ""Joojeh Kabab"", ""category"": ""Main Course"", ""quantity"": 3, ""unit_price"": 248000, ""subtotal"": 744000}]",1868000.0,card,delivered,2026-02-15T18:46:46.476643
ORD-20260215-375617,2026-02-15T20:13:24.476643,ZAF-TBZ-001,CUST-10051,dine_in,"[{""item_id"": ""ITEM-302"", ""name"": ""Joojeh Kabab"", ""category"": ""Main Course"", ""quantity"": 2, ""unit_price"": 261000, ""subtotal"": 522000}, {""item_id"": ""ITEM-403"", ""name"": ""Lavash Bread"", ""category"": ""Bread"", ""quantity"": 1, ""unit_price"": 14000, ""subtotal"": 14000}, {""item_id"": ""ITEM-604"", ""name"": ""Sharbat-e Ablimoo"", ""category"": ""Beverage"", ""quantity"": 3, ""unit_price"": 37000, ""subtotal"": 111000}]",647000.0,card,completed,2026-02-15T20:13:24.476643
ORD-20260215-673167,2026-02-15T21:16:12.476643,ZAF-TBZ-001,CUST-10444,delivery,"[{""item_id"": ""ITEM-603"", ""name"": ""Persian Tea (Chai)"", ""category"": ""Beverage"", ""quantity"": 3, ""unit_price"": 26000, ""subtotal"": 78000}, {""item_id"": ""ITEM-203"", ""name"": ""Ash Reshteh"", ""category"": ""Main Course"", ""quantity"": 3, ""unit_price"": 101000, ""subtotal"": 303000}, {""item_id"": ""ITEM-501"", ""name"": ""Bastani Sonnati"", ""category"": ""Dessert"", ""quantity"": 2, ""unit_price"": 78000, ""subtotal"": 156000}, {""item_id"": ""ITEM-503"", ""name"": ""Sholeh Zard"", ""category"": ""Dessert"", ""quantity"": 3, ""unit_price"": 53000, ""subtotal"": 159000}]",696000.0,wallet,delivered,2026-02-15T21:16:12.476643
ORD-20260216-722503,2026-02-16T12:16:03.476643,ZAF-THR-002,CUST-10379,dine_in,"[{""item_id"": ""ITEM-307"", ""name"": ""Abgoosht (Dizi)"", ""category"": ""Main Course"", ""quantity"": 2, ""unit_price"": 187000, ""subtotal"": 374000}, {""item_id"": ""ITEM-104"", ""name"": ""Dolme Barg"", ""category"": ""Starter"", ""quantity"": 2, ""unit_price"": 113000, ""subtotal"": 226000}, {""item_id"": ""ITEM-504"", ""name"": ""Zoolbia Bamieh"", ""category"": ""Dessert"", ""quantity"": 2, ""unit_price"": 58000, ""subtotal"": 116000}, {""item_id"": ""ITEM-103"", ""name"": ""Mirza Ghasemi"", ""category"": ""Starter"", ""quantity"": 3, ""unit_price"": 93000, ""subtotal"": 279000}]",995000.0,card,delivered,2026-02-16T12:16:03.476643
ORD-20260216-207697,2026-02-16T20:00:40.476643,ZAF-MSH-001,CUST-10127,takeaway,"[{""item_id"": ""ITEM-503"", ""name"": ""Sholeh Zard"", ""category"": ""Dessert"", ""quantity"": 2, ""unit_price"": 54000, ""subtotal"": 108000}, {""item_id"": ""ITEM-302"", ""name"": ""Joojeh Kabab"", ""category"": ""Main Course"", ""quantity"": 1, ""unit_price"": 264000, ""subtotal"": 264000}]",372000.0,wallet,completed,2026-02-16T20:00:40.476643
ORD-20260217-455627,2026-02-17T12:18:46.476643,ZAF-THR-002,CUST-10240,delivery,"[{""item_id"": ""ITEM-305"", ""name"": ""Zereshk Polo ba Morgh"", ""category"": ""Main Course"", ""quantity"": 1, ""unit_price"": 224000, ""subtotal"": 224000}, {""item_id"": ""ITEM-203"", ""name"": ""Ash Reshteh"", ""category"": ""Main Course"", ""quantity"": 3, ""unit_price"": 106000, ""subtotal"": 318000}, {""item_id"": ""ITEM-307"", ""name"": ""Abgoosht (Dizi)"", ""category"": ""Main Course"", ""quantity"": 3, ""unit_price"": 187000, ""subtotal"": 561000}]",1103000.0,wallet,completed,2026-02-17T12:18:46.476643
ORD-20260217-577127,2026-02-17T14:10:56.476643,ZAF-THR-002,CUST-10418,delivery,"[{""item_id"": ""ITEM-502"", ""name"": ""Faloodeh Shirazi"", ""category"": ""Dessert"", ""quantity"": 1, ""unit_price"": 64000, ""subtotal"": 64000}, {""item_id"": ""ITEM-403"", ""name"": ""Lavash Bread"", ""category"": ""Bread"", ""quantity"": 1, ""unit_price"": 15000, ""subtotal"": 15000}, {""item_id"": ""ITEM-202"", ""name"": ""Adas Polo"", ""category"": ""Main Course"", ""quantity"": 2, ""unit_price"": 128000, ""subtotal"": 256000}, {""item_id"": ""ITEM-103"", ""name"": ""Mirza Ghasemi"", ""category"": ""Starter"", ""quantity"": 1, ""unit_price"": 93000, ""subtotal"": 93000}]",428000.0,card,delivered,2026-02-17T14:10:56.476643
ORD-20260217-374499,2026-02-17T18:41:39.476643,ZAF-MSH-001,CUST-10117,delivery,"[{""item_id"": ""ITEM-305"", ""name"": ""Zereshk Polo ba Morgh"", ""category"": ""Main Course"", ""quantity"": 1, ""unit_price"": 221000, ""subtotal"": 221000}]",221000.0,cash,delivered,2026-02-17T18:41:39.476643
ORD-20260217-289893,2026-02-17T19:36:36.476643,ZAF-SHZ-001,CUST-10140,takeaway,"[{""item_id"": ""ITEM-602"", ""name"": ""Sharbat-e Sekanjebin"", ""category"": ""Beverage"", ""quantity"": 3, ""unit_price"": 42000, ""subtotal"": 126000}]",126000.0,card,completed,2026-02-17T19:36:36.476643
ORD-20260217-351318,2026-02-17T20:57:38.476643,ZAF-THR-001,CUST-10430,takeaway,"[{""item_id"": ""ITEM-503"", ""name"": ""Sholeh Zard"", ""category"": ""Dessert"", ""quantity"": 3, ""unit_price"": 54000, ""subtotal"": 162000}]",162000.0,wallet,completed,2026-02-17T20:57:38.476643
ORD-20260218-961322,2026-02-18T11:14:43.476643,ZAF-TBZ-001,CUST-10300,takeaway,"[{""item_id"": ""ITEM-601"", ""name"": ""Doogh"", ""category"": ""Beverage"", ""quantity"": 3, ""unit_price"": 33000, ""subtotal"": 99000}]",99000.0,wallet,delivered,2026-02-18T11:14:43.476643
ORD-20260218-861842,2026-02-18T20:31:18.476643,ZAF-ISF-001,CUST-10464,delivery,"[{""item_id"": ""ITEM-303"", ""name"": ""Ghormeh Sabzi"", ""category"": ""Main Course"", ""quantity"": 3, ""unit_price"": 240000, ""subtotal"": 720000}, {""item_id"": ""ITEM-504"", ""name"": ""Zoolbia Bamieh"", ""category"": ""Dessert"", ""quantity"": 3, ""unit_price"": 58000, ""subtotal"": 174000}, {""item_id"": ""ITEM-102"", ""name"": ""Kashke Bademjan"", ""category"": ""Starter"", ""quantity"": 1, ""unit_price"": 97000, ""subtotal"": 97000}, {""item_id"": ""ITEM-402"", ""name"": ""Barbari Bread"", ""category"": ""Bread"", ""quantity"": 2, ""unit_price"": 22000, ""subtotal"": 44000}]",1035000.0,cash,completed,2026-02-18T20:31:18.476643
ORD-20260219-733952,2026-02-19T11:47:03.476643,ZAF-THR-001,CUST-10255,delivery,"[{""item_id"": ""ITEM-201"", ""name"": ""Kuku Sabzi"", ""category"": ""Main Course"", ""quantity"": 2, ""unit_price"": 122000, ""subtotal"": 244000}]",244000.0,card,delivered,2026-02-19T11:47:03.476643
ORD-20260219-694799,2026-02-19T12:54:38.476643,ZAF-MSH-001,CUST-10400,dine_in,"[{""item_id"": ""ITEM-102"", ""name"": ""Kashke Bademjan"", ""category"": ""Starter"", ""quantity"": 3, ""unit_price"": 95000, ""subtotal"": 285000}, {""item_id"": ""ITEM-105"", ""name"": ""Salad Shirazi"", ""category"": ""Starter"", ""quantity"": 2, ""unit_price"": 55000, ""subtotal"": 110000}, {""item_id"": ""ITEM-103"", ""name"": ""Mirza Ghasemi"", ""category"": ""Starter"", ""quantity"": 2, ""unit_price"": 88000, ""subtotal"": 176000}, {""item_id"": ""ITEM-203"", ""name"": ""Ash Reshteh"", ""category"": ""Main Course"", ""quantity"": 2, ""unit_price"": 107000, ""subtotal"": 214000}]",785000.0,wallet,delivered,2026-02-19T12:54:38.476643
ORD-20260219-229077,2026-02-19T12:59:59.476643,ZAF-ISF-001,CUST-10462,delivery,"[{""item_id"": ""ITEM-601"", ""name"": ""Doogh"", ""category"": ""Beverage"", ""quantity"": 2, ""unit_price"": 35000, ""subtotal"": 70000}, {""item_id"": ""ITEM-204"", ""name"": ""Sabzi Polo"", ""category"": ""Main Course"", ""quantity"": 3, ""unit_price"": 98000, ""subtotal"": 294000}, {""item_id"": ""ITEM-203"", ""name"": ""Ash Reshteh"", ""category"": ""Main Course"", ""quantity"": 2, ""unit_price"": 107000, ""subtotal"": 214000}, {""item_id"": ""ITEM-504"", ""name"": ""Zoolbia Bamieh"", ""category"": ""Dessert"", ""quantity"": 3, ""unit_price"": 58000, ""subtotal"": 174000}]",752000.0,cash,completed,2026-02-19T12:59:59.476643
ORD-20260219-281833,2026-02-19T13:27:44.476643,ZAF-TBZ-001,CUST-10201,takeaway,"[{""item_id"": ""ITEM-503"", ""name"": ""Sholeh Zard"", ""category"": ""Dessert"", ""quantity"": 3, ""unit_price"": 53000, ""subtotal"": 159000}, {""item_id"": ""ITEM-303"", ""name"": ""Ghormeh Sabzi"", ""category"": ""Main Course"", ""quantity"": 1, ""unit_price"": 233000, ""subtotal"": 233000}, {""item_id"": ""ITEM-304"", ""name"": ""Fesenjan"", ""category"": ""Main Course"", ""quantity"": 3, ""unit_price"": 265000, ""subtotal"": 795000}]",1187000.0,cash,delivered,2026-02-19T13:27:44.476643
ORD-20260220-717889,2026-02-20T10:05:13.476643,ZAF-THR-002,CUST-10258,takeaway,"[{""item_id"": ""ITEM-101"", ""name"": ""Mast-o Khiar"", ""category"": ""Starter"", ""quantity"": 3, ""unit_price"": 67000, ""subtotal"": 201000}, {""item_id"": ""ITEM-401"", ""name"": ""Sangak Bread"", ""category"": ""Bread"", ""quantity"": 3, ""unit_price"": 24000, ""subtotal"": 72000}, {""item_id"": ""ITEM-202"", ""name"": ""Adas Polo"", ""category"": ""Main Course"", ""quantity"": 2, ""unit_price"": 128000, ""subtotal"": 256000}, {""item_id"": ""ITEM-503"", ""name"": ""Sholeh Zard"", ""category"": ""Dessert"", ""quantity"": 1, ""unit_price"": 54000, ""subtotal"": 54000}, {""item_id"": ""ITEM-501"", ""name"": ""Bastani Sonnati"", ""category"": ""Dessert"", ""quantity"": 2, ""unit_price"": 76000, ""subtotal"": 152000}]",735000.0,cash,delivered,2026-02-20T10:05:13.476643
ORD-20260220-683707,2026-02-20T16:56:58.476643,ZAF-THR-001,CUST-10196,delivery,"[{""item_id"": ""ITEM-301"", ""name"": ""Chelo Kabab Koobideh"", ""category"": ""Main Course"", ""quantity"": 2, ""unit_price"": 277000, ""subtotal"": 554000}, {""item_id"": ""ITEM-604"", ""name"": ""Sharbat-e Ablimoo"", ""category"": ""Beverage"", ""quantity"": 1, ""unit_price"": 36000, ""subtotal"": 36000}, {""item_id"": ""ITEM-303"", ""name"": ""Ghormeh Sabzi"", ""category"": ""Main Course"", ""quantity"": 1, ""unit_price"": 233000, ""subtotal"": 233000}, {""item_id"": ""ITEM-305"", ""name"": ""Zereshk Polo ba Morgh"", ""category"": ""Main Course"", ""quantity"": 1, ""unit_price"": 233000, ""subtotal"": 233000}]",1056000.0,card,delivered,2026-02-20T16:56:58.476643
ORD-20260220-804737,2026-02-20T20:36:53.476643,ZAF-TBZ-001,CUST-10152,takeaway,"[{""item_id"": ""ITEM-103"", ""name"": ""Mirza Ghasemi"", ""category"": ""Starter"", ""quantity"": 2, ""unit_price"": 94000, ""subtotal"": 188000}, {""item_id"": ""ITEM-102"", ""name"": ""Kashke Bademjan"", ""category"": ""Starter"", ""quantity"": 1, ""unit_price"": 92000, ""subtotal"": 92000}, {""item_id"": ""ITEM-104"", ""name"": ""Dolme Barg"", ""category"": ""Starter"", ""quantity"": 1, ""unit_price"": 114000, ""subtotal"": 114000}]",394000.0,wallet,delivered,2026-02-20T20:36:53.476643
ORD-20260221-240718,2026-02-21T10:19:36.476643,ZAF-TBZ-001,CUST-10054,delivery,"[{""item_id"": ""ITEM-205"", ""name"": ""Baghali Polo"", ""category"": ""Main Course"", ""quantity"": 3, ""unit_price"": 115000, ""subtotal"": 345000}, {""item_id"": ""ITEM-305"", ""name"": ""Zereshk Polo ba Morgh"", ""category"": ""Main Course"", ""quantity"": 3, ""unit_price"": 219000, ""subtotal"": 657000}, {""item_id"": ""ITEM-501"", ""name"": ""Bastani Sonnati"", ""category"": ""Dessert"", ""quantity"": 2, ""unit_price"": 78000, ""subtotal"": 156000}]",1158000.0,card,completed,2026-02-21T10:19:36.476643
ORD-20260221-490532,2026-02-21T16:56:56.476643,ZAF-ISF-001,CUST-10353,dine_in,"[{""item_id"": ""ITEM-102"", ""name"": ""Kashke Bademjan"", ""category"": ""Starter"", ""quantity"": 2, ""unit_price"": 97000, ""subtotal"": 194000}, {""item_id"": ""ITEM-504"", ""name"": ""Zoolbia Bamieh"", ""category"": ""Dessert"", ""quantity"": 2, ""unit_price"": 58000, ""subtotal"": 116000}]",310000.0,card,completed,2026-02-21T16:56:56.476643
ORD-20260222-308658,2026-02-22T12:25:26.476643,ZAF-MSH-001,CUST-10169,takeaway,"[{""item_id"": ""ITEM-201"", ""name"": ""Kuku Sabzi"", ""category"": ""Main Course"", ""quantity"": 3, ""unit_price"": 117000, ""subtotal"": 351000}]",351000.0,wallet,completed,2026-02-22T12:25:26.476643
ORD-20260222-178516,2026-02-22T19:58:56.476643,ZAF-MSH-001,CUST-10418,delivery,"[{""item_id"": ""ITEM-202"", ""name"": ""Adas Polo"", ""category"": ""Main Course"", ""quantity"": 2, ""unit_price"": 131000, ""subtotal"": 262000}, {""item_id"": ""ITEM-503"", ""name"": ""Sholeh Zard"", ""category"": ""Dessert"", ""quantity"": 1, ""unit_price"": 54000, ""subtotal"": 54000}]",316000.0,wallet,completed,2026-02-22T19:58:56.476643
ORD-20260222-361103,2026-02-22T20:09:56.476643,ZAF-ISF-001,CUST-10474,dine_in,"[{""item_id"": ""ITEM-204"", ""name"": ""Sabzi Polo"", ""category"": ""Main Course"", ""quantity"": 1, ""unit_price"": 98000, ""subtotal"": 98000}, {""item_id"": ""ITEM-604"", ""name"": ""Sharbat-e Ablimoo"", ""category"": ""Beverage"", ""quantity"": 3, ""unit_price"": 40000, ""subtotal"": 120000}]",218000.0,wallet,delivered,2026-02-22T20:09:56.476643
ORD-20260223-203550,2026-02-23T12:11:55.476643,ZAF-THR-001,CUST-10103,dine_in,"[{""item_id"": ""ITEM-306"", ""name"": ""Tahchin Morgh"", ""category"": ""Main Course"", ""quantity"": 1, ""unit_price"": 221000, ""subtotal"": 221000}]",221000.0,wallet,completed,2026-02-23T12:11:55.476643
ORD-20260223-802897,2026-02-23T14:57:41.476643,ZAF-THR-002,CUST-10164,delivery,"[{""item_id"": ""ITEM-103"", ""name"": ""Mirza Ghasemi"", ""category"": ""Starter"", ""quantity"": 3, ""unit_price"": 93000, ""subtotal"": 279000}, {""item_id"": ""ITEM-104"", ""name"": ""Dolme Barg"", ""category"": ""Starter"", ""quantity"": 1, ""unit_price"": 113000, ""subtotal"": 113000}, {""item_id"": ""ITEM-201"", ""name"": ""Kuku Sabzi"", ""category"": ""Main Course"", ""quantity"": 3, ""unit_price"": 126000, ""subtotal"": 378000}, {""item_id"": ""ITEM-601"", ""name"": ""Doogh"", ""category"": ""Beverage"", ""quantity"": 1, ""unit_price"": 34000, ""subtotal"": 34000}, {""item_id"": ""ITEM-401"", ""name"": ""Sangak Bread"", ""category"": ""Bread"", ""quantity"": 1, ""unit_price"": 24000, ""subtotal"": 24000}]",828000.0,cash,completed,2026-02-23T14:57:41.476643
ORD-20260223-887195,2026-02-23T19:03:50.476643,ZAF-MSH-001,CUST-10097,delivery,"[{""item_id"": ""ITEM-306"", ""name"": ""Tahchin Morgh"", ""category"": ""Main Course"", ""quantity"": 3, ""unit_price"": 214000, ""subtotal"": 642000}, {""item_id"": ""ITEM-502"", ""name"": ""Faloodeh Shirazi"", ""category"": ""Dessert"", ""quantity"": 1, ""unit_price"": 66000, ""subtotal"": 66000}, {""item_id"": ""ITEM-401"", ""name"": ""Sangak Bread"", ""category"": ""Bread"", ""quantity"": 1, ""unit_price"": 25000, ""subtotal"": 25000}, {""item_id"": ""ITEM-604"", ""name"": ""Sharbat-e Ablimoo"", ""category"": ""Beverage"", ""quantity"": 2, ""unit_price"": 39000, ""subtotal"": 78000}]",811000.0,card,completed,2026-02-23T19:03:50.476643
ORD-20260224-382154,2026-02-24T12:54:36.476643,ZAF-THR-002,CUST-10438,delivery,"[{""item_id"": ""ITEM-501"", ""name"": ""Bastani Sonnati"", ""category"": ""Dessert"", ""quantity"": 3, ""unit_price"": 76000, ""subtotal"": 228000}, {""item_id"": ""ITEM-203"", ""name"": ""Ash Reshteh"", ""category"": ""Main Course"", ""quantity"": 1, ""unit_price"": 106000, ""subtotal"": 106000}]",334000.0,card,delivered,2026-02-24T12:54:36.476643
ORD-20260224-274389,2026-02-24T20:34:53.476643,ZAF-THR-001,CUST-10496,takeaway,"[{""item_id"": ""ITEM-601"", ""name"": ""Doogh"", ""category"": ""Beverage"", ""quantity"": 1, ""unit_price"": 37000, ""subtotal"": 37000}]",37000.0,card,completed,2026-02-24T20:34:53.476643
ORD-20260225-271499,2026-02-25T13:09:03.476643,ZAF-THR-002,CUST-10093,delivery,"[{""item_id"": ""ITEM-306"", ""name"": ""Tahchin Morgh"", ""category"": ""Main Course"", ""quantity"": 2, ""unit_price"": 215000, ""subtotal"": 430000}]",430000.0,card,completed,2026-02-25T13:09:03.476643
ORD-20260225-297303,2026-02-25T14:24:43.476643,ZAF-TBZ-001,CUST-10308,delivery,"[{""item_id"": ""ITEM-604"", ""name"": ""Sharbat-e Ablimoo"", ""category"": ""Beverage"", ""quantity"": 1, ""unit_price"": 37000, ""subtotal"": 37000}]",37000.0,wallet,delivered,2026-02-25T14:24:43.476643
ORD-20260225-361897,2026-02-25T16:31:24.476643,ZAF-THR-002,CUST-10191,delivery,"[{""item_id"": ""ITEM-301"", ""name"": ""Chelo Kabab Koobideh"", ""category"": ""Main Course"", ""quantity"": 3, ""unit_price"": 295000, ""subtotal"": 885000}]",885000.0,cash,completed,2026-02-25T16:31:24.476643
ORD-20260225-780956,2026-02-25T17:41:00.476643,ZAF-THR-001,CUST-10198,takeaway,"[{""item_id"": ""ITEM-502"", ""name"": ""Faloodeh Shirazi"", ""category"": ""Dessert"", ""quantity"": 1, ""unit_price"": 66000, ""subtotal"": 66000}, {""item_id"": ""ITEM-604"", ""name"": ""Sharbat-e Ablimoo"", ""category"": ""Beverage"", ""quantity"": 1, ""unit_price"": 36000, ""subtotal"": 36000}, {""item_id"": ""ITEM-302"", ""name"": ""Joojeh Kabab"", ""category"": ""Main Course"", ""quantity"": 2, ""unit_price"": 260000, ""subtotal"": 520000}]",622000.0,cash,completed,2026-02-25T17:41:00.476643
ORD-20260225-300051,2026-02-25T19:30:10.476643,ZAF-TBZ-001,CUST-10322,dine_in,"[{""item_id"": ""ITEM-601"", ""name"": ""Doogh"", ""category"": ""Beverage"", ""quantity"": 1, ""unit_price"": 33000, ""subtotal"": 33000}, {""item_id"": ""ITEM-603"", ""name"": ""Persian Tea (Chai)"", ""category"": ""Beverage"", ""quantity"": 1, ""unit_price"": 26000, ""subtotal"": 26000}, {""item_id"": ""ITEM-303"", ""name"": ""Ghormeh Sabzi"", ""category"": ""Main Course"", ""quantity"": 3, ""unit_price"": 233000, ""subtotal"": 699000}, {""item_id"": ""ITEM-105"", ""name"": ""Salad Shirazi"", ""category"": ""Starter"", ""quantity"": 3, ""unit_price"": 54000, ""subtotal"": 162000}, {""item_id"": ""ITEM-502"", ""name"": ""Faloodeh Shirazi"", ""category"": ""Dessert"", ""quantity"": 1, ""unit_price"": 68000, ""subtotal"": 68000}]",988000.0,card,completed,2026-02-25T19:30:10.476643
ORD-20260225-980155,2026-02-25T20:03:12.476643,ZAF-ISF-001,CUST-10384,dine_in,"[{""item_id"": ""ITEM-205"", ""name"": ""Baghali Polo"", ""category"": ""Main Course"", ""quantity"": 2, ""unit_price"": 118000, ""subtotal"": 236000}, {""item_id"": ""ITEM-502"", ""name"": ""Faloodeh Shirazi"", ""category"": ""Dessert"", ""quantity"": 1, ""unit_price"": 65000, ""subtotal"": 65000}]",301000.0,wallet,completed,2026-02-25T20:03:12.476643
ORD-20260225-599401,2026-02-25T20:16:48.476643,ZAF-THR-001,CUST-10026,delivery,"[{""item_id"": ""ITEM-305"", ""name"": ""Zereshk Polo ba Morgh"", ""category"": ""Main Course"", ""quantity"": 2, ""unit_price"": 233000, ""subtotal"": 466000}, {""item_id"": ""ITEM-303"", ""name"": ""Ghormeh Sabzi"", ""category"": ""Main Course"", ""quantity"": 2, ""unit_price"": 233000, ""subtotal"": 466000}]",932000.0,wallet,delivered,2026-02-25T20:16:48.476643
ORD-20260226-646571,2026-02-26T12:32:18.476643,ZAF-THR-002,CUST-10417,dine_in,"[{""item_id"": ""ITEM-301"", ""name"": ""Chelo Kabab Koobideh"", ""category"": ""Main Course"", ""quantity"": 2, ""unit_price"": 295000, ""subtotal"": 590000}, {""item_id"": ""ITEM-402"", ""name"": ""Barbari Bread"", ""category"": ""Bread"", ""quantity"": 1, ""unit_price"": 21000, ""subtotal"": 21000}, {""item_id"": ""ITEM-403"", ""name"": ""Lavash Bread"", ""category"": ""Bread"", ""quantity"": 2, ""unit_price"": 15000, ""subtotal"": 30000}, {""item_id"": ""ITEM-601"", ""name"": ""Doogh"", ""category"": ""Beverage"", ""quantity"": 1, ""unit_price"": 34000, ""subtotal"": 34000}, {""item_id"": ""ITEM-502"", ""name"": ""Faloodeh Shirazi"", ""category"": ""Dessert"", ""quantity"": 3, ""unit_price"": 64000, ""subtotal"": 192000}]",867000.0,card,completed,2026-02-26T12:32:18.476643
ORD-20260226-941403,2026-02-26T13:38:14.476643,ZAF-THR-001,CUST-10269,takeaway,"[{""item_id"": ""ITEM-101"", ""name"": ""Mast-o Khiar"", ""category"": ""Starter"", ""quantity"": 1, ""unit_price"": 66000, ""subtotal"": 66000}, {""item_id"": ""ITEM-301"", ""name"": ""Chelo Kabab Koobideh"", ""category"": ""Main Course"", ""quantity"": 2, ""unit_price"": 277000, ""subtotal"": 554000}, {""item_id"": ""ITEM-403"", ""name"": ""Lavash Bread"", ""category"": ""Bread"", ""quantity"": 3, ""unit_price"": 14000, ""subtotal"": 42000}, {""item_id"": ""ITEM-202"", ""name"": ""Adas Polo"", ""category"": ""Main Course"", ""quantity"": 1, ""unit_price"": 135000, ""subtotal"": 135000}]",797000.0,cash,delivered,2026-02-26T13:38:14.476643
ORD-20260226-172103,2026-02-26T15:33:00.476643,ZAF-THR-002,CUST-10167,takeaway,"[{""item_id"": ""ITEM-303"", ""name"": ""Ghormeh Sabzi"", ""category"": ""Main Course"", ""quantity"": 3, ""unit_price"": 250000, ""subtotal"": 750000}, {""item_id"": ""ITEM-201"", ""name"": ""Kuku Sabzi"", ""category"": ""Main Course"", ""quantity"": 2, ""unit_price"": 126000, ""subtotal"": 252000}, {""item_id"": ""ITEM-104"", ""name"": ""Dolme Barg"", ""category"": ""Starter"", ""quantity"": 2, ""unit_price"": 113000, ""subtotal"": 226000}, {""item_id"": ""ITEM-105"", ""name"": ""Salad Shirazi"", ""category"": ""Starter"", ""quantity"": 3, ""unit_price"": 55000, ""subtotal"": 165000}]",1393000.0,cash,delivered,2026-02-26T15:33:00.476643
ORD-20260226-483349,2026-02-26T18:58:43.476643,ZAF-ISF-001,CUST-10454,takeaway,"[{""item_id"": ""ITEM-104"", ""name"": ""Dolme Barg"", ""category"": ""Starter"", ""quantity"": 2, ""unit_price"": 109000, ""subtotal"": 218000}]",218000.0,wallet,delivered,2026-02-26T18:58:43.476643
ORD-20260226-883997,2026-02-26T22:21:22.476643,ZAF-SHZ-001,CUST-10213,delivery,"[{""item_id"": ""ITEM-604"", ""name"": ""Sharbat-e Ablimoo"", ""category"": ""Beverage"", ""quantity"": 1, ""unit_price"": 37000, ""subtotal"": 37000}]",37000.0,wallet,delivered,2026-02-26T22:21:22.476643
ORD-20260227-203540,2026-02-27T19:20:11.476643,ZAF-THR-001,CUST-10365,takeaway,"[{""item_id"": ""ITEM-205"", ""name"": ""Baghali Polo"", ""category"": ""Main Course"", ""quantity"": 2, ""unit_price"": 110000, ""subtotal"": 220000}]",220000.0,cash,completed,2026-02-27T19:20:11.476643
ORD-20260227-409369,2026-02-27T20:07:29.476643,ZAF-ISF-001,CUST-10081,takeaway,"[{""item_id"": ""ITEM-502"", ""name"": ""Faloodeh Shirazi"", ""category"": ""Dessert"", ""quantity"": 2, ""unit_price"": 65000, ""subtotal"": 130000}, {""item_id"": ""ITEM-307"", ""name"": ""Abgoosht (Dizi)"", ""category"": ""Main Course"", ""quantity"": 3, ""unit_price"": 202000, ""subtotal"": 606000}, {""item_id"": ""ITEM-503"", ""name"": ""Sholeh Zard"", ""category"": ""Dessert"", ""quantity"": 1, ""unit_price"": 54000, ""subtotal"": 54000}, {""item_id"": ""ITEM-601"", ""name"": ""Doogh"", ""category"": ""Beverage"", ""quantity"": 3, ""unit_price"": 35000, ""subtotal"": 105000}]",895000.0,wallet,delivered,2026-02-27T20:07:29.476643
ORD-20260227-948188,2026-02-27T20:30:37.476643,ZAF-THR-002,CUST-10293,delivery,"[{""item_id"": ""ITEM-502"", ""name"": ""Faloodeh Shirazi"", ""category"": ""Dessert"", ""quantity"": 2, ""unit_price"": 64000, ""subtotal"": 128000}]",128000.0,wallet,delivered,2026-02-27T20:30:37.476643
ORD-20260227-521195,2026-02-27T22:28:03.476643,ZAF-ISF-001,CUST-10312,dine_in,"[{""item_id"": ""ITEM-103"", ""name"": ""Mirza Ghasemi"", ""category"": ""Starter"", ""quantity"": 3, ""unit_price"": 87000, ""subtotal"": 261000}, {""item_id"": ""ITEM-104"", ""name"": ""Dolme Barg"", ""category"": ""Starter"", ""quantity"": 1, ""unit_price"": 109000, ""subtotal"": 109000}, {""item_id"": ""ITEM-502"", ""name"": ""Faloodeh Shirazi"", ""category"": ""Dessert"", ""quantity"": 2, ""unit_price"": 65000, ""subtotal"": 130000}, {""item_id"": ""ITEM-102"", ""name"": ""Kashke Bademjan"", ""category"": ""Starter"", ""quantity"": 2, ""unit_price"": 97000, ""subtotal"": 194000}]",694000.0,wallet,completed,2026-02-27T22:28:03.476643
ORD-20260228-449555,2026-02-28T15:06:35.476643,ZAF-MSH-001,CUST-10197,dine_in,"[{""item_id"": ""ITEM-204"", ""name"": ""Sabzi Polo"", ""category"": ""Main Course"", ""quantity"": 3, ""unit_price"": 92000, ""subtotal"": 276000}, {""item_id"": ""ITEM-504"", ""name"": ""Zoolbia Bamieh"", ""category"": ""Dessert"", ""quantity"": 3, ""unit_price"": 62000, ""subtotal"": 186000}, {""item_id"": ""ITEM-604"", ""name"": ""Sharbat-e Ablimoo"", ""category"": ""Beverage"", ""quantity"": 1, ""unit_price"": 39000, ""subtotal"": 39000}]",501000.0,wallet,delivered,2026-02-28T15:06:35.476643
ORD-20260228-486028,2026-02-28T15:22:28.476643,ZAF-SHZ-001,CUST-10256,delivery,"[{""item_id"": ""ITEM-603"", ""name"": ""Persian Tea (Chai)"", ""category"": ""Beverage"", ""quantity"": 3, ""unit_price"": 26000, ""subtotal"": 78000}, {""item_id"": ""ITEM-104"", ""name"": ""Dolme Barg"", ""category"": ""Starter"", ""quantity"": 3, ""unit_price"": 110000, ""subtotal"": 330000}, {""item_id"": ""ITEM-306"", ""name"": ""Tahchin Morgh"", ""category"": ""Main Course"", ""quantity"": 2, ""unit_price"": 228000, ""subtotal"": 456000}, {""item_id"": ""ITEM-503"", ""name"": ""Sholeh Zard"", ""category"": ""Dessert"", ""quantity"": 2, ""unit_price"": 53000, ""subtotal"": 106000}, {""item_id"": ""ITEM-401"", ""name"": ""Sangak Bread"", ""category"": ""Bread"", ""quantity"": 3, ""unit_price"": 26000, ""subtotal"": 78000}]",1048000.0,wallet,delivered,2026-02-28T15:22:28.476643
ORD-20260228-998348,2026-02-28T16:26:21.476643,ZAF-TBZ-001,CUST-10238,delivery,"[{""item_id"": ""ITEM-102"", ""name"": ""Kashke Bademjan"", ""category"": ""Starter"", ""quantity"": 2, ""unit_price"": 92000, ""subtotal"": 184000}, {""item_id"": ""ITEM-202"", ""name"": ""Adas Polo"", ""category"": ""Main Course"", ""quantity"": 3, ""unit_price"": 131000, ""subtotal"": 393000}, {""item_id"": ""ITEM-603"", ""name"": ""Persian Tea (Chai)"", ""category"": ""Beverage"", ""quantity"": 3, ""unit_price"": 26000, ""subtotal"": 78000}, {""item_id"": ""ITEM-304"", ""name"": ""Fesenjan"", ""category"": ""Main Course"", ""quantity"": 1, ""unit_price"": 265000, ""subtotal"": 265000}]",920000.0,card,completed,2026-02-28T16:26:21.476643
ORD-20260228-721418,2026-02-28T17:04:12.476643,ZAF-THR-001,CUST-10324,delivery,"[{""item_id"": ""ITEM-202"", ""name"": ""Adas Polo"", ""category"": ""Main Course"", ""quantity"": 1, ""unit_price"": 135000, ""subtotal"": 135000}, {""item_id"": ""ITEM-105"", ""name"": ""Salad Shirazi"", ""category"": ""Starter"", ""quantity"": 1, ""unit_price"": 56000, ""subtotal"": 56000}]",191000.0,cash,delivered,2026-02-28T17:04:12.476643
ORD-20260228-301170,2026-02-28T19:08:47.476643,ZAF-THR-001,CUST-10065,delivery,"[{""item_id"": ""ITEM-402"", ""name"": ""Barbari Bread"", ""category"": ""Bread"", ""quantity"": 3, ""unit_price"": 23000, ""subtotal"": 69000}, {""item_id"": ""ITEM-604"", ""name"": ""Sharbat-e Ablimoo"", ""category"": ""Beverage"", ""quantity"": 3, ""unit_price"": 36000, ""subtotal"": 108000}, {""item_id"": ""ITEM-203"", ""name"": ""Ash Reshteh"", ""category"": ""Main Course"", ""quantity"": 2, ""unit_price"": 101000, ""subtotal"": 202000}]",379000.0,cash,completed,2026-02-28T19:08:47.476643
ORD-20260228-891930,2026-02-28T19:48:24.476643,ZAF-THR-001,CUST-10003,dine_in,"[{""item_id"": ""ITEM-501"", ""name"": ""Bastani Sonnati"", ""category"": ""Dessert"", ""quantity"": 3, ""unit_price"": 77000, ""subtotal"": 231000}, {""item_id"": ""ITEM-204"", ""name"": ""Sabzi Polo"", ""category"": ""Main Course"", ""quantity"": 2, ""unit_price"": 94000, ""subtotal"": 188000}, {""item_id"": ""ITEM-304"", ""name"": ""Fesenjan"", ""category"": ""Main Course"", ""quantity"": 3, ""unit_price"": 262000, ""subtotal"": 786000}, {""item_id"": ""ITEM-201"", ""name"": ""Kuku Sabzi"", ""category"": ""Main Course"", ""quantity"": 3, ""unit_price"": 122000, ""subtotal"": 366000}]",1571000.0,cash,delivered,2026-02-28T19:48:24.476643
ORD-20260228-706007,2026-02-28T22:34:25.476643,ZAF-THR-002,CUST-10495,dine_in,"[{""item_id"": ""ITEM-603"", ""name"": ""Persian Tea (Chai)"", ""category"": ""Beverage"", ""quantity"": 2, ""unit_price"": 25000, ""subtotal"": 50000}, {""item_id"": ""ITEM-202"", ""name"": ""Adas Polo"", ""category"": ""Main Course"", ""quantity"": 2, ""unit_price"": 128000, ""subtotal"": 256000}, {""item_id"": ""ITEM-306"", ""name"": ""Tahchin Morgh"", ""category"": ""Main Course"", ""quantity"": 2, ""unit_price"": 215000, ""subtotal"": 430000}, {""item_id"": ""ITEM-204"", ""name"": ""Sabzi Polo"", ""category"": ""Main Course"", ""quantity"": 3, ""unit_price"": 98000, ""subtotal"": 294000}]",1030000.0,wallet,completed,2026-02-28T22:34:25.476643
ORD-20260301-255813,2026-03-01T14:49:50.476643,ZAF-SHZ-001,CUST-10174,takeaway,"[{""item_id"": ""ITEM-204"", ""name"": ""Sabzi Polo"", ""category"": ""Main Course"", ""quantity"": 2, ""unit_price"": 98000, ""subtotal"": 196000}, {""item_id"": ""ITEM-603"", ""name"": ""Persian Tea (Chai)"", ""category"": ""Beverage"", ""quantity"": 3, ""unit_price"": 26000, ""subtotal"": 78000}, {""item_id"": ""ITEM-101"", ""name"": ""Mast-o Khiar"", ""category"": ""Starter"", ""quantity"": 3, ""unit_price"": 64000, ""subtotal"": 192000}, {""item_id"": ""ITEM-205"", ""name"": ""Baghali Polo"", ""category"": ""Main Course"", ""quantity"": 3, ""unit_price"": 114000, ""subtotal"": 342000}, {""item_id"": ""ITEM-504"", ""name"": ""Zoolbia Bamieh"", ""category"": ""Dessert"", ""quantity"": 2, ""unit_price"": 60000, ""subtotal"": 120000}]",928000.0,wallet,completed,2026-03-01T14:49:50.476643
ORD-20260301-963752,2026-03-01T19:51:33.476643,ZAF-SHZ-001,CUST-10218,takeaway,"[{""item_id"": ""ITEM-302"", ""name"": ""Joojeh Kabab"", ""category"": ""Main Course"", ""quantity"": 1, ""unit_price"": 257000, ""subtotal"": 257000}, {""item_id"": ""ITEM-602"", ""name"": ""Sharbat-e Sekanjebin"", ""category"": ""Beverage"", ""quantity"": 3, ""unit_price"": 42000, ""subtotal"": 126000}]",383000.0,wallet,completed,2026-03-01T19:51:33.476643
ORD-20260301-708792,2026-03-01T22:17:22.476643,ZAF-MSH-001,CUST-10260,takeaway,"[{""item_id"": ""ITEM-502"", ""name"": ""Faloodeh Shirazi"", ""category"": ""Dessert"", ""quantity"": 1, ""unit_price"": 66000, ""subtotal"": 66000}, {""item_id"": ""ITEM-603"", ""name"": ""Persian Tea (Chai)"", ""category"": ""Beverage"", ""quantity"": 1, ""unit_price"": 24000, ""subtotal"": 24000}, {""item_id"": ""ITEM-401"", ""name"": ""Sangak Bread"", ""category"": ""Bread"", ""quantity"": 2, ""unit_price"": 25000, ""subtotal"": 50000}, {""item_id"": ""ITEM-301"", ""name"": ""Chelo Kabab Koobideh"", ""category"": ""Main Course"", ""quantity"": 1, ""unit_price"": 299000, ""subtotal"": 299000}]",439000.0,cash,delivered,2026-03-01T22:17:22.476643
ORD-20260301-102973,2026-03-01T22:35:13.476643,ZAF-TBZ-001,CUST-10110,takeaway,"[{""item_id"": ""ITEM-301"", ""name"": ""Chelo Kabab Koobideh"", ""category"": ""Main Course"", ""quantity"": 1, ""unit_price"": 293000, ""subtotal"": 293000}, {""item_id"": ""ITEM-601"", ""name"": ""Doogh"", ""category"": ""Beverage"", ""quantity"": 3, ""unit_price"": 33000, ""subtotal"": 99000}]",392000.0,cash,delivered,2026-03-01T22:35:13.476643
ORD-20260302-371212,2026-03-02T10:11:50.476643,ZAF-ISF-001,CUST-10285,takeaway,"[{""item_id"": ""ITEM-402"", ""name"": ""Barbari Bread"", ""category"": ""Bread"", ""quantity"": 1, ""unit_price"": 22000, ""subtotal"": 22000}]",22000.0,card,completed,2026-03-02T10:11:50.476643
ORD-20260302-148026,2026-03-02T10:47:09.476643,ZAF-SHZ-001,CUST-10334,dine_in,"[{""item_id"": ""ITEM-306"", ""name"": ""Tahchin Morgh"", ""category"": ""Main Course"", ""quantity"": 3, ""unit_price"": 228000, ""subtotal"": 684000}]",684000.0,wallet,delivered,2026-03-02T10:47:09.476643
ORD-20260302-514664,2026-03-02T11:10:21.476643,ZAF-THR-002,CUST-10160,takeaway,"[{""item_id"": ""ITEM-501"", ""name"": ""Bastani Sonnati"", ""category"": ""Dessert"", ""quantity"": 2, ""unit_price"": 76000, ""subtotal"": 152000}, {""item_id"": ""ITEM-205"", ""name"": ""Baghali Polo"", ""category"": ""Main Course"", ""quantity"": 3, ""unit_price"": 116000, ""subtotal"": 348000}, {""item_id"": ""ITEM-503"", ""name"": ""Sholeh Zard"", ""category"": ""Dessert"", ""quantity"": 3, ""unit_price"": 54000, ""subtotal"": 162000}]",662000.0,card,completed,2026-03-02T11:10:21.476643
ORD-20260302-131127,2026-03-02T15:01:35.476643,ZAF-THR-001,CUST-10072,dine_in,"[{""item_id"": ""ITEM-305"", ""name"": ""Zereshk Polo ba Morgh"", ""category"": ""Main Course"", ""quantity"": 3, ""unit_price"": 233000, ""subtotal"": 699000}, {""item_id"": ""ITEM-202"", ""name"": ""Adas Polo"", ""category"": ""Main Course"", ""quantity"": 2, ""unit_price"": 135000, ""subtotal"": 270000}, {""item_id"": ""ITEM-501"", ""name"": ""Bastani Sonnati"", ""category"": ""Dessert"", ""quantity"": 1, ""unit_price"": 77000, ""subtotal"": 77000}]",1046000.0,cash,completed,2026-03-02T15:01:35.476643
ORD-20260302-211834,2026-03-02T17:22:37.476643,ZAF-ISF-001,CUST-10327,dine_in,"[{""item_id"": ""ITEM-503"", ""name"": ""Sholeh Zard"", ""category"": ""Dessert"", ""quantity"": 2, ""unit_price"": 54000, ""subtotal"": 108000}, {""item_id"": ""ITEM-204"", ""name"": ""Sabzi Polo"", ""category"": ""Main Course"", ""quantity"": 1, ""unit_price"": 98000, ""subtotal"": 98000}, {""item_id"": ""ITEM-305"", ""name"": ""Zereshk Polo ba Morgh"", ""category"": ""Main Course"", ""quantity"": 2, ""unit_price"": 223000, ""subtotal"": 446000}, {""item_id"": ""ITEM-604"", ""name"": ""Sharbat-e Ablimoo"", ""category"": ""Beverage"", ""quantity"": 2, ""unit_price"": 40000, ""subtotal"": 80000}]",732000.0,card,completed,2026-03-02T17:22:37.476643
ORD-20260303-721990,2026-03-03T10:49:30.476643,ZAF-SHZ-001,CUST-10021,dine_in,"[{""item_id"": ""ITEM-104"", ""name"": ""Dolme Barg"", ""category"": ""Starter"", ""quantity"": 3, ""unit_price"": 110000, ""subtotal"": 330000}, {""item_id"": ""ITEM-102"", ""name"": ""Kashke Bademjan"", ""category"": ""Starter"", ""quantity"": 3, ""unit_price"": 92000, ""subtotal"": 276000}]",606000.0,card,delivered,2026-03-03T10:49:30.476643
ORD-20260303-651752,2026-03-03T13:33:06.476643,ZAF-THR-001,CUST-10371,delivery,"[{""item_id"": ""ITEM-401"", ""name"": ""Sangak Bread"", ""category"": ""Bread"", ""quantity"": 1, ""unit_price"": 25000, ""subtotal"": 25000}, {""item_id"": ""ITEM-303"", ""name"": ""Ghormeh Sabzi"", ""category"": ""Main Course"", ""quantity"": 1, ""unit_price"": 233000, ""subtotal"": 233000}]",258000.0,cash,delivered,2026-03-03T13:33:06.476643
ORD-20260303-841521,2026-03-03T20:03:48.476643,ZAF-THR-001,CUST-10211,dine_in,"[{""item_id"": ""ITEM-603"", ""name"": ""Persian Tea (Chai)"", ""category"": ""Beverage"", ""quantity"": 1, ""unit_price"": 24000, ""subtotal"": 24000}, {""item_id"": ""ITEM-501"", ""name"": ""Bastani Sonnati"", ""category"": ""Dessert"", ""quantity"": 1, ""unit_price"": 77000, ""subtotal"": 77000}]",101000.0,cash,delivered,2026-03-03T20:03:48.476643
ORD-20260303-866288,2026-03-03T21:20:50.476643,ZAF-SHZ-001,CUST-10088,delivery,"[{""item_id"": ""ITEM-603"", ""name"": ""Persian Tea (Chai)"", ""category"": ""Beverage"", ""quantity"": 3, ""unit_price"": 26000, ""subtotal"": 78000}, {""item_id"": ""ITEM-503"", ""name"": ""Sholeh Zard"", ""category"": ""Dessert"", ""quantity"": 3, ""unit_price"": 53000, ""subtotal"": 159000}, {""item_id"": ""ITEM-402"", ""name"": ""Barbari Bread"", ""category"": ""Bread"", ""quantity"": 2, ""unit_price"": 22000, ""subtotal"": 44000}, {""item_id"": ""ITEM-104"", ""name"": ""Dolme Barg"", ""category"": ""Starter"", ""quantity"": 1, ""unit_price"": 110000, ""subtotal"": 110000}]",391000.0,card,delivered,2026-03-03T21:20:50.476643
ORD-20260304-770905,2026-03-04T10:00:11.476643,ZAF-THR-001,CUST-10361,takeaway,"[{""item_id"": ""ITEM-205"", ""name"": ""Baghali Polo"", ""category"": ""Main Course"", ""quantity"": 2, ""unit_price"": 110000, ""subtotal"": 220000}, {""item_id"": ""ITEM-304"", ""name"": ""Fesenjan"", ""category"": ""Main Course"", ""quantity"": 3, ""unit_price"": 262000, ""subtotal"": 786000}, {""item_id"": ""ITEM-503"", ""name"": ""Sholeh Zard"", ""category"": ""Dessert"", ""quantity"": 1, ""unit_price"": 54000, ""subtotal"": 54000}, {""item_id"": ""ITEM-602"", ""name"": ""Sharbat-e Sekanjebin"", ""category"": ""Beverage"", ""quantity"": 1, ""unit_price"": 39000, ""subtotal"": 39000}, {""item_id"": ""ITEM-601"", ""name"": ""Doogh"", ""category"": ""Beverage"", ""quantity"": 1, ""unit_price"": 37000, ""subtotal"": 37000}]",1136000.0,wallet,completed,2026-03-04T10:00:11.476643
ORD-20260304-770030,2026-03-04T10:41:49.476643,ZAF-TBZ-001,CUST-10135,dine_in,"[{""item_id"": ""ITEM-601"", ""name"": ""Doogh"", ""category"": ""Beverage"", ""quantity"": 2, ""unit_price"": 33000, ""subtotal"": 66000}, {""item_id"": ""ITEM-402"", ""name"": ""Barbari Bread"", ""category"": ""Bread"", ""quantity"": 3, ""unit_price"": 22000, ""subtotal"": 66000}]",132000.0,card,completed,2026-03-04T10:41:49.476643
ORD-20260304-714094,2026-03-04T14:05:24.476643,ZAF-THR-001,CUST-10141,dine_in,"[{""item_id"": ""ITEM-301"", ""name"": ""Chelo Kabab Koobideh"", ""category"": ""Main Course"", ""quantity"": 1, ""unit_price"": 277000, ""subtotal"": 277000}]",277000.0,card,completed,2026-03-04T14:05:24.476643
ORD-20260304-999908,2026-03-04T15:25:29.476643,ZAF-TBZ-001,CUST-10124,delivery,"[{""item_id"": ""ITEM-205"", ""name"": ""Baghali Polo"", ""category"": ""Main Course"", ""quantity"": 1, ""unit_price"": 115000, ""subtotal"": 115000}, {""item_id"": ""ITEM-502"", ""name"": ""Faloodeh Shirazi"", ""category"": ""Dessert"", ""quantity"": 3, ""unit_price"": 68000, ""subtotal"": 204000}]",319000.0,cash,delivered,2026-03-04T15:25:29.476643
ORD-20260304-386814,2026-03-04T17:21:40.476643,ZAF-THR-002,CUST-10160,dine_in,"[{""item_id"": ""ITEM-101"", ""name"": ""Mast-o Khiar"", ""category"": ""Starter"", ""quantity"": 2, ""unit_price"": 67000, ""subtotal"": 134000}]",134000.0,cash,delivered,2026-03-04T17:21:40.476643
ORD-20260304-142627,2026-03-04T17:51:40.476643,ZAF-THR-001,CUST-10184,delivery,"[{""item_id"": ""ITEM-504"", ""name"": ""Zoolbia Bamieh"", ""category"": ""Dessert"", ""quantity"": 3, ""unit_price"": 58000, ""subtotal"": 174000}, {""item_id"": ""ITEM-304"", ""name"": ""Fesenjan"", ""category"": ""Main Course"", ""quantity"": 1, ""unit_price"": 262000, ""subtotal"": 262000}, {""item_id"": ""ITEM-603"", ""name"": ""Persian Tea (Chai)"", ""category"": ""Beverage"", ""quantity"": 3, ""unit_price"": 24000, ""subtotal"": 72000}, {""item_id"": ""ITEM-302"", ""name"": ""Joojeh Kabab"", ""category"": ""Main Course"", ""quantity"": 2, ""unit_price"": 260000, ""subtotal"": 520000}, {""item_id"": ""ITEM-602"", ""name"": ""Sharbat-e Sekanjebin"", ""category"": ""Beverage"", ""quantity"": 3, ""unit_price"": 39000, ""subtotal"": 117000}]",1145000.0,cash,completed,2026-03-04T17:51:40.476643
ORD-20260304-752596,2026-03-04T17:53:45.476643,ZAF-MSH-001,CUST-10245,takeaway,"[{""item_id"": ""ITEM-501"", ""name"": ""Bastani Sonnati"", ""category"": ""Dessert"", ""quantity"": 1, ""unit_price"": 72000, ""subtotal"": 72000}, {""item_id"": ""ITEM-204"", ""name"": ""Sabzi Polo"", ""category"": ""Main Course"", ""quantity"": 2, ""unit_price"": 92000, ""subtotal"": 184000}, {""item_id"": ""ITEM-403"", ""name"": ""Lavash Bread"", ""category"": ""Bread"", ""quantity"": 1, ""unit_price"": 15000, ""subtotal"": 15000}, {""item_id"": ""ITEM-502"", ""name"": ""Faloodeh Shirazi"", ""category"": ""Dessert"", ""quantity"": 3, ""unit_price"": 66000, ""subtotal"": 198000}]",469000.0,card,delivered,2026-03-04T17:53:45.476643
ORD-20260304-771394,2026-03-04T19:02:46.476643,ZAF-SHZ-001,CUST-10476,takeaway,"[{""item_id"": ""ITEM-403"", ""name"": ""Lavash Bread"", ""category"": ""Bread"", ""quantity"": 3, ""unit_price"": 15000, ""subtotal"": 45000}, {""item_id"": ""ITEM-501"", ""name"": ""Bastani Sonnati"", ""category"": ""Dessert"", ""quantity"": 3, ""unit_price"": 73000, ""subtotal"": 219000}, {""item_id"": ""ITEM-307"", ""name"": ""Abgoosht (Dizi)"", ""category"": ""Main Course"", ""quantity"": 1, ""unit_price"": 185000, ""subtotal"": 185000}, {""item_id"": ""ITEM-205"", ""name"": ""Baghali Polo"", ""category"": ""Main Course"", ""quantity"": 1, ""unit_price"": 114000, ""subtotal"": 114000}]",563000.0,card,delivered,2026-03-04T19:02:46.476643
ORD-20260305-688967,2026-03-05T11:27:06.476643,ZAF-MSH-001,CUST-10378,takeaway,"[{""item_id"": ""ITEM-602"", ""name"": ""Sharbat-e Sekanjebin"", ""category"": ""Beverage"", ""quantity"": 1, ""unit_price"": 38000, ""subtotal"": 38000}, {""item_id"": ""ITEM-105"", ""name"": ""Salad Shirazi"", ""category"": ""Starter"", ""quantity"": 3, ""unit_price"": 55000, ""subtotal"": 165000}, {""item_id"": ""ITEM-401"", ""name"": ""Sangak Bread"", ""category"": ""Bread"", ""quantity"": 3, ""unit_price"": 25000, ""subtotal"": 75000}]",278000.0,wallet,delivered,2026-03-05T11:27:06.476643
ORD-20260305-594078,2026-03-05T11:47:03.476643,ZAF-THR-002,CUST-10485,dine_in,"[{""item_id"": ""ITEM-105"", ""name"": ""Salad Shirazi"", ""category"": ""Starter"", ""quantity"": 2, ""unit_price"": 55000, ""subtotal"": 110000}, {""item_id"": ""ITEM-604"", ""name"": ""Sharbat-e Ablimoo"", ""category"": ""Beverage"", ""quantity"": 3, ""unit_price"": 38000, ""subtotal"": 114000}, {""item_id"": ""ITEM-603"", ""name"": ""Persian Tea (Chai)"", ""category"": ""Beverage"", ""quantity"": 1, ""unit_price"": 25000, ""subtotal"": 25000}, {""item_id"": ""ITEM-205"", ""name"": ""Baghali Polo"", ""category"": ""Main Course"", ""quantity"": 2, ""unit_price"": 116000, ""subtotal"": 232000}, {""item_id"": ""ITEM-101"", ""name"": ""Mast-o Khiar"", ""category"": ""Starter"", ""quantity"": 2, ""unit_price"": 67000, ""subtotal"": 134000}]",615000.0,card,delivered,2026-03-05T11:47:03.476643
ORD-20260305-753484,2026-03-05T13:28:38.476643,ZAF-SHZ-001,CUST-10444,delivery,"[{""item_id"": ""ITEM-201"", ""name"": ""Kuku Sabzi"", ""category"": ""Main Course"", ""quantity"": 3, ""unit_price"": 115000, ""subtotal"": 345000}, {""item_id"": ""ITEM-203"", ""name"": ""Ash Reshteh"", ""category"": ""Main Course"", ""quantity"": 1, ""unit_price"": 106000, ""subtotal"": 106000}, {""item_id"": ""ITEM-603"", ""name"": ""Persian Tea (Chai)"", ""category"": ""Beverage"", ""quantity"": 3, ""unit_price"": 26000, ""subtotal"": 78000}, {""item_id"": ""ITEM-304"", ""name"": ""Fesenjan"", ""category"": ""Main Course"", ""quantity"": 1, ""unit_price"": 271000, ""subtotal"": 271000}]",800000.0,wallet,completed,2026-03-05T13:28:38.476643
ORD-20260305-614663,2026-03-05T13:46:26.476643,ZAF-SHZ-001,CUST-10284,takeaway,"[{""item_id"": ""ITEM-503"", ""name"": ""Sholeh Zard"", ""category"": ""Dessert"", ""quantity"": 3, ""unit_price"": 53000, ""subtotal"": 159000}, {""item_id"": ""ITEM-306"", ""name"": ""Tahchin Morgh"", ""category"": ""Main Course"", ""quantity"": 3, ""unit_price"": 228000, ""subtotal"": 684000}]",843000.0,cash,delivered,2026-03-05T13:46:26.476643
ORD-20260305-792244,2026-03-05T15:20:25.476643,ZAF-THR-002,CUST-10222,delivery,"[{""item_id"": ""ITEM-303"", ""name"": ""Ghormeh Sabzi"", ""category"": ""Main Course"", ""quantity"": 1, ""unit_price"": 250000, ""subtotal"": 250000}]",250000.0,cash,delivered,2026-03-05T15:20:25.476643
ORD-20260305-269999,2026-03-05T18:45:24.476643,ZAF-MSH-001,CUST-10405,dine_in,"[{""item_id"": ""ITEM-403"", ""name"": ""Lavash Bread"", ""category"": ""Bread"", ""quantity"": 1, ""unit_price"": 15000, ""subtotal"": 15000}, {""item_id"": ""ITEM-201"", ""name"": ""Kuku Sabzi"", ""category"": ""Main Course"", ""quantity"": 2, ""unit_price"": 117000, ""subtotal"": 234000}, {""item_id"": ""ITEM-303"", ""name"": ""Ghormeh Sabzi"", ""category"": ""Main Course"", ""quantity"": 3, ""unit_price"": 243000, ""subtotal"": 729000}, {""item_id"": ""ITEM-401"", ""name"": ""Sangak Bread"", ""category"": ""Bread"", ""quantity"": 3, ""unit_price"": 25000, ""subtotal"": 75000}, {""item_id"": ""ITEM-102"", ""name"": ""Kashke Bademjan"", ""category"": ""Starter"", ""quantity"": 1, ""unit_price"": 95000, ""subtotal"": 95000}]",1148000.0,cash,delivered,2026-03-05T18:45:24.476643
ORD-20260305-443254,2026-03-05T20:27:08.476643,ZAF-SHZ-001,CUST-10093,dine_in,"[{""item_id"": ""ITEM-204"", ""name"": ""Sabzi Polo"", ""category"": ""Main Course"", ""quantity"": 2, ""unit_price"": 98000, ""subtotal"": 196000}]",196000.0,card,completed,2026-03-05T20:27:08.476643
ORD-20260305-322086,2026-03-05T21:31:52.476643,ZAF-THR-001,CUST-10389,delivery,"[{""item_id"": ""ITEM-601"", ""name"": ""Doogh"", ""category"": ""Beverage"", ""quantity"": 1, ""unit_price"": 37000, ""subtotal"": 37000}, {""item_id"": ""ITEM-105"", ""name"": ""Salad Shirazi"", ""category"": ""Starter"", ""quantity"": 2, ""unit_price"": 56000, ""subtotal"": 112000}, {""item_id"": ""ITEM-502"", ""name"": ""Faloodeh Shirazi"", ""category"": ""Dessert"", ""quantity"": 3, ""unit_price"": 66000, ""subtotal"": 198000}, {""item_id"": ""ITEM-306"", ""name"": ""Tahchin Morgh"", ""category"": ""Main Course"", ""quantity"": 3, ""unit_price"": 221000, ""subtotal"": 663000}, {""item_id"": ""ITEM-401"", ""name"": ""Sangak Bread"", ""category"": ""Bread"", ""quantity"": 2, ""unit_price"": 25000, ""subtotal"": 50000}]",1060000.0,wallet,delivered,2026-03-05T21:31:52.476643
ORD-20260306-115208,2026-03-06T16:54:33.476643,ZAF-SHZ-001,CUST-10441,delivery,"[{""item_id"": ""ITEM-402"", ""name"": ""Barbari Bread"", ""category"": ""Bread"", ""quantity"": 2, ""unit_price"": 22000, ""subtotal"": 44000}, {""item_id"": ""ITEM-306"", ""name"": ""Tahchin Morgh"", ""category"": ""Main Course"", ""quantity"": 2, ""unit_price"": 228000, ""subtotal"": 456000}]",500000.0,card,delivered,2026-03-06T16:54:33.476643
ORD-20260306-992717,2026-03-06T22:43:54.476643,ZAF-ISF-001,CUST-10341,dine_in,"[{""item_id"": ""ITEM-503"", ""name"": ""Sholeh Zard"", ""category"": ""Dessert"", ""quantity"": 3, ""unit_price"": 54000, ""subtotal"": 162000}, {""item_id"": ""ITEM-103"", ""name"": ""Mirza Ghasemi"", ""category"": ""Starter"", ""quantity"": 2, ""unit_price"": 87000, ""subtotal"": 174000}, {""item_id"": ""ITEM-401"", ""name"": ""Sangak Bread"", ""category"": ""Bread"", ""quantity"": 2, ""unit_price"": 25000, ""subtotal"": 50000}]",386000.0,wallet,delivered,2026-03-06T22:43:54.476643
ORD-20260307-164329,2026-03-07T10:24:26.476643,ZAF-TBZ-001,CUST-10156,delivery,"[{""item_id"": ""ITEM-203"", ""name"": ""Ash Reshteh"", ""category"": ""Main Course"", ""quantity"": 2, ""unit_price"": 101000, ""subtotal"": 202000}, {""item_id"": ""ITEM-301"", ""name"": ""Chelo Kabab Koobideh"", ""category"": ""Main Course"", ""quantity"": 2, ""unit_price"": 293000, ""subtotal"": 586000}]",788000.0,card,delivered,2026-03-07T10:24:26.476643
ORD-20260307-219710,2026-03-07T14:20:44.476643,ZAF-MSH-001,CUST-10464,delivery,"[{""item_id"": ""ITEM-503"", ""name"": ""Sholeh Zard"", ""category"": ""Dessert"", ""quantity"": 1, ""unit_price"": 54000, ""subtotal"": 54000}, {""item_id"": ""ITEM-504"", ""name"": ""Zoolbia Bamieh"", ""category"": ""Dessert"", ""quantity"": 1, ""unit_price"": 62000, ""subtotal"": 62000}]",116000.0,card,completed,2026-03-07T14:20:44.476643
ORD-20260307-288301,2026-03-07T14:41:56.476643,ZAF-SHZ-001,CUST-10177,delivery,"[{""item_id"": ""ITEM-303"", ""name"": ""Ghormeh Sabzi"", ""category"": ""Main Course"", ""quantity"": 1, ""unit_price"": 257000, ""subtotal"": 257000}, {""item_id"": ""ITEM-403"", ""name"": ""Lavash Bread"", ""category"": ""Bread"", ""quantity"": 2, ""unit_price"": 15000, ""subtotal"": 30000}, {""item_id"": ""ITEM-603"", ""name"": ""Persian Tea (Chai)"", ""category"": ""Beverage"", ""quantity"": 1, ""unit_price"": 26000, ""subtotal"": 26000}]",313000.0,wallet,completed,2026-03-07T14:41:56.476643
ORD-20260307-780364,2026-03-07T15:52:21.476643,ZAF-THR-002,CUST-10058,dine_in,"[{""item_id"": ""ITEM-303"", ""name"": ""Ghormeh Sabzi"", ""category"": ""Main Course"", ""quantity"": 2, ""unit_price"": 250000, ""subtotal"": 500000}, {""item_id"": ""ITEM-305"", ""name"": ""Zereshk Polo ba Morgh"", ""category"": ""Main Course"", ""quantity"": 3, ""unit_price"": 224000, ""subtotal"": 672000}, {""item_id"": ""ITEM-204"", ""name"": ""Sabzi Polo"", ""category"": ""Main Course"", ""quantity"": 2, ""unit_price"": 98000, ""subtotal"": 196000}, {""item_id"": ""ITEM-603"", ""name"": ""Persian Tea (Chai)"", ""category"": ""Beverage"", ""quantity"": 2, ""unit_price"": 25000, ""subtotal"": 50000}]",1418000.0,cash,delivered,2026-03-07T15:52:21.476643
ORD-20260307-337232,2026-03-07T20:34:24.476643,ZAF-THR-002,CUST-10189,takeaway,"[{""item_id"": ""ITEM-302"", ""name"": ""Joojeh Kabab"", ""category"": ""Main Course"", ""quantity"": 2, ""unit_price"": 262000, ""subtotal"": 524000}, {""item_id"": ""ITEM-201"", ""name"": ""Kuku Sabzi"", ""category"": ""Main Course"", ""quantity"": 2, ""unit_price"": 126000, ""subtotal"": 252000}, {""item_id"": ""ITEM-305"", ""name"": ""Zereshk Polo ba Morgh"", ""category"": ""Main Course"", ""quantity"": 2, ""unit_price"": 224000, ""subtotal"": 448000}, {""item_id"": ""ITEM-102"", ""name"": ""Kashke Bademjan"", ""category"": ""Starter"", ""quantity"": 2, ""unit_price"": 96000, ""subtotal"": 192000}]",1416000.0,wallet,delivered,2026-03-07T20:34:24.476643
ORD-20260307-718990,2026-03-07T21:32:07.476643,ZAF-THR-002,CUST-10398,delivery,"[{""item_id"": ""ITEM-503"", ""name"": ""Sholeh Zard"", ""category"": ""Dessert"", ""quantity"": 2, ""unit_price"": 54000, ""subtotal"": 108000}, {""item_id"": ""ITEM-401"", ""name"": ""Sangak Bread"", ""category"": ""Bread"", ""quantity"": 2, ""unit_price"": 24000, ""subtotal"": 48000}, {""item_id"": ""ITEM-105"", ""name"": ""Salad Shirazi"", ""category"": ""Starter"", ""quantity"": 1, ""unit_price"": 55000, ""subtotal"": 55000}, {""item_id"": ""ITEM-303"", ""name"": ""Ghormeh Sabzi"", ""category"": ""Main Course"", ""quantity"": 1, ""unit_price"": 250000, ""subtotal"": 250000}, {""item_id"": ""ITEM-304"", ""name"": ""Fesenjan"", ""category"": ""Main Course"", ""quantity"": 2, ""unit_price"": 258000, ""subtotal"": 516000}]",977000.0,cash,completed,2026-03-07T21:32:07.476643
ORD-20260307-500189,2026-03-07T22:44:21.476643,ZAF-THR-002,CUST-10477,delivery,"[{""item_id"": ""ITEM-601"", ""name"": ""Doogh"", ""category"": ""Beverage"", ""quantity"": 2, ""unit_price"": 34000, ""subtotal"": 68000}, {""item_id"": ""ITEM-403"", ""name"": ""Lavash Bread"", ""category"": ""Bread"", ""quantity"": 3, ""unit_price"": 15000, ""subtotal"": 45000}, {""item_id"": ""ITEM-103"", ""name"": ""Mirza Ghasemi"", ""category"": ""Starter"", ""quantity"": 3, ""unit_price"": 93000, ""subtotal"": 279000}, {""item_id"": ""ITEM-501"", ""name"": ""Bastani Sonnati"", ""category"": ""Dessert"", ""quantity"": 3, ""unit_price"": 76000, ""subtotal"": 228000}, {""item_id"": ""ITEM-301"", ""name"": ""Chelo Kabab Koobideh"", ""category"": ""Main Course"", ""quantity"": 3, ""unit_price"": 295000, ""subtotal"": 885000}]",1505000.0,wallet,completed,2026-03-07T22:44:21.476643
ORD-20260308-196369,2026-03-08T10:29:22.476643,ZAF-THR-002,CUST-10070,delivery,"[{""item_id"": ""ITEM-302"", ""name"": ""Joojeh Kabab"", ""category"": ""Main Course"", ""quantity"": 1, ""unit_price"": 262000, ""subtotal"": 262000}, {""item_id"": ""ITEM-402"", ""name"": ""Barbari Bread"", ""category"": ""Bread"", ""quantity"": 2, ""unit_price"": 21000, ""subtotal"": 42000}, {""item_id"": ""ITEM-203"", ""name"": ""Ash Reshteh"", ""category"": ""Main Course"", ""quantity"": 2, ""unit_price"": 106000, ""subtotal"": 212000}]",516000.0,card,delivered,2026-03-08T10:29:22.476643
ORD-20260308-428497,2026-03-08T20:28:37.476643,ZAF-THR-001,CUST-10043,delivery,"[{""item_id"": ""ITEM-102"", ""name"": ""Kashke Bademjan"", ""category"": ""Starter"", ""quantity"": 2, ""unit_price"": 90000, ""subtotal"": 180000}]",180000.0,cash,delivered,2026-03-08T20:28:37.476643
ORD-20260309-535945,2026-03-09T12:41:23.476643,ZAF-ISF-001,CUST-10419,dine_in,"[{""item_id"": ""ITEM-104"", ""name"": ""Dolme Barg"", ""category"": ""Starter"", ""quantity"": 1, ""unit_price"": 109000, ""subtotal"": 109000}, {""item_id"": ""ITEM-604"", ""name"": ""Sharbat-e Ablimoo"", ""category"": ""Beverage"", ""quantity"": 2, ""unit_price"": 40000, ""subtotal"": 80000}]",189000.0,cash,completed,2026-03-09T12:41:23.476643
ORD-20260309-156978,2026-03-09T13:47:26.476643,ZAF-THR-002,CUST-10192,takeaway,"[{""item_id"": ""ITEM-103"", ""name"": ""Mirza Ghasemi"", ""category"": ""Starter"", ""quantity"": 3, ""unit_price"": 93000, ""subtotal"": 279000}, {""item_id"": ""ITEM-306"", ""name"": ""Tahchin Morgh"", ""category"": ""Main Course"", ""quantity"": 2, ""unit_price"": 215000, ""subtotal"": 430000}]",709000.0,cash,delivered,2026-03-09T13:47:26.476643
ORD-20260309-178463,2026-03-09T18:58:29.476643,ZAF-THR-001,CUST-10369,takeaway,"[{""item_id"": ""ITEM-304"", ""name"": ""Fesenjan"", ""category"": ""Main Course"", ""quantity"": 3, ""unit_price"": 262000, ""subtotal"": 786000}, {""item_id"": ""ITEM-604"", ""name"": ""Sharbat-e Ablimoo"", ""category"": ""Beverage"", ""quantity"": 1, ""unit_price"": 36000, ""subtotal"": 36000}]",822000.0,card,completed,2026-03-09T18:58:29.476643
ORD-20260309-860583,2026-03-09T19:48:00.476643,ZAF-TBZ-001,CUST-10111,dine_in,"[{""item_id"": ""ITEM-205"", ""name"": ""Baghali Polo"", ""category"": ""Main Course"", ""quantity"": 3, ""unit_price"": 115000, ""subtotal"": 345000}, {""item_id"": ""ITEM-201"", ""name"": ""Kuku Sabzi"", ""category"": ""Main Course"", ""quantity"": 1, ""unit_price"": 122000, ""subtotal"": 122000}]",467000.0,cash,completed,2026-03-09T19:48:00.476643
ORD-20260310-851690,2026-03-10T13:34:53.476643,ZAF-MSH-001,CUST-10449,takeaway,"[{""item_id"": ""ITEM-501"", ""name"": ""Bastani Sonnati"", ""category"": ""Dessert"", ""quantity"": 3, ""unit_price"": 72000, ""subtotal"": 216000}, {""item_id"": ""ITEM-603"", ""name"": ""Persian Tea (Chai)"", ""category"": ""Beverage"", ""quantity"": 1, ""unit_price"": 24000, ""subtotal"": 24000}, {""item_id"": ""ITEM-103"", ""name"": ""Mirza Ghasemi"", ""category"": ""Starter"", ""quantity"": 1, ""unit_price"": 88000, ""subtotal"": 88000}, {""item_id"": ""ITEM-504"", ""name"": ""Zoolbia Bamieh"", ""category"": ""Dessert"", ""quantity"": 2, ""unit_price"": 62000, ""subtotal"": 124000}]",452000.0,cash,delivered,2026-03-10T13:34:53.476643
ORD-20260310-185927,2026-03-10T15:33:37.476643,ZAF-THR-002,CUST-10421,dine_in,"[{""item_id"": ""ITEM-305"", ""name"": ""Zereshk Polo ba Morgh"", ""category"": ""Main Course"", ""quantity"": 3, ""unit_price"": 224000, ""subtotal"": 672000}, {""item_id"": ""ITEM-104"", ""name"": ""Dolme Barg"", ""category"": ""Starter"", ""quantity"": 2, ""unit_price"": 113000, ""subtotal"": 226000}, {""item_id"": ""ITEM-105"", ""name"": ""Salad Shirazi"", ""category"": ""Starter"", ""quantity"": 2, ""unit_price"": 55000, ""subtotal"": 110000}]",1008000.0,cash,completed,2026-03-10T15:33:37.476643
ORD-20260310-930244,2026-03-10T16:26:02.476643,ZAF-TBZ-001,CUST-10281,delivery,"[{""item_id"": ""ITEM-603"", ""name"": ""Persian Tea (Chai)"", ""category"": ""Beverage"", ""quantity"": 1, ""unit_price"": 26000, ""subtotal"": 26000}]",26000.0,wallet,completed,2026-03-10T16:26:02.476643
ORD-20260310-810830,2026-03-10T21:34:50.476643,ZAF-TBZ-001,CUST-10087,delivery,"[{""item_id"": ""ITEM-104"", ""name"": ""Dolme Barg"", ""category"": ""Starter"", ""quantity"": 3, ""unit_price"": 114000, ""subtotal"": 342000}, {""item_id"": ""ITEM-403"", ""name"": ""Lavash Bread"", ""category"": ""Bread"", ""quantity"": 3, ""unit_price"": 14000, ""subtotal"": 42000}, {""item_id"": ""ITEM-301"", ""name"": ""Chelo Kabab Koobideh"", ""category"": ""Main Course"", ""quantity"": 2, ""unit_price"": 293000, ""subtotal"": 586000}]",970000.0,cash,completed,2026-03-10T21:34:50.476643
ORD-20260311-361941,2026-03-11T13:12:12.476643,ZAF-TBZ-001,CUST-10229,dine_in,"[{""item_id"": ""ITEM-304"", ""name"": ""Fesenjan"", ""category"": ""Main Course"", ""quantity"": 2, ""unit_price"": 265000, ""subtotal"": 530000}, {""item_id"": ""ITEM-201"", ""name"": ""Kuku Sabzi"", ""category"": ""Main Course"", ""quantity"": 2, ""unit_price"": 122000, ""subtotal"": 244000}]",774000.0,card,delivered,2026-03-11T13:12:12.476643
ORD-20260311-697983,2026-03-11T16:08:56.476643,ZAF-ISF-001,CUST-10372,delivery,"[{""item_id"": ""ITEM-601"", ""name"": ""Doogh"", ""category"": ""Beverage"", ""quantity"": 1, ""unit_price"": 35000, ""subtotal"": 35000}, {""item_id"": ""ITEM-303"", ""name"": ""Ghormeh Sabzi"", ""category"": ""Main Course"", ""quantity"": 2, ""unit_price"": 240000, ""subtotal"": 480000}, {""item_id"": ""ITEM-302"", ""name"": ""Joojeh Kabab"", ""category"": ""Main Course"", ""quantity"": 1, ""unit_price"": 248000, ""subtotal"": 248000}]",763000.0,cash,completed,2026-03-11T16:08:56.476643
ORD-20260311-409698,2026-03-11T17:12:38.476643,ZAF-THR-002,CUST-10398,dine_in,"[{""item_id"": ""ITEM-603"", ""name"": ""Persian Tea (Chai)"", ""category"": ""Beverage"", ""quantity"": 2, ""unit_price"": 25000, ""subtotal"": 50000}, {""item_id"": ""ITEM-307"", ""name"": ""Abgoosht (Dizi)"", ""category"": ""Main Course"", ""quantity"": 3, ""unit_price"": 187000, ""subtotal"": 561000}, {""item_id"": ""ITEM-202"", ""name"": ""Adas Polo"", ""category"": ""Main Course"", ""quantity"": 2, ""unit_price"": 128000, ""subtotal"": 256000}]",867000.0,cash,completed,2026-03-11T17:12:38.476643
ORD-20260311-656932,2026-03-11T22:27:14.476643,ZAF-THR-002,CUST-10411,delivery,"[{""item_id"": ""ITEM-305"", ""name"": ""Zereshk Polo ba Morgh"", ""category"": ""Main Course"", ""quantity"": 1, ""unit_price"": 224000, ""subtotal"": 224000}, {""item_id"": ""ITEM-102"", ""name"": ""Kashke Bademjan"", ""category"": ""Starter"", ""quantity"": 2, ""unit_price"": 96000, ""subtotal"": 192000}, {""item_id"": ""ITEM-401"", ""name"": ""Sangak Bread"", ""category"": ""Bread"", ""quantity"": 1, ""unit_price"": 24000, ""subtotal"": 24000}, {""item_id"": ""ITEM-203"", ""name"": ""Ash Reshteh"", ""category"": ""Main Course"", ""quantity"": 2, ""unit_price"": 106000, ""subtotal"": 212000}, {""item_id"": ""ITEM-604"", ""name"": ""Sharbat-e Ablimoo"", ""category"": ""Beverage"", ""quantity"": 3, ""unit_price"": 38000, ""subtotal"": 114000}]",766000.0,wallet,completed,2026-03-11T22:27:14.476643
ORD-20260312-811259,2026-03-12T11:50:01.476643,ZAF-THR-002,CUST-10079,takeaway,"[{""item_id"": ""ITEM-307"", ""name"": ""Abgoosht (Dizi)"", ""category"": ""Main Course"", ""quantity"": 3, ""unit_price"": 187000, ""subtotal"": 561000}, {""item_id"": ""ITEM-101"", ""name"": ""Mast-o Khiar"", ""category"": ""Starter"", ""quantity"": 1, ""unit_price"": 67000, ""subtotal"": 67000}, {""item_id"": ""ITEM-601"", ""name"": ""Doogh"", ""category"": ""Beverage"", ""quantity"": 1, ""unit_price"": 34000, ""subtotal"": 34000}]",662000.0,card,delivered,2026-03-12T11:50:01.476643
ORD-20260312-125382,2026-03-12T20:26:27.476643,ZAF-ISF-001,CUST-10178,takeaway,"[{""item_id"": ""ITEM-301"", ""name"": ""Chelo Kabab Koobideh"", ""category"": ""Main Course"", ""quantity"": 3, ""unit_price"": 277000, ""subtotal"": 831000}, {""item_id"": ""ITEM-302"", ""name"": ""Joojeh Kabab"", ""category"": ""Main Course"", ""quantity"": 3, ""unit_price"": 248000, ""subtotal"": 744000}]",1575000.0,cash,completed,2026-03-12T20:26:27.476643
ORD-20260312-776185,2026-03-12T22:09:43.476643,ZAF-SHZ-001,CUST-10254,takeaway,"[{""item_id"": ""ITEM-201"", ""name"": ""Kuku Sabzi"", ""category"": ""Main Course"", ""quantity"": 1, ""unit_price"": 115000, ""subtotal"": 115000}, {""item_id"": ""ITEM-502"", ""name"": ""Faloodeh Shirazi"", ""category"": ""Dessert"", ""quantity"": 1, ""unit_price"": 66000, ""subtotal"": 66000}]",181000.0,card,delivered,2026-03-12T22:09:43.476643
ORD-20260313-421697,2026-03-13T11:34:10.476643,ZAF-ISF-001,CUST-10073,takeaway,"[{""item_id"": ""ITEM-204"", ""name"": ""Sabzi Polo"", ""category"": ""Main Course"", ""quantity"": 1, ""unit_price"": 98000, ""subtotal"": 98000}, {""item_id"": ""ITEM-601"", ""name"": ""Doogh"", ""category"": ""Beverage"", ""quantity"": 1, ""unit_price"": 35000, ""subtotal"": 35000}]",133000.0,wallet,delivered,2026-03-13T11:34:10.476643
ORD-20260313-474894,2026-03-13T11:54:48.476643,ZAF-THR-001,CUST-10004,takeaway,"[{""item_id"": ""ITEM-502"", ""name"": ""Faloodeh Shirazi"", ""category"": ""Dessert"", ""quantity"": 1, ""unit_price"": 66000, ""subtotal"": 66000}, {""item_id"": ""ITEM-501"", ""name"": ""Bastani Sonnati"", ""category"": ""Dessert"", ""quantity"": 2, ""unit_price"": 77000, ""subtotal"": 154000}]",220000.0,wallet,completed,2026-03-13T11:54:48.476643
ORD-20260313-766371,2026-03-13T12:23:44.476643,ZAF-THR-002,CUST-10261,delivery,"[{""item_id"": ""ITEM-304"", ""name"": ""Fesenjan"", ""category"": ""Main Course"", ""quantity"": 2, ""unit_price"": 258000, ""subtotal"": 516000}, {""item_id"": ""ITEM-403"", ""name"": ""Lavash Bread"", ""category"": ""Bread"", ""quantity"": 2, ""unit_price"": 15000, ""subtotal"": 30000}, {""item_id"": ""ITEM-105"", ""name"": ""Salad Shirazi"", ""category"": ""Starter"", ""quantity"": 1, ""unit_price"": 55000, ""subtotal"": 55000}, {""item_id"": ""ITEM-402"", ""name"": ""Barbari Bread"", ""category"": ""Bread"", ""quantity"": 2, ""unit_price"": 21000, ""subtotal"": 42000}]",643000.0,wallet,delivered,2026-03-13T12:23:44.476643
ORD-20260313-680990,2026-03-13T14:03:20.476643,ZAF-SHZ-001,CUST-10283,delivery,"[{""item_id"": ""ITEM-103"", ""name"": ""Mirza Ghasemi"", ""category"": ""Starter"", ""quantity"": 3, ""unit_price"": 94000, ""subtotal"": 282000}, {""item_id"": ""ITEM-306"", ""name"": ""Tahchin Morgh"", ""category"": ""Main Course"", ""quantity"": 1, ""unit_price"": 228000, ""subtotal"": 228000}, {""item_id"": ""ITEM-101"", ""name"": ""Mast-o Khiar"", ""category"": ""Starter"", ""quantity"": 1, ""unit_price"": 64000, ""subtotal"": 64000}, {""item_id"": ""ITEM-304"", ""name"": ""Fesenjan"", ""category"": ""Main Course"", ""quantity"": 2, ""unit_price"": 271000, ""subtotal"": 542000}]",1116000.0,wallet,delivered,2026-03-13T14:03:20.476643
ORD-20260313-532459,2026-03-13T14:04:24.476643,ZAF-MSH-001,CUST-10403,takeaway,"[{""item_id"": ""ITEM-502"", ""name"": ""Faloodeh Shirazi"", ""category"": ""Dessert"", ""quantity"": 1, ""unit_price"": 66000, ""subtotal"": 66000}, {""item_id"": ""ITEM-503"", ""name"": ""Sholeh Zard"", ""category"": ""Dessert"", ""quantity"": 2, ""unit_price"": 54000, ""subtotal"": 108000}]",174000.0,wallet,delivered,2026-03-13T14:04:24.476643
ORD-20260313-639292,2026-03-13T16:16:34.476643,ZAF-MSH-001,CUST-10144,delivery,"[{""item_id"": ""ITEM-307"", ""name"": ""Abgoosht (Dizi)"", ""category"": ""Main Course"", ""quantity"": 2, ""unit_price"": 192000, ""subtotal"": 384000}]",384000.0,card,completed,2026-03-13T16:16:34.476643
ORD-20260313-397917,2026-03-13T17:02:28.476643,ZAF-ISF-001,CUST-10363,dine_in,"[{""item_id"": ""ITEM-306"", ""name"": ""Tahchin Morgh"", ""category"": ""Main Course"", ""quantity"": 1, ""unit_price"": 230000, ""subtotal"": 230000}, {""item_id"": ""ITEM-305"", ""name"": ""Zereshk Polo ba Morgh"", ""category"": ""Main Course"", ""quantity"": 1, ""unit_price"": 223000, ""subtotal"": 223000}, {""item_id"": ""ITEM-104"", ""name"": ""Dolme Barg"", ""category"": ""Starter"", ""quantity"": 2, ""unit_price"": 109000, ""subtotal"": 218000}, {""item_id"": ""ITEM-604"", ""name"": ""Sharbat-e Ablimoo"", ""category"": ""Beverage"", ""quantity"": 1, ""unit_price"": 40000, ""subtotal"": 40000}, {""item_id"": ""ITEM-504"", ""name"": ""Zoolbia Bamieh"", ""category"": ""Dessert"", ""quantity"": 1, ""unit_price"": 58000, ""subtotal"": 58000}]",769000.0,cash,completed,2026-03-13T17:02:28.476643
ORD-20260313-546915,2026-03-13T17:38:51.476643,ZAF-TBZ-001,CUST-10112,takeaway,"[{""item_id"": ""ITEM-602"", ""name"": ""Sharbat-e Sekanjebin"", ""category"": ""Beverage"", ""quantity"": 1, ""unit_price"": 41000, ""subtotal"": 41000}]",41000.0,wallet,completed,2026-03-13T17:38:51.476643
ORD-20260313-268956,2026-03-13T17:43:30.476643,ZAF-SHZ-001,CUST-10107,dine_in,"[{""item_id"": ""ITEM-201"", ""name"": ""Kuku Sabzi"", ""category"": ""Main Course"", ""quantity"": 1, ""unit_price"": 115000, ""subtotal"": 115000}, {""item_id"": ""ITEM-501"", ""name"": ""Bastani Sonnati"", ""category"": ""Dessert"", ""quantity"": 1, ""unit_price"": 73000, ""subtotal"": 73000}, {""item_id"": ""ITEM-603"", ""name"": ""Persian Tea (Chai)"", ""category"": ""Beverage"", ""quantity"": 1, ""unit_price"": 26000, ""subtotal"": 26000}, {""item_id"": ""ITEM-304"", ""name"": ""Fesenjan"", ""category"": ""Main Course"", ""quantity"": 3, ""unit_price"": 271000, ""subtotal"": 813000}, {""item_id"": ""ITEM-101"", ""name"": ""Mast-o Khiar"", ""category"": ""Starter"", ""quantity"": 3, ""unit_price"": 64000, ""subtotal"": 192000}]",1219000.0,wallet,delivered,2026-03-13T17:43:30.476643
ORD-20260313-935981,2026-03-13T20:21:21.476643,ZAF-SHZ-001,CUST-10370,dine_in,"[{""item_id"": ""ITEM-403"", ""name"": ""Lavash Bread"", ""category"": ""Bread"", ""quantity"": 2, ""unit_price"": 15000, ""subtotal"": 30000}, {""item_id"": ""ITEM-101"", ""name"": ""Mast-o Khiar"", ""category"": ""Starter"", ""quantity"": 2, ""unit_price"": 64000, ""subtotal"": 128000}, {""item_id"": ""ITEM-603"", ""name"": ""Persian Tea (Chai)"", ""category"": ""Beverage"", ""quantity"": 3, ""unit_price"": 26000, ""subtotal"": 78000}, {""item_id"": ""ITEM-201"", ""name"": ""Kuku Sabzi"", ""category"": ""Main Course"", ""quantity"": 2, ""unit_price"": 115000, ""subtotal"": 230000}, {""item_id"": ""ITEM-202"", ""name"": ""Adas Polo"", ""category"": ""Main Course"", ""quantity"": 2, ""unit_price"": 125000, ""subtotal"": 250000}]",716000.0,wallet,delivered,2026-03-13T20:21:21.476643
ORD-20260313-584417,2026-03-13T22:25:55.476643,ZAF-TBZ-001,CUST-10422,takeaway,"[{""item_id"": ""ITEM-502"", ""name"": ""Faloodeh Shirazi"", ""category"": ""Dessert"", ""quantity"": 3, ""unit_price"": 68000, ""subtotal"": 204000}]",204000.0,cash,delivered,2026-03-13T22:25:55.476643
ORD-20260313-583100,2026-03-13T22:32:16.476643,ZAF-TBZ-001,CUST-10416,delivery,"[{""item_id"": ""ITEM-204"", ""name"": ""Sabzi Polo"", ""category"": ""Main Course"", ""quantity"": 2, ""unit_price"": 97000, ""subtotal"": 194000}, {""item_id"": ""ITEM-503"", ""name"": ""Sholeh Zard"", ""category"": ""Dessert"", ""quantity"": 1, ""unit_price"": 53000, ""subtotal"": 53000}, {""item_id"": ""ITEM-305"", ""name"": ""Zereshk Polo ba Morgh"", ""category"": ""Main Course"", ""quantity"": 2, ""unit_price"": 219000, ""subtotal"": 438000}, {""item_id"": ""ITEM-303"", ""name"": ""Ghormeh Sabzi"", ""category"": ""Main Course"", ""quantity"": 2, ""unit_price"": 233000, ""subtotal"": 466000}, {""item_id"": ""ITEM-402"", ""name"": ""Barbari Bread"", ""category"": ""Bread"", ""quantity"": 3, ""unit_price"": 22000, ""subtotal"": 66000}]",1217000.0,cash,completed,2026-03-13T22:32:16.476643
ORD-20260314-182423,2026-03-14T13:08:54.476643,ZAF-MSH-001,CUST-10072,takeaway,"[{""item_id"": ""ITEM-205"", ""name"": ""Baghali Polo"", ""category"": ""Main Course"", ""quantity"": 1, ""unit_price"": 113000, ""subtotal"": 113000}, {""item_id"": ""ITEM-105"", ""name"": ""Salad Shirazi"", ""category"": ""Starter"", ""quantity"": 1, ""unit_price"": 55000, ""subtotal"": 55000}]",168000.0,wallet,delivered,2026-03-14T13:08:54.476643
ORD-20260314-861260,2026-03-14T16:31:35.476643,ZAF-SHZ-001,CUST-10409,delivery,"[{""item_id"": ""ITEM-301"", ""name"": ""Chelo Kabab Koobideh"", ""category"": ""Main Course"", ""quantity"": 2, ""unit_price"": 273000, ""subtotal"": 546000}, {""item_id"": ""ITEM-601"", ""name"": ""Doogh"", ""category"": ""Beverage"", ""quantity"": 3, ""unit_price"": 35000, ""subtotal"": 105000}]",651000.0,card,delivered,2026-03-14T16:31:35.476643
ORD-20260314-543940,2026-03-14T22:28:11.476643,ZAF-THR-002,CUST-10497,dine_in,"[{""item_id"": ""ITEM-602"", ""name"": ""Sharbat-e Sekanjebin"", ""category"": ""Beverage"", ""quantity"": 1, ""unit_price"": 42000, ""subtotal"": 42000}, {""item_id"": ""ITEM-202"", ""name"": ""Adas Polo"", ""category"": ""Main Course"", ""quantity"": 1, ""unit_price"": 128000, ""subtotal"": 128000}]",170000.0,wallet,completed,2026-03-14T22:28:11.476643
ORD-20260314-953047,2026-03-14T22:51:15.476643,ZAF-THR-002,CUST-10415,dine_in,"[{""item_id"": ""ITEM-503"", ""name"": ""Sholeh Zard"", ""category"": ""Dessert"", ""quantity"": 2, ""unit_price"": 54000, ""subtotal"": 108000}, {""item_id"": ""ITEM-302"", ""name"": ""Joojeh Kabab"", ""category"": ""Main Course"", ""quantity"": 1, ""unit_price"": 262000, ""subtotal"": 262000}, {""item_id"": ""ITEM-604"", ""name"": ""Sharbat-e Ablimoo"", ""category"": ""Beverage"", ""quantity"": 3, ""unit_price"": 38000, ""subtotal"": 114000}, {""item_id"": ""ITEM-403"", ""name"": ""Lavash Bread"", ""category"": ""Bread"", ""quantity"": 1, ""unit_price"": 15000, ""subtotal"": 15000}, {""item_id"": ""ITEM-501"", ""name"": ""Bastani Sonnati"", ""category"": ""Dessert"", ""quantity"": 1, ""unit_price"": 76000, ""subtotal"": 76000}]",575000.0,cash,completed,2026-03-14T22:51:15.476643
ORD-20260315-471136,2026-03-15T10:29:03.476643,ZAF-THR-002,CUST-10473,dine_in,"[{""item_id"": ""ITEM-304"", ""name"": ""Fesenjan"", ""category"": ""Main Course"", ""quantity"": 1, ""unit_price"": 258000, ""subtotal"": 258000}, {""item_id"": ""ITEM-603"", ""name"": ""Persian Tea (Chai)"", ""category"": ""Beverage"", ""quantity"": 2, ""unit_price"": 25000, ""subtotal"": 50000}, {""item_id"": ""ITEM-504"", ""name"": ""Zoolbia Bamieh"", ""category"": ""Dessert"", ""quantity"": 3, ""unit_price"": 58000, ""subtotal"": 174000}, {""item_id"": ""ITEM-303"", ""name"": ""Ghormeh Sabzi"", ""category"": ""Main Course"", ""quantity"": 2, ""unit_price"": 250000, ""subtotal"": 500000}, {""item_id"": ""ITEM-306"", ""name"": ""Tahchin Morgh"", ""category"": ""Main Course"", ""quantity"": 1, ""unit_price"": 215000, ""subtotal"": 215000}]",1197000.0,cash,completed,2026-03-15T10:29:03.476643
ORD-20260315-745270,2026-03-15T14:28:15.476643,ZAF-THR-002,CUST-10049,takeaway,"[{""item_id"": ""ITEM-205"", ""name"": ""Baghali Polo"", ""category"": ""Main Course"", ""quantity"": 2, ""unit_price"": 116000, ""subtotal"": 232000}]",232000.0,cash,delivered,2026-03-15T14:28:15.476643
ORD-20260315-821933,2026-03-15T16:59:36.476643,ZAF-THR-002,CUST-10099,takeaway,"[{""item_id"": ""ITEM-204"", ""name"": ""Sabzi Polo"", ""category"": ""Main Course"", ""quantity"": 3, ""unit_price"": 98000, ""subtotal"": 294000}, {""item_id"": ""ITEM-601"", ""name"": ""Doogh"", ""category"": ""Beverage"", ""quantity"": 3, ""unit_price"": 34000, ""subtotal"": 102000}, {""item_id"": ""ITEM-504"", ""name"": ""Zoolbia Bamieh"", ""category"": ""Dessert"", ""quantity"": 2, ""unit_price"": 58000, ""subtotal"": 116000}, {""item_id"": ""ITEM-302"", ""name"": ""Joojeh Kabab"", ""category"": ""Main Course"", ""quantity"": 3, ""unit_price"": 262000, ""subtotal"": 786000}]",1298000.0,wallet,delivered,2026-03-15T16:59:36.476643
ORD-20260315-848831,2026-03-15T19:43:34.476643,ZAF-SHZ-001,CUST-10458,dine_in,"[{""item_id"": ""ITEM-603"", ""name"": ""Persian Tea (Chai)"", ""category"": ""Beverage"", ""quantity"": 1, ""unit_price"": 26000, ""subtotal"": 26000}, {""item_id"": ""ITEM-302"", ""name"": ""Joojeh Kabab"", ""category"": ""Main Course"", ""quantity"": 2, ""unit_price"": 257000, ""subtotal"": 514000}, {""item_id"": ""ITEM-601"", ""name"": ""Doogh"", ""category"": ""Beverage"", ""quantity"": 1, ""unit_price"": 35000, ""subtotal"": 35000}, {""item_id"": ""ITEM-602"", ""name"": ""Sharbat-e Sekanjebin"", ""category"": ""Beverage"", ""quantity"": 2, ""unit_price"": 42000, ""subtotal"": 84000}]",659000.0,card,completed,2026-03-15T19:43:34.476643
ORD-20260315-759531,2026-03-15T21:55:17.476643,ZAF-ISF-001,CUST-10269,delivery,"[{""item_id"": ""ITEM-307"", ""name"": ""Abgoosht (Dizi)"", ""category"": ""Main Course"", ""quantity"": 1, ""unit_price"": 202000, ""subtotal"": 202000}, {""item_id"": ""ITEM-202"", ""name"": ""Adas Polo"", ""category"": ""Main Course"", ""quantity"": 1, ""unit_price"": 131000, ""subtotal"": 131000}, {""item_id"": ""ITEM-503"", ""name"": ""Sholeh Zard"", ""category"": ""Dessert"", ""quantity"": 3, ""unit_price"": 54000, ""subtotal"": 162000}, {""item_id"": ""ITEM-403"", ""name"": ""Lavash Bread"", ""category"": ""Bread"", ""quantity"": 3, ""unit_price"": 15000, ""subtotal"": 45000}]",540000.0,cash,completed,2026-03-15T21:55:17.476643
ORD-20260316-386886,2026-03-16T11:24:42.476643,ZAF-TBZ-001,CUST-10310,takeaway,"[{""item_id"": ""ITEM-307"", ""name"": ""Abgoosht (Dizi)"", ""category"": ""Main Course"", ""quantity"": 3, ""unit_price"": 202000, ""subtotal"": 606000}, {""item_id"": ""ITEM-303"", ""name"": ""Ghormeh Sabzi"", ""category"": ""Main Course"", ""quantity"": 3, ""unit_price"": 233000, ""subtotal"": 699000}, {""item_id"": ""ITEM-304"", ""name"": ""Fesenjan"", ""category"": ""Main Course"", ""quantity"": 1, ""unit_price"": 265000, ""subtotal"": 265000}]",1570000.0,card,completed,2026-03-16T11:24:42.476643
ORD-20260316-128117,2026-03-16T12:00:12.476643,ZAF-THR-001,CUST-10417,dine_in,"[{""item_id"": ""ITEM-503"", ""name"": ""Sholeh Zard"", ""category"": ""Dessert"", ""quantity"": 1, ""unit_price"": 54000, ""subtotal"": 54000}]",54000.0,card,delivered,2026-03-16T12:00:12.476643
ORD-20260316-496119,2026-03-16T17:14:20.476643,ZAF-TBZ-001,CUST-10403,takeaway,"[{""item_id"": ""ITEM-602"", ""name"": ""Sharbat-e Sekanjebin"", ""category"": ""Beverage"", ""quantity"": 1, ""unit_price"": 41000, ""subtotal"": 41000}, {""item_id"": ""ITEM-305"", ""name"": ""Zereshk Polo ba Morgh"", ""category"": ""Main Course"", ""quantity"": 1, ""unit_price"": 219000, ""subtotal"": 219000}, {""item_id"": ""ITEM-504"", ""name"": ""Zoolbia Bamieh"", ""category"": ""Dessert"", ""quantity"": 3, ""unit_price"": 60000, ""subtotal"": 180000}]",440000.0,wallet,delivered,2026-03-16T17:14:20.476643
ORD-20260316-324597,2026-03-16T20:44:53.476643,ZAF-MSH-001,CUST-10350,takeaway,"[{""item_id"": ""ITEM-103"", ""name"": ""Mirza Ghasemi"", ""category"": ""Starter"", ""quantity"": 2, ""unit_price"": 88000, ""subtotal"": 176000}, {""item_id"": ""ITEM-501"", ""name"": ""Bastani Sonnati"", ""category"": ""Dessert"", ""quantity"": 1, ""unit_price"": 72000, ""subtotal"": 72000}, {""item_id"": ""ITEM-502"", ""name"": ""Faloodeh Shirazi"", ""category"": ""Dessert"", ""quantity"": 2, ""unit_price"": 66000, ""subtotal"": 132000}, {""item_id"": ""ITEM-304"", ""name"": ""Fesenjan"", ""category"": ""Main Course"", ""quantity"": 2, ""unit_price"": 270000, ""subtotal"": 540000}, {""item_id"": ""ITEM-307"", ""name"": ""Abgoosht (Dizi)"", ""category"": ""Main Course"", ""quantity"": 1, ""unit_price"": 192000, ""subtotal"": 192000}]",1112000.0,card,delivered,2026-03-16T20:44:53.476643
ORD-20260316-643269,2026-03-16T22:35:40.476643,ZAF-TBZ-001,CUST-10093,dine_in,"[{""item_id"": ""ITEM-304"", ""name"": ""Fesenjan"", ""category"": ""Main Course"", ""quantity"": 1, ""unit_price"": 265000, ""subtotal"": 265000}, {""item_id"": ""ITEM-307"", ""name"": ""Abgoosht (Dizi)"", ""category"": ""Main Course"", ""quantity"": 1, ""unit_price"": 202000, ""subtotal"": 202000}]",467000.0,card,delivered,2026-03-16T22:35:40.476643
ORD-20260317-280572,2026-03-17T10:30:22.476643,ZAF-ISF-001,CUST-10353,delivery,"[{""item_id"": ""ITEM-105"", ""name"": ""Salad Shirazi"", ""category"": ""Starter"", ""quantity"": 3, ""unit_price"": 58000, ""subtotal"": 174000}, {""item_id"": ""ITEM-603"", ""name"": ""Persian Tea (Chai)"", ""category"": ""Beverage"", ""quantity"": 3, ""unit_price"": 25000, ""subtotal"": 75000}, {""item_id"": ""ITEM-305"", ""name"": ""Zereshk Polo ba Morgh"", ""category"": ""Main Course"", ""quantity"": 2, ""unit_price"": 223000, ""subtotal"": 446000}]",695000.0,card,delivered,2026-03-17T10:30:22.476643
ORD-20260317-603762,2026-03-17T13:49:05.476643,ZAF-ISF-001,CUST-10073,delivery,"[{""item_id"": ""ITEM-101"", ""name"": ""Mast-o Khiar"", ""category"": ""Starter"", ""quantity"": 2, ""unit_price"": 63000, ""subtotal"": 126000}, {""item_id"": ""ITEM-602"", ""name"": ""Sharbat-e Sekanjebin"", ""category"": ""Beverage"", ""quantity"": 3, ""unit_price"": 39000, ""subtotal"": 117000}, {""item_id"": ""ITEM-104"", ""name"": ""Dolme Barg"", ""category"": ""Starter"", ""quantity"": 1, ""unit_price"": 109000, ""subtotal"": 109000}, {""item_id"": ""ITEM-401"", ""name"": ""Sangak Bread"", ""category"": ""Bread"", ""quantity"": 1, ""unit_price"": 25000, ""subtotal"": 25000}, {""item_id"": ""ITEM-504"", ""name"": ""Zoolbia Bamieh"", ""category"": ""Dessert"", ""quantity"": 1, ""unit_price"": 58000, ""subtotal"": 58000}]",435000.0,card,delivered,2026-03-17T13:49:05.476643
ORD-20260317-317273,2026-03-17T14:46:45.476643,ZAF-SHZ-001,CUST-10491,takeaway,"[{""item_id"": ""ITEM-603"", ""name"": ""Persian Tea (Chai)"", ""category"": ""Beverage"", ""quantity"": 2, ""unit_price"": 26000, ""subtotal"": 52000}, {""item_id"": ""ITEM-502"", ""name"": ""Faloodeh Shirazi"", ""category"": ""Dessert"", ""quantity"": 2, ""unit_price"": 66000, ""subtotal"": 132000}, {""item_id"": ""ITEM-501"", ""name"": ""Bastani Sonnati"", ""category"": ""Dessert"", ""quantity"": 1, ""unit_price"": 73000, ""subtotal"": 73000}, {""item_id"": ""ITEM-504"", ""name"": ""Zoolbia Bamieh"", ""category"": ""Dessert"", ""quantity"": 3, ""unit_price"": 60000, ""subtotal"": 180000}]",437000.0,wallet,delivered,2026-03-17T14:46:45.476643
ORD-20260317-543990,2026-03-17T17:13:28.476643,ZAF-THR-001,CUST-10189,takeaway,"[{""item_id"": ""ITEM-303"", ""name"": ""Ghormeh Sabzi"", ""category"": ""Main Course"", ""quantity"": 2, ""unit_price"": 233000, ""subtotal"": 466000}, {""item_id"": ""ITEM-402"", ""name"": ""Barbari Bread"", ""category"": ""Bread"", ""quantity"": 2, ""unit_price"": 23000, ""subtotal"": 46000}, {""item_id"": ""ITEM-401"", ""name"": ""Sangak Bread"", ""category"": ""Bread"", ""quantity"": 3, ""unit_price"": 25000, ""subtotal"": 75000}, {""item_id"": ""ITEM-307"", ""name"": ""Abgoosht (Dizi)"", ""category"": ""Main Course"", ""quantity"": 2, ""unit_price"": 190000, ""subtotal"": 380000}, {""item_id"": ""ITEM-601"", ""name"": ""Doogh"", ""category"": ""Beverage"", ""quantity"": 3, ""unit_price"": 37000, ""subtotal"": 111000}]",1078000.0,wallet,completed,2026-03-17T17:13:28.476643
ORD-20260317-328486,2026-03-17T18:26:29.476643,ZAF-TBZ-001,CUST-10029,delivery,"[{""item_id"": ""ITEM-305"", ""name"": ""Zereshk Polo ba Morgh"", ""category"": ""Main Course"", ""quantity"": 1, ""unit_price"": 219000, ""subtotal"": 219000}, {""item_id"": ""ITEM-502"", ""name"": ""Faloodeh Shirazi"", ""category"": ""Dessert"", ""quantity"": 2, ""unit_price"": 68000, ""subtotal"": 136000}, {""item_id"": ""ITEM-602"", ""name"": ""Sharbat-e Sekanjebin"", ""category"": ""Beverage"", ""quantity"": 2, ""unit_price"": 41000, ""subtotal"": 82000}, {""item_id"": ""ITEM-205"", ""name"": ""Baghali Polo"", ""category"": ""Main Course"", ""quantity"": 1, ""unit_price"": 115000, ""subtotal"": 115000}, {""item_id"": ""ITEM-504"", ""name"": ""Zoolbia Bamieh"", ""category"": ""Dessert"", ""quantity"": 3, ""unit_price"": 60000, ""subtotal"": 180000}]",732000.0,cash,delivered,2026-03-17T18:26:29.476643
ORD-20260317-460263,2026-03-17T19:14:33.476643,ZAF-MSH-001,CUST-10227,dine_in,"[{""item_id"": ""ITEM-101"", ""name"": ""Mast-o Khiar"", ""category"": ""Starter"", ""quantity"": 3, ""unit_price"": 65000, ""subtotal"": 195000}]",195000.0,card,delivered,2026-03-17T19:14:33.476643
ORD-20260318-425138,2026-03-18T11:45:49.476643,ZAF-SHZ-001,CUST-10018,delivery,"[{""item_id"": ""ITEM-202"", ""name"": ""Adas Polo"", ""category"": ""Main Course"", ""quantity"": 1, ""unit_price"": 125000, ""subtotal"": 125000}, {""item_id"": ""ITEM-102"", ""name"": ""Kashke Bademjan"", ""category"": ""Starter"", ""quantity"": 1, ""unit_price"": 92000, ""subtotal"": 92000}, {""item_id"": ""ITEM-602"", ""name"": ""Sharbat-e Sekanjebin"", ""category"": ""Beverage"", ""quantity"": 2, ""unit_price"": 42000, ""subtotal"": 84000}]",301000.0,card,completed,2026-03-18T11:45:49.476643
ORD-20260318-459376,2026-03-18T14:20:41.476643,ZAF-THR-001,CUST-10266,dine_in,"[{""item_id"": ""ITEM-501"", ""name"": ""Bastani Sonnati"", ""category"": ""Dessert"", ""quantity"": 1, ""unit_price"": 77000, ""subtotal"": 77000}, {""item_id"": ""ITEM-603"", ""name"": ""Persian Tea (Chai)"", ""category"": ""Beverage"", ""quantity"": 1, ""unit_price"": 24000, ""subtotal"": 24000}, {""item_id"": ""ITEM-205"", ""name"": ""Baghali Polo"", ""category"": ""Main Course"", ""quantity"": 3, ""unit_price"": 110000, ""subtotal"": 330000}, {""item_id"": ""ITEM-601"", ""name"": ""Doogh"", ""category"": ""Beverage"", ""quantity"": 2, ""unit_price"": 37000, ""subtotal"": 74000}]",505000.0,cash,delivered,2026-03-18T14:20:41.476643
ORD-20260318-258727,2026-03-18T20:43:09.476643,ZAF-THR-001,CUST-10271,takeaway,"[{""item_id"": ""ITEM-101"", ""name"": ""Mast-o Khiar"", ""category"": ""Starter"", ""quantity"": 2, ""unit_price"": 66000, ""subtotal"": 132000}, {""item_id"": ""ITEM-403"", ""name"": ""Lavash Bread"", ""category"": ""Bread"", ""quantity"": 3, ""unit_price"": 14000, ""subtotal"": 42000}, {""item_id"": ""ITEM-501"", ""name"": ""Bastani Sonnati"", ""category"": ""Dessert"", ""quantity"": 1, ""unit_price"": 77000, ""subtotal"": 77000}, {""item_id"": ""ITEM-201"", ""name"": ""Kuku Sabzi"", ""category"": ""Main Course"", ""quantity"": 3, ""unit_price"": 122000, ""subtotal"": 366000}, {""item_id"": ""ITEM-305"", ""name"": ""Zereshk Polo ba Morgh"", ""category"": ""Main Course"", ""quantity"": 3, ""unit_price"": 233000, ""subtotal"": 699000}]",1316000.0,wallet,completed,2026-03-18T20:43:09.476643
ORD-20260319-736408,2026-03-19T13:17:41.476643,ZAF-THR-001,CUST-10127,delivery,"[{""item_id"": ""ITEM-403"", ""name"": ""Lavash Bread"", ""category"": ""Bread"", ""quantity"": 1, ""unit_price"": 14000, ""subtotal"": 14000}, {""item_id"": ""ITEM-504"", ""name"": ""Zoolbia Bamieh"", ""category"": ""Dessert"", ""quantity"": 3, ""unit_price"": 58000, ""subtotal"": 174000}, {""item_id"": ""ITEM-205"", ""name"": ""Baghali Polo"", ""category"": ""Main Course"", ""quantity"": 2, ""unit_price"": 110000, ""subtotal"": 220000}, {""item_id"": ""ITEM-601"", ""name"": ""Doogh"", ""category"": ""Beverage"", ""quantity"": 1, ""unit_price"": 37000, ""subtotal"": 37000}, {""item_id"": ""ITEM-503"", ""name"": ""Sholeh Zard"", ""category"": ""Dessert"", ""quantity"": 3, ""unit_price"": 54000, ""subtotal"": 162000}]",607000.0,cash,completed,2026-03-19T13:17:41.476643
ORD-20260319-692282,2026-03-19T14:44:45.476643,ZAF-TBZ-001,CUST-10465,dine_in,"[{""item_id"": ""ITEM-304"", ""name"": ""Fesenjan"", ""category"": ""Main Course"", ""quantity"": 1, ""unit_price"": 265000, ""subtotal"": 265000}, {""item_id"": ""ITEM-601"", ""name"": ""Doogh"", ""category"": ""Beverage"", ""quantity"": 3, ""unit_price"": 33000, ""subtotal"": 99000}]",364000.0,card,delivered,2026-03-19T14:44:45.476643
ORD-20260319-119535,2026-03-19T18:12:16.476643,ZAF-MSH-001,CUST-10453,delivery,"[{""item_id"": ""ITEM-504"", ""name"": ""Zoolbia Bamieh"", ""category"": ""Dessert"", ""quantity"": 1, ""unit_price"": 62000, ""subtotal"": 62000}]",62000.0,wallet,delivered,2026-03-19T18:12:16.476643
ORD-20260319-924265,2026-03-19T20:07:47.476643,ZAF-THR-002,CUST-10228,takeaway,"[{""item_id"": ""ITEM-104"", ""name"": ""Dolme Barg"", ""category"": ""Starter"", ""quantity"": 3, ""unit_price"": 113000, ""subtotal"": 339000}, {""item_id"": ""ITEM-202"", ""name"": ""Adas Polo"", ""category"": ""Main Course"", ""quantity"": 2, ""unit_price"": 128000, ""subtotal"": 256000}]",595000.0,wallet,delivered,2026-03-19T20:07:47.476643
ORD-20260320-915437,2026-03-20T22:26:10.476643,ZAF-MSH-001,CUST-10189,dine_in,"[{""item_id"": ""ITEM-201"", ""name"": ""Kuku Sabzi"", ""category"": ""Main Course"", ""quantity"": 1, ""unit_price"": 117000, ""subtotal"": 117000}, {""item_id"": ""ITEM-305"", ""name"": ""Zereshk Polo ba Morgh"", ""category"": ""Main Course"", ""quantity"": 1, ""unit_price"": 221000, ""subtotal"": 221000}, {""item_id"": ""ITEM-203"", ""name"": ""Ash Reshteh"", ""category"": ""Main Course"", ""quantity"": 3, ""unit_price"": 107000, ""subtotal"": 321000}, {""item_id"": ""ITEM-402"", ""name"": ""Barbari Bread"", ""category"": ""Bread"", ""quantity"": 3, ""unit_price"": 21000, ""subtotal"": 63000}, {""item_id"": ""ITEM-102"", ""name"": ""Kashke Bademjan"", ""category"": ""Starter"", ""quantity"": 2, ""unit_price"": 95000, ""subtotal"": 190000}]",912000.0,cash,completed,2026-03-20T22:26:10.476643
ORD-20260321-503489,2026-03-21T10:17:49.476643,ZAF-SHZ-001,CUST-10036,takeaway,"[{""item_id"": ""ITEM-306"", ""name"": ""Tahchin Morgh"", ""category"": ""Main Course"", ""quantity"": 2, ""unit_price"": 228000, ""subtotal"": 456000}, {""item_id"": ""ITEM-201"", ""name"": ""Kuku Sabzi"", ""category"": ""Main Course"", ""quantity"": 1, ""unit_price"": 115000, ""subtotal"": 115000}, {""item_id"": ""ITEM-202"", ""name"": ""Adas Polo"", ""category"": ""Main Course"", ""quantity"": 1, ""unit_price"": 125000, ""subtotal"": 125000}, {""item_id"": ""ITEM-603"", ""name"": ""Persian Tea (Chai)"", ""category"": ""Beverage"", ""quantity"": 3, ""unit_price"": 26000, ""subtotal"": 78000}, {""item_id"": ""ITEM-204"", ""name"": ""Sabzi Polo"", ""category"": ""Main Course"", ""quantity"": 1, ""unit_price"": 98000, ""subtotal"": 98000}]",872000.0,cash,delivered,2026-03-21T10:17:49.476643
ORD-20260321-283877,2026-03-21T15:18:29.476643,ZAF-THR-002,CUST-10316,delivery,"[{""item_id"": ""ITEM-503"", ""name"": ""Sholeh Zard"", ""category"": ""Dessert"", ""quantity"": 2, ""unit_price"": 54000, ""subtotal"": 108000}, {""item_id"": ""ITEM-401"", ""name"": ""Sangak Bread"", ""category"": ""Bread"", ""quantity"": 1, ""unit_price"": 24000, ""subtotal"": 24000}]",132000.0,wallet,delivered,2026-03-21T15:18:29.476643
ORD-20260321-423896,2026-03-21T19:18:09.476643,ZAF-MSH-001,CUST-10340,delivery,"[{""item_id"": ""ITEM-403"", ""name"": ""Lavash Bread"", ""category"": ""Bread"", ""quantity"": 2, ""unit_price"": 15000, ""subtotal"": 30000}]",30000.0,wallet,delivered,2026-03-21T19:18:09.476643
ORD-20260321-482614,2026-03-21T19:45:58.476643,ZAF-THR-002,CUST-10396,dine_in,"[{""item_id"": ""ITEM-604"", ""name"": ""Sharbat-e Ablimoo"", ""category"": ""Beverage"", ""quantity"": 3, ""unit_price"": 38000, ""subtotal"": 114000}]",114000.0,card,completed,2026-03-21T19:45:58.476643
ORD-20260322-862540,2026-03-22T10:59:26.476643,ZAF-THR-001,CUST-10119,takeaway,"[{""item_id"": ""ITEM-302"", ""name"": ""Joojeh Kabab"", ""category"": ""Main Course"", ""quantity"": 2, ""unit_price"": 260000, ""subtotal"": 520000}, {""item_id"": ""ITEM-501"", ""name"": ""Bastani Sonnati"", ""category"": ""Dessert"", ""quantity"": 1, ""unit_price"": 77000, ""subtotal"": 77000}, {""item_id"": ""ITEM-603"", ""name"": ""Persian Tea (Chai)"", ""category"": ""Beverage"", ""quantity"": 3, ""unit_price"": 24000, ""subtotal"": 72000}, {""item_id"": ""ITEM-503"", ""name"": ""Sholeh Zard"", ""category"": ""Dessert"", ""quantity"": 2, ""unit_price"": 54000, ""subtotal"": 108000}, {""item_id"": ""ITEM-101"", ""name"": ""Mast-o Khiar"", ""category"": ""Starter"", ""quantity"": 3, ""unit_price"": 66000, ""subtotal"": 198000}]",975000.0,cash,delivered,2026-03-22T10:59:26.476643
ORD-20260322-342389,2026-03-22T11:49:32.476643,ZAF-THR-001,CUST-10370,takeaway,"[{""item_id"": ""ITEM-204"", ""name"": ""Sabzi Polo"", ""category"": ""Main Course"", ""quantity"": 3, ""unit_price"": 94000, ""subtotal"": 282000}]",282000.0,card,completed,2026-03-22T11:49:32.476643
ORD-20260322-658198,2026-03-22T19:57:32.476643,ZAF-THR-002,CUST-10167,takeaway,"[{""item_id"": ""ITEM-301"", ""name"": ""Chelo Kabab Koobideh"", ""category"": ""Main Course"", ""quantity"": 2, ""unit_price"": 295000, ""subtotal"": 590000}, {""item_id"": ""ITEM-201"", ""name"": ""Kuku Sabzi"", ""category"": ""Main Course"", ""quantity"": 3, ""unit_price"": 126000, ""subtotal"": 378000}, {""item_id"": ""ITEM-303"", ""name"": ""Ghormeh Sabzi"", ""category"": ""Main Course"", ""quantity"": 2, ""unit_price"": 250000, ""subtotal"": 500000}, {""item_id"": ""ITEM-403"", ""name"": ""Lavash Bread"", ""category"": ""Bread"", ""quantity"": 3, ""unit_price"": 15000, ""subtotal"": 45000}, {""item_id"": ""ITEM-504"", ""name"": ""Zoolbia Bamieh"", ""category"": ""Dessert"", ""quantity"": 3, ""unit_price"": 58000, ""subtotal"": 174000}]",1687000.0,wallet,completed,2026-03-22T19:57:32.476643
ORD-20260322-841978,2026-03-22T20:40:00.476643,ZAF-THR-001,CUST-10340,takeaway,"[{""item_id"": ""ITEM-204"", ""name"": ""Sabzi Polo"", ""category"": ""Main Course"", ""quantity"": 2, ""unit_price"": 94000, ""subtotal"": 188000}, {""item_id"": ""ITEM-105"", ""name"": ""Salad Shirazi"", ""category"": ""Starter"", ""quantity"": 3, ""unit_price"": 56000, ""subtotal"": 168000}, {""item_id"": ""ITEM-503"", ""name"": ""Sholeh Zard"", ""category"": ""Dessert"", ""quantity"": 1, ""unit_price"": 54000, ""subtotal"": 54000}, {""item_id"": ""ITEM-301"", ""name"": ""Chelo Kabab Koobideh"", ""category"": ""Main Course"", ""quantity"": 3, ""unit_price"": 277000, ""subtotal"": 831000}]",1241000.0,card,completed,2026-03-22T20:40:00.476643
ORD-20260322-559094,2026-03-22T21:55:32.476643,ZAF-TBZ-001,CUST-10342,takeaway,"[{""item_id"": ""ITEM-503"", ""name"": ""Sholeh Zard"", ""category"": ""Dessert"", ""quantity"": 1, ""unit_price"": 53000, ""subtotal"": 53000}]",53000.0,cash,delivered,2026-03-22T21:55:32.476643
ORD-20260322-746915,2026-03-22T22:12:06.476643,ZAF-THR-002,CUST-10094,takeaway,"[{""item_id"": ""ITEM-601"", ""name"": ""Doogh"", ""category"": ""Beverage"", ""quantity"": 3, ""unit_price"": 34000, ""subtotal"": 102000}]",102000.0,wallet,delivered,2026-03-22T22:12:06.476643
ORD-20260322-163946,2026-03-22T22:44:42.476643,ZAF-THR-001,CUST-10043,takeaway,"[{""item_id"": ""ITEM-602"", ""name"": ""Sharbat-e Sekanjebin"", ""category"": ""Beverage"", ""quantity"": 3, ""unit_price"": 39000, ""subtotal"": 117000}, {""item_id"": ""ITEM-401"", ""name"": ""Sangak Bread"", ""category"": ""Bread"", ""quantity"": 1, ""unit_price"": 25000, ""subtotal"": 25000}, {""item_id"": ""ITEM-304"", ""name"": ""Fesenjan"", ""category"": ""Main Course"", ""quantity"": 3, ""unit_price"": 262000, ""subtotal"": 786000}]",928000.0,wallet,completed,2026-03-22T22:44:42.476643
ORD-20260323-453961,2026-03-23T13:21:14.476643,ZAF-SHZ-001,CUST-10291,takeaway,"[{""item_id"": ""ITEM-306"", ""name"": ""Tahchin Morgh"", ""category"": ""Main Course"", ""quantity"": 3, ""unit_price"": 228000, ""subtotal"": 684000}, {""item_id"": ""ITEM-401"", ""name"": ""Sangak Bread"", ""category"": ""Bread"", ""quantity"": 3, ""unit_price"": 26000, ""subtotal"": 78000}]",762000.0,card,completed,2026-03-23T13:21:14.476643
ORD-20260323-401663,2026-03-23T14:19:40.476643,ZAF-MSH-001,CUST-10241,takeaway,"[{""item_id"": ""ITEM-501"", ""name"": ""Bastani Sonnati"", ""category"": ""Dessert"", ""quantity"": 3, ""unit_price"": 72000, ""subtotal"": 216000}]",216000.0,cash,completed,2026-03-23T14:19:40.476643
ORD-20260323-807764,2026-03-23T20:30:14.476643,ZAF-THR-001,CUST-10179,delivery,"[{""item_id"": ""ITEM-302"", ""name"": ""Joojeh Kabab"", ""category"": ""Main Course"", ""quantity"": 1, ""unit_price"": 260000, ""subtotal"": 260000}, {""item_id"": ""ITEM-104"", ""name"": ""Dolme Barg"", ""category"": ""Starter"", ""quantity"": 2, ""unit_price"": 107000, ""subtotal"": 214000}, {""item_id"": ""ITEM-601"", ""name"": ""Doogh"", ""category"": ""Beverage"", ""quantity"": 3, ""unit_price"": 37000, ""subtotal"": 111000}, {""item_id"": ""ITEM-204"", ""name"": ""Sabzi Polo"", ""category"": ""Main Course"", ""quantity"": 3, ""unit_price"": 94000, ""subtotal"": 282000}, {""item_id"": ""ITEM-402"", ""name"": ""Barbari Bread"", ""category"": ""Bread"", ""quantity"": 3, ""unit_price"": 23000, ""subtotal"": 69000}]",936000.0,wallet,delivered,2026-03-23T20:30:14.476643
ORD-20260323-750817,2026-03-23T22:06:07.476643,ZAF-THR-001,CUST-10346,takeaway,"[{""item_id"": ""ITEM-403"", ""name"": ""Lavash Bread"", ""category"": ""Bread"", ""quantity"": 3, ""unit_price"": 14000, ""subtotal"": 42000}, {""item_id"": ""ITEM-101"", ""name"": ""Mast-o Khiar"", ""category"": ""Starter"", ""quantity"": 1, ""unit_price"": 66000, ""subtotal"": 66000}, {""item_id"": ""ITEM-601"", ""name"": ""Doogh"", ""category"": ""Beverage"", ""quantity"": 2, ""unit_price"": 37000, ""subtotal"": 74000}, {""item_id"": ""ITEM-604"", ""name"": ""Sharbat-e Ablimoo"", ""category"": ""Beverage"", ""quantity"": 2, ""unit_price"": 36000, ""subtotal"": 72000}]",254000.0,card,completed,2026-03-23T22:06:07.476643
ORD-20260324-780432,2026-03-24T14:05:41.476643,ZAF-ISF-001,CUST-10128,dine_in,"[{""item_id"": ""ITEM-302"", ""name"": ""Joojeh Kabab"", ""category"": ""Main Course"", ""quantity"": 3, ""unit_price"": 248000, ""subtotal"": 744000}]",744000.0,cash,completed,2026-03-24T14:05:41.476643
ORD-20260324-682032,2026-03-24T18:14:08.476643,ZAF-MSH-001,CUST-10200,dine_in,"[{""item_id"": ""ITEM-205"", ""name"": ""Baghali Polo"", ""category"": ""Main Course"", ""quantity"": 3, ""unit_price"": 113000, ""subtotal"": 339000}, {""item_id"": ""ITEM-501"", ""name"": ""Bastani Sonnati"", ""category"": ""Dessert"", ""quantity"": 3, ""unit_price"": 72000, ""subtotal"": 216000}, {""item_id"": ""ITEM-105"", ""name"": ""Salad Shirazi"", ""category"": ""Starter"", ""quantity"": 2, ""unit_price"": 55000, ""subtotal"": 110000}, {""item_id"": ""ITEM-502"", ""name"": ""Faloodeh Shirazi"", ""category"": ""Dessert"", ""quantity"": 1, ""unit_price"": 66000, ""subtotal"": 66000}, {""item_id"": ""ITEM-602"", ""name"": ""Sharbat-e Sekanjebin"", ""category"": ""Beverage"", ""quantity"": 3, ""unit_price"": 38000, ""subtotal"": 114000}]",845000.0,cash,delivered,2026-03-24T18:14:08.476643
ORD-20260325-303229,2026-03-25T10:17:23.476643,ZAF-SHZ-001,CUST-10325,delivery,"[{""item_id"": ""ITEM-102"", ""name"": ""Kashke Bademjan"", ""category"": ""Starter"", ""quantity"": 3, ""unit_price"": 92000, ""subtotal"": 276000}, {""item_id"": ""ITEM-205"", ""name"": ""Baghali Polo"", ""category"": ""Main Course"", ""quantity"": 1, ""unit_price"": 114000, ""subtotal"": 114000}, {""item_id"": ""ITEM-307"", ""name"": ""Abgoosht (Dizi)"", ""category"": ""Main Course"", ""quantity"": 3, ""unit_price"": 185000, ""subtotal"": 555000}]",945000.0,cash,delivered,2026-03-25T10:17:23.476643
ORD-20260325-315120,2026-03-25T13:07:02.476643,ZAF-ISF-001,CUST-10294,delivery,"[{""item_id"": ""ITEM-305"", ""name"": ""Zereshk Polo ba Morgh"", ""category"": ""Main Course"", ""quantity"": 2, ""unit_price"": 223000, ""subtotal"": 446000}, {""item_id"": ""ITEM-204"", ""name"": ""Sabzi Polo"", ""category"": ""Main Course"", ""quantity"": 1, ""unit_price"": 98000, ""subtotal"": 98000}]",544000.0,wallet,delivered,2026-03-25T13:07:02.476643
ORD-20260325-417534,2026-03-25T15:59:45.476643,ZAF-THR-002,CUST-10177,delivery,"[{""item_id"": ""ITEM-205"", ""name"": ""Baghali Polo"", ""category"": ""Main Course"", ""quantity"": 3, ""unit_price"": 116000, ""subtotal"": 348000}, {""item_id"": ""ITEM-604"", ""name"": ""Sharbat-e Ablimoo"", ""category"": ""Beverage"", ""quantity"": 3, ""unit_price"": 38000, ""subtotal"": 114000}, {""item_id"": ""ITEM-103"", ""name"": ""Mirza Ghasemi"", ""category"": ""Starter"", ""quantity"": 2, ""unit_price"": 93000, ""subtotal"": 186000}, {""item_id"": ""ITEM-204"", ""name"": ""Sabzi Polo"", ""category"": ""Main Course"", ""quantity"": 1, ""unit_price"": 98000, ""subtotal"": 98000}, {""item_id"": ""ITEM-202"", ""name"": ""Adas Polo"", ""category"": ""Main Course"", ""quantity"": 3, ""unit_price"": 128000, ""subtotal"": 384000}]",1130000.0,wallet,delivered,2026-03-25T15:59:45.476643
ORD-20260325-167193,2026-03-25T16:40:00.476643,ZAF-THR-001,CUST-10421,takeaway,"[{""item_id"": ""ITEM-306"", ""name"": ""Tahchin Morgh"", ""category"": ""Main Course"", ""quantity"": 2, ""unit_price"": 221000, ""subtotal"": 442000}, {""item_id"": ""ITEM-403"", ""name"": ""Lavash Bread"", ""category"": ""Bread"", ""quantity"": 1, ""unit_price"": 14000, ""subtotal"": 14000}]",456000.0,cash,completed,2026-03-25T16:40:00.476643
ORD-20260325-223791,2026-03-25T17:22:33.476643,ZAF-TBZ-001,CUST-10400,dine_in,"[{""item_id"": ""ITEM-201"", ""name"": ""Kuku Sabzi"", ""category"": ""Main Course"", ""quantity"": 3, ""unit_price"": 122000, ""subtotal"": 366000}, {""item_id"": ""ITEM-302"", ""name"": ""Joojeh Kabab"", ""category"": ""Main Course"", ""quantity"": 2, ""unit_price"": 261000, ""subtotal"": 522000}, {""item_id"": ""ITEM-105"", ""name"": ""Salad Shirazi"", ""category"": ""Starter"", ""quantity"": 3, ""unit_price"": 54000, ""subtotal"": 162000}]",1050000.0,card,completed,2026-03-25T17:22:33.476643
ORD-20260325-255287,2026-03-25T21:28:35.476643,ZAF-MSH-001,CUST-10218,takeaway,"[{""item_id"": ""ITEM-101"", ""name"": ""Mast-o Khiar"", ""category"": ""Starter"", ""quantity"": 3, ""unit_price"": 65000, ""subtotal"": 195000}, {""item_id"": ""ITEM-104"", ""name"": ""Dolme Barg"", ""category"": ""Starter"", ""quantity"": 1, ""unit_price"": 114000, ""subtotal"": 114000}, {""item_id"": ""ITEM-103"", ""name"": ""Mirza Ghasemi"", ""category"": ""Starter"", ""quantity"": 2, ""unit_price"": 88000, ""subtotal"": 176000}, {""item_id"": ""ITEM-503"", ""name"": ""Sholeh Zard"", ""category"": ""Dessert"", ""quantity"": 3, ""unit_price"": 54000, ""subtotal"": 162000}, {""item_id"": ""ITEM-105"", ""name"": ""Salad Shirazi"", ""category"": ""Starter"", ""quantity"": 3, ""unit_price"": 55000, ""subtotal"": 165000}]",812000.0,cash,delivered,2026-03-25T21:28:35.476643
ORD-20260326-554730,2026-03-26T11:52:02.476643,ZAF-ISF-001,CUST-10485,delivery,"[{""item_id"": ""ITEM-305"", ""name"": ""Zereshk Polo ba Morgh"", ""category"": ""Main Course"", ""quantity"": 3, ""unit_price"": 223000, ""subtotal"": 669000}, {""item_id"": ""ITEM-504"", ""name"": ""Zoolbia Bamieh"", ""category"": ""Dessert"", ""quantity"": 3, ""unit_price"": 58000, ""subtotal"": 174000}, {""item_id"": ""ITEM-307"", ""name"": ""Abgoosht (Dizi)"", ""category"": ""Main Course"", ""quantity"": 2, ""unit_price"": 202000, ""subtotal"": 404000}]",1247000.0,cash,completed,2026-03-26T11:52:02.476643
ORD-20260326-828221,2026-03-26T14:13:32.476643,ZAF-THR-001,CUST-10236,delivery,"[{""item_id"": ""ITEM-103"", ""name"": ""Mirza Ghasemi"", ""category"": ""Starter"", ""quantity"": 3, ""unit_price"": 88000, ""subtotal"": 264000}]",264000.0,wallet,completed,2026-03-26T14:13:32.476643
ORD-20260326-247594,2026-03-26T14:58:52.476643,ZAF-SHZ-001,CUST-10495,dine_in,"[{""item_id"": ""ITEM-504"", ""name"": ""Zoolbia Bamieh"", ""category"": ""Dessert"", ""quantity"": 1, ""unit_price"": 60000, ""subtotal"": 60000}, {""item_id"": ""ITEM-604"", ""name"": ""Sharbat-e Ablimoo"", ""category"": ""Beverage"", ""quantity"": 2, ""unit_price"": 37000, ""subtotal"": 74000}, {""item_id"": ""ITEM-301"", ""name"": ""Chelo Kabab Koobideh"", ""category"": ""Main Course"", ""quantity"": 1, ""unit_price"": 273000, ""subtotal"": 273000}]",407000.0,wallet,completed,2026-03-26T14:58:52.476643
ORD-20260326-635167,2026-03-26T15:54:33.476643,ZAF-SHZ-001,CUST-10059,takeaway,"[{""item_id"": ""ITEM-503"", ""name"": ""Sholeh Zard"", ""category"": ""Dessert"", ""quantity"": 2, ""unit_price"": 53000, ""subtotal"": 106000}, {""item_id"": ""ITEM-402"", ""name"": ""Barbari Bread"", ""category"": ""Bread"", ""quantity"": 1, ""unit_price"": 22000, ""subtotal"": 22000}]",128000.0,cash,completed,2026-03-26T15:54:33.476643
ORD-20260326-540186,2026-03-26T21:43:21.476643,ZAF-SHZ-001,CUST-10305,dine_in,"[{""item_id"": ""ITEM-103"", ""name"": ""Mirza Ghasemi"", ""category"": ""Starter"", ""quantity"": 1, ""unit_price"": 94000, ""subtotal"": 94000}, {""item_id"": ""ITEM-203"", ""name"": ""Ash Reshteh"", ""category"": ""Main Course"", ""quantity"": 1, ""unit_price"": 106000, ""subtotal"": 106000}, {""item_id"": ""ITEM-303"", ""name"": ""Ghormeh Sabzi"", ""category"": ""Main Course"", ""quantity"": 3, ""unit_price"": 257000, ""subtotal"": 771000}, {""item_id"": ""ITEM-105"", ""name"": ""Salad Shirazi"", ""category"": ""Starter"", ""quantity"": 3, ""unit_price"": 53000, ""subtotal"": 159000}, {""item_id"": ""ITEM-104"", ""name"": ""Dolme Barg"", ""category"": ""Starter"", ""quantity"": 3, ""unit_price"": 110000, ""subtotal"": 330000}]",1460000.0,wallet,delivered,2026-03-26T21:43:21.476643
ORD-20260327-903180,2026-03-27T11:23:12.476643,ZAF-ISF-001,CUST-10102,delivery,"[{""item_id"": ""ITEM-604"", ""name"": ""Sharbat-e Ablimoo"", ""category"": ""Beverage"", ""quantity"": 2, ""unit_price"": 40000, ""subtotal"": 80000}, {""item_id"": ""ITEM-303"", ""name"": ""Ghormeh Sabzi"", ""category"": ""Main Course"", ""quantity"": 3, ""unit_price"": 240000, ""subtotal"": 720000}, {""item_id"": ""ITEM-104"", ""name"": ""Dolme Barg"", ""category"": ""Starter"", ""quantity"": 2, ""unit_price"": 109000, ""subtotal"": 218000}, {""item_id"": ""ITEM-203"", ""name"": ""Ash Reshteh"", ""category"": ""Main Course"", ""quantity"": 2, ""unit_price"": 107000, ""subtotal"": 214000}, {""item_id"": ""ITEM-603"", ""name"": ""Persian Tea (Chai)"", ""category"": ""Beverage"", ""quantity"": 3, ""unit_price"": 25000, ""subtotal"": 75000}]",1307000.0,wallet,completed,2026-03-27T11:23:12.476643
ORD-20260327-136118,2026-03-27T11:42:48.476643,ZAF-THR-001,CUST-10346,delivery,"[{""item_id"": ""ITEM-105"", ""name"": ""Salad Shirazi"", ""category"": ""Starter"", ""quantity"": 1, ""unit_price"": 56000, ""subtotal"": 56000}, {""item_id"": ""ITEM-305"", ""name"": ""Zereshk Polo ba Morgh"", ""category"": ""Main Course"", ""quantity"": 1, ""unit_price"": 233000, ""subtotal"": 233000}, {""item_id"": ""ITEM-302"", ""name"": ""Joojeh Kabab"", ""category"": ""Main Course"", ""quantity"": 3, ""unit_price"": 260000, ""subtotal"": 780000}]",1069000.0,wallet,delivered,2026-03-27T11:42:48.476643
ORD-20260327-791609,2026-03-27T11:43:35.476643,ZAF-THR-002,CUST-10016,delivery,"[{""item_id"": ""ITEM-306"", ""name"": ""Tahchin Morgh"", ""category"": ""Main Course"", ""quantity"": 2, ""unit_price"": 215000, ""subtotal"": 430000}, {""item_id"": ""ITEM-101"", ""name"": ""Mast-o Khiar"", ""category"": ""Starter"", ""quantity"": 2, ""unit_price"": 67000, ""subtotal"": 134000}, {""item_id"": ""ITEM-201"", ""name"": ""Kuku Sabzi"", ""category"": ""Main Course"", ""quantity"": 1, ""unit_price"": 126000, ""subtotal"": 126000}, {""item_id"": ""ITEM-202"", ""name"": ""Adas Polo"", ""category"": ""Main Course"", ""quantity"": 1, ""unit_price"": 128000, ""subtotal"": 128000}, {""item_id"": ""ITEM-103"", ""name"": ""Mirza Ghasemi"", ""category"": ""Starter"", ""quantity"": 2, ""unit_price"": 93000, ""subtotal"": 186000}]",1004000.0,cash,completed,2026-03-27T11:43:35.476643
ORD-20260327-833907,2026-03-27T17:07:30.476643,ZAF-MSH-001,CUST-10276,dine_in,"[{""item_id"": ""ITEM-203"", ""name"": ""Ash Reshteh"", ""category"": ""Main Course"", ""quantity"": 1, ""unit_price"": 107000, ""subtotal"": 107000}, {""item_id"": ""ITEM-202"", ""name"": ""Adas Polo"", ""category"": ""Main Course"", ""quantity"": 3, ""unit_price"": 131000, ""subtotal"": 393000}]",500000.0,cash,completed,2026-03-27T17:07:30.476643
ORD-20260328-119651,2026-03-28T12:24:34.476643,ZAF-MSH-001,CUST-10117,takeaway,"[{""item_id"": ""ITEM-401"", ""name"": ""Sangak Bread"", ""category"": ""Bread"", ""quantity"": 1, ""unit_price"": 25000, ""subtotal"": 25000}, {""item_id"": ""ITEM-603"", ""name"": ""Persian Tea (Chai)"", ""category"": ""Beverage"", ""quantity"": 2, ""unit_price"": 24000, ""subtotal"": 48000}, {""item_id"": ""ITEM-502"", ""name"": ""Faloodeh Shirazi"", ""category"": ""Dessert"", ""quantity"": 3, ""unit_price"": 66000, ""subtotal"": 198000}, {""item_id"": ""ITEM-602"", ""name"": ""Sharbat-e Sekanjebin"", ""category"": ""Beverage"", ""quantity"": 1, ""unit_price"": 38000, ""subtotal"": 38000}, {""item_id"": ""ITEM-302"", ""name"": ""Joojeh Kabab"", ""category"": ""Main Course"", ""quantity"": 2, ""unit_price"": 264000, ""subtotal"": 528000}]",837000.0,cash,completed,2026-03-28T12:24:34.476643
ORD-20260328-284630,2026-03-28T13:56:16.476643,ZAF-MSH-001,CUST-10089,takeaway,"[{""item_id"": ""ITEM-604"", ""name"": ""Sharbat-e Ablimoo"", ""category"": ""Beverage"", ""quantity"": 1, ""unit_price"": 39000, ""subtotal"": 39000}, {""item_id"": ""ITEM-401"", ""name"": ""Sangak Bread"", ""category"": ""Bread"", ""quantity"": 1, ""unit_price"": 25000, ""subtotal"": 25000}, {""item_id"": ""ITEM-203"", ""name"": ""Ash Reshteh"", ""category"": ""Main Course"", ""quantity"": 1, ""unit_price"": 107000, ""subtotal"": 107000}]",171000.0,cash,delivered,2026-03-28T13:56:16.476643
ORD-20260328-578621,2026-03-28T13:56:53.476643,ZAF-THR-002,CUST-10428,dine_in,"[{""item_id"": ""ITEM-203"", ""name"": ""Ash Reshteh"", ""category"": ""Main Course"", ""quantity"": 1, ""unit_price"": 106000, ""subtotal"": 106000}]",106000.0,card,delivered,2026-03-28T13:56:53.476643
ORD-20260328-926236,2026-03-28T16:56:53.476643,ZAF-THR-002,CUST-10478,takeaway,"[{""item_id"": ""ITEM-603"", ""name"": ""Persian Tea (Chai)"", ""category"": ""Beverage"", ""quantity"": 2, ""unit_price"": 25000, ""subtotal"": 50000}]",50000.0,cash,completed,2026-03-28T16:56:53.476643
ORD-20260328-592841,2026-03-28T17:33:41.476643,ZAF-SHZ-001,CUST-10469,takeaway,"[{""item_id"": ""ITEM-201"", ""name"": ""Kuku Sabzi"", ""category"": ""Main Course"", ""quantity"": 3, ""unit_price"": 115000, ""subtotal"": 345000}, {""item_id"": ""ITEM-402"", ""name"": ""Barbari Bread"", ""category"": ""Bread"", ""quantity"": 2, ""unit_price"": 22000, ""subtotal"": 44000}, {""item_id"": ""ITEM-304"", ""name"": ""Fesenjan"", ""category"": ""Main Course"", ""quantity"": 1, ""unit_price"": 271000, ""subtotal"": 271000}]",660000.0,card,completed,2026-03-28T17:33:41.476643
ORD-20260328-923012,2026-03-28T18:02:51.476643,ZAF-THR-001,CUST-10172,takeaway,"[{""item_id"": ""ITEM-104"", ""name"": ""Dolme Barg"", ""category"": ""Starter"", ""quantity"": 1, ""unit_price"": 107000, ""subtotal"": 107000}, {""item_id"": ""ITEM-403"", ""name"": ""Lavash Bread"", ""category"": ""Bread"", ""quantity"": 2, ""unit_price"": 14000, ""subtotal"": 28000}, {""item_id"": ""ITEM-203"", ""name"": ""Ash Reshteh"", ""category"": ""Main Course"", ""quantity"": 2, ""unit_price"": 101000, ""subtotal"": 202000}, {""item_id"": ""ITEM-401"", ""name"": ""Sangak Bread"", ""category"": ""Bread"", ""quantity"": 2, ""unit_price"": 25000, ""subtotal"": 50000}]",387000.0,cash,completed,2026-03-28T18:02:51.476643
ORD-20260328-495648,2026-03-28T20:37:52.476643,ZAF-ISF-001,CUST-10409,delivery,"[{""item_id"": ""ITEM-202"", ""name"": ""Adas Polo"", ""category"": ""Main Course"", ""quantity"": 2, ""unit_price"": 131000, ""subtotal"": 262000}, {""item_id"": ""ITEM-103"", ""name"": ""Mirza Ghasemi"", ""category"": ""Starter"", ""quantity"": 1, ""unit_price"": 87000, ""subtotal"": 87000}, {""item_id"": ""ITEM-304"", ""name"": ""Fesenjan"", ""category"": ""Main Course"", ""quantity"": 2, ""unit_price"": 264000, ""subtotal"": 528000}]",877000.0,cash,delivered,2026-03-28T20:37:52.476643
ORD-20260328-284731,2026-03-28T20:42:04.476643,ZAF-MSH-001,CUST-10476,takeaway,"[{""item_id"": ""ITEM-603"", ""name"": ""Persian Tea (Chai)"", ""category"": ""Beverage"", ""quantity"": 2, ""unit_price"": 24000, ""subtotal"": 48000}, {""item_id"": ""ITEM-306"", ""name"": ""Tahchin Morgh"", ""category"": ""Main Course"", ""quantity"": 2, ""unit_price"": 214000, ""subtotal"": 428000}, {""item_id"": ""ITEM-104"", ""name"": ""Dolme Barg"", ""category"": ""Starter"", ""quantity"": 3, ""unit_price"": 114000, ""subtotal"": 342000}, {""item_id"": ""ITEM-402"", ""name"": ""Barbari Bread"", ""category"": ""Bread"", ""quantity"": 1, ""unit_price"": 21000, ""subtotal"": 21000}, {""item_id"": ""ITEM-403"", ""name"": ""Lavash Bread"", ""category"": ""Bread"", ""quantity"": 2, ""unit_price"": 15000, ""subtotal"": 30000}]",869000.0,card,delivered,2026-03-28T20:42:04.476643
ORD-20260328-771709,2026-03-28T20:48:56.476643,ZAF-MSH-001,CUST-10162,delivery,"[{""item_id"": ""ITEM-103"", ""name"": ""Mirza Ghasemi"", ""category"": ""Starter"", ""quantity"": 3, ""unit_price"": 88000, ""subtotal"": 264000}, {""item_id"": ""ITEM-301"", ""name"": ""Chelo Kabab Koobideh"", ""category"": ""Main Course"", ""quantity"": 2, ""unit_price"": 299000, ""subtotal"": 598000}, {""item_id"": ""ITEM-101"", ""name"": ""Mast-o Khiar"", ""category"": ""Starter"", ""quantity"": 2, ""unit_price"": 65000, ""subtotal"": 130000}, {""item_id"": ""ITEM-403"", ""name"": ""Lavash Bread"", ""category"": ""Bread"", ""quantity"": 3, ""unit_price"": 15000, ""subtotal"": 45000}]",1037000.0,cash,delivered,2026-03-28T20:48:56.476643
ORD-20260329-954814,2026-03-29T11:58:06.476643,ZAF-TBZ-001,CUST-10076,takeaway,"[{""item_id"": ""ITEM-202"", ""name"": ""Adas Polo"", ""category"": ""Main Course"", ""quantity"": 3, ""unit_price"": 131000, ""subtotal"": 393000}, {""item_id"": ""ITEM-403"", ""name"": ""Lavash Bread"", ""category"": ""Bread"", ""quantity"": 2, ""unit_price"": 14000, ""subtotal"": 28000}]",421000.0,card,completed,2026-03-29T11:58:06.476643
ORD-20260329-623502,2026-03-29T16:33:21.476643,ZAF-TBZ-001,CUST-10092,delivery,"[{""item_id"": ""ITEM-105"", ""name"": ""Salad Shirazi"", ""category"": ""Starter"", ""quantity"": 2, ""unit_price"": 54000, ""subtotal"": 108000}, {""item_id"": ""ITEM-502"", ""name"": ""Faloodeh Shirazi"", ""category"": ""Dessert"", ""quantity"": 2, ""unit_price"": 68000, ""subtotal"": 136000}, {""item_id"": ""ITEM-205"", ""name"": ""Baghali Polo"", ""category"": ""Main Course"", ""quantity"": 1, ""unit_price"": 115000, ""subtotal"": 115000}, {""item_id"": ""ITEM-403"", ""name"": ""Lavash Bread"", ""category"": ""Bread"", ""quantity"": 2, ""unit_price"": 14000, ""subtotal"": 28000}]",387000.0,card,completed,2026-03-29T16:33:21.476643
ORD-20260329-194782,2026-03-29T17:37:35.476643,ZAF-ISF-001,CUST-10176,takeaway,"[{""item_id"": ""ITEM-603"", ""name"": ""Persian Tea (Chai)"", ""category"": ""Beverage"", ""quantity"": 3, ""unit_price"": 25000, ""subtotal"": 75000}, {""item_id"": ""ITEM-204"", ""name"": ""Sabzi Polo"", ""category"": ""Main Course"", ""quantity"": 3, ""unit_price"": 98000, ""subtotal"": 294000}]",369000.0,cash,completed,2026-03-29T17:37:35.476643
ORD-20260329-912510,2026-03-29T17:57:39.476643,ZAF-TBZ-001,CUST-10019,delivery,"[{""item_id"": ""ITEM-307"", ""name"": ""Abgoosht (Dizi)"", ""category"": ""Main Course"", ""quantity"": 3, ""unit_price"": 202000, ""subtotal"": 606000}, {""item_id"": ""ITEM-601"", ""name"": ""Doogh"", ""category"": ""Beverage"", ""quantity"": 1, ""unit_price"": 33000, ""subtotal"": 33000}, {""item_id"": ""ITEM-104"", ""name"": ""Dolme Barg"", ""category"": ""Starter"", ""quantity"": 3, ""unit_price"": 114000, ""subtotal"": 342000}, {""item_id"": ""ITEM-103"", ""name"": ""Mirza Ghasemi"", ""category"": ""Starter"", ""quantity"": 3, ""unit_price"": 94000, ""subtotal"": 282000}, {""item_id"": ""ITEM-306"", ""name"": ""Tahchin Morgh"", ""category"": ""Main Course"", ""quantity"": 1, ""unit_price"": 229000, ""subtotal"": 229000}]",1492000.0,wallet,completed,2026-03-29T17:57:39.476643
ORD-20260330-344068,2026-03-30T10:20:38.476643,ZAF-THR-002,CUST-10015,dine_in,"[{""item_id"": ""ITEM-102"", ""name"": ""Kashke Bademjan"", ""category"": ""Starter"", ""quantity"": 3, ""unit_price"": 96000, ""subtotal"": 288000}, {""item_id"": ""ITEM-602"", ""name"": ""Sharbat-e Sekanjebin"", ""category"": ""Beverage"", ""quantity"": 2, ""unit_price"": 42000, ""subtotal"": 84000}, {""item_id"": ""ITEM-306"", ""name"": ""Tahchin Morgh"", ""category"": ""Main Course"", ""quantity"": 3, ""unit_price"": 215000, ""subtotal"": 645000}]",1017000.0,cash,delivered,2026-03-30T10:20:38.476643
ORD-20260330-308105,2026-03-30T18:51:17.476643,ZAF-THR-001,CUST-10224,dine_in,"[{""item_id"": ""ITEM-201"", ""name"": ""Kuku Sabzi"", ""category"": ""Main Course"", ""quantity"": 2, ""unit_price"": 122000, ""subtotal"": 244000}, {""item_id"": ""ITEM-105"", ""name"": ""Salad Shirazi"", ""category"": ""Starter"", ""quantity"": 1, ""unit_price"": 56000, ""subtotal"": 56000}, {""item_id"": ""ITEM-302"", ""name"": ""Joojeh Kabab"", ""category"": ""Main Course"", ""quantity"": 2, ""unit_price"": 260000, ""subtotal"": 520000}, {""item_id"": ""ITEM-504"", ""name"": ""Zoolbia Bamieh"", ""category"": ""Dessert"", ""quantity"": 3, ""unit_price"": 58000, ""subtotal"": 174000}]",994000.0,cash,completed,2026-03-30T18:51:17.476643
ORD-20260330-943146,2026-03-30T19:08:36.476643,ZAF-MSH-001,CUST-10117,dine_in,"[{""item_id"": ""ITEM-504"", ""name"": ""Zoolbia Bamieh"", ""category"": ""Dessert"", ""quantity"": 2, ""unit_price"": 62000, ""subtotal"": 124000}]",124000.0,wallet,completed,2026-03-30T19:08:36.476643
ORD-20260331-757286,2026-03-31T13:03:47.476643,ZAF-THR-002,CUST-10414,delivery,"[{""item_id"": ""ITEM-204"", ""name"": ""Sabzi Polo"", ""category"": ""Main Course"", ""quantity"": 2, ""unit_price"": 98000, ""subtotal"": 196000}, {""item_id"": ""ITEM-604"", ""name"": ""Sharbat-e Ablimoo"", ""category"": ""Beverage"", ""quantity"": 2, ""unit_price"": 38000, ""subtotal"": 76000}]",272000.0,cash,delivered,2026-03-31T13:03:47.476643
ORD-20260331-353569,2026-03-31T20:22:01.476643,ZAF-THR-001,CUST-10074,delivery,"[{""item_id"": ""ITEM-402"", ""name"": ""Barbari Bread"", ""category"": ""Bread"", ""quantity"": 3, ""unit_price"": 23000, ""subtotal"": 69000}, {""item_id"": ""ITEM-302"", ""name"": ""Joojeh Kabab"", ""category"": ""Main Course"", ""quantity"": 3, ""unit_price"": 260000, ""subtotal"": 780000}, {""item_id"": ""ITEM-201"", ""name"": ""Kuku Sabzi"", ""category"": ""Main Course"", ""quantity"": 3, ""unit_price"": 122000, ""subtotal"": 366000}]",1215000.0,wallet,delivered,2026-03-31T20:22:01.476643
ORD-20260331-921968,2026-03-31T20:37:42.476643,ZAF-SHZ-001,CUST-10043,delivery,"[{""item_id"": ""ITEM-205"", ""name"": ""Baghali Polo"", ""category"": ""Main Course"", ""quantity"": 1, ""unit_price"": 114000, ""subtotal"": 114000}, {""item_id"": ""ITEM-602"", ""name"": ""Sharbat-e Sekanjebin"", ""category"": ""Beverage"", ""quantity"": 2, ""unit_price"": 42000, ""subtotal"": 84000}, {""item_id"": ""ITEM-203"", ""name"": ""Ash Reshteh"", ""category"": ""Main Course"", ""quantity"": 1, ""unit_price"": 106000, ""subtotal"": 106000}, {""item_id"": ""ITEM-503"", ""name"": ""Sholeh Zard"", ""category"": ""Dessert"", ""quantity"": 2, ""unit_price"": 53000, ""subtotal"": 106000}, {""item_id"": ""ITEM-103"", ""name"": ""Mirza Ghasemi"", ""category"": ""Starter"", ""quantity"": 3, ""unit_price"": 94000, ""subtotal"": 282000}]",692000.0,cash,completed,2026-03-31T20:37:42.476643
ORD-20260401-203198,2026-04-01T11:06:42.476643,ZAF-SHZ-001,CUST-10181,dine_in,"[{""item_id"": ""ITEM-304"", ""name"": ""Fesenjan"", ""category"": ""Main Course"", ""quantity"": 1, ""unit_price"": 271000, ""subtotal"": 271000}, {""item_id"": ""ITEM-305"", ""name"": ""Zereshk Polo ba Morgh"", ""category"": ""Main Course"", ""quantity"": 3, ""unit_price"": 241000, ""subtotal"": 723000}, {""item_id"": ""ITEM-604"", ""name"": ""Sharbat-e Ablimoo"", ""category"": ""Beverage"", ""quantity"": 3, ""unit_price"": 37000, ""subtotal"": 111000}, {""item_id"": ""ITEM-504"", ""name"": ""Zoolbia Bamieh"", ""category"": ""Dessert"", ""quantity"": 3, ""unit_price"": 60000, ""subtotal"": 180000}]",1285000.0,card,completed,2026-04-01T11:06:42.476643
ORD-20260401-764000,2026-04-01T11:59:54.476643,ZAF-SHZ-001,CUST-10110,delivery,"[{""item_id"": ""ITEM-603"", ""name"": ""Persian Tea (Chai)"", ""category"": ""Beverage"", ""quantity"": 2, ""unit_price"": 26000, ""subtotal"": 52000}, {""item_id"": ""ITEM-602"", ""name"": ""Sharbat-e Sekanjebin"", ""category"": ""Beverage"", ""quantity"": 1, ""unit_price"": 42000, ""subtotal"": 42000}, {""item_id"": ""ITEM-202"", ""name"": ""Adas Polo"", ""category"": ""Main Course"", ""quantity"": 2, ""unit_price"": 125000, ""subtotal"": 250000}, {""item_id"": ""ITEM-503"", ""name"": ""Sholeh Zard"", ""category"": ""Dessert"", ""quantity"": 1, ""unit_price"": 53000, ""subtotal"": 53000}]",397000.0,wallet,delivered,2026-04-01T11:59:54.476643
ORD-20260401-974774,2026-04-01T12:02:12.476643,ZAF-THR-001,CUST-10368,takeaway,"[{""item_id"": ""ITEM-203"", ""name"": ""Ash Reshteh"", ""category"": ""Main Course"", ""quantity"": 3, ""unit_price"": 101000, ""subtotal"": 303000}, {""item_id"": ""ITEM-306"", ""name"": ""Tahchin Morgh"", ""category"": ""Main Course"", ""quantity"": 3, ""unit_price"": 221000, ""subtotal"": 663000}, {""item_id"": ""ITEM-303"", ""name"": ""Ghormeh Sabzi"", ""category"": ""Main Course"", ""quantity"": 2, ""unit_price"": 233000, ""subtotal"": 466000}, {""item_id"": ""ITEM-103"", ""name"": ""Mirza Ghasemi"", ""category"": ""Starter"", ""quantity"": 2, ""unit_price"": 88000, ""subtotal"": 176000}, {""item_id"": ""ITEM-602"", ""name"": ""Sharbat-e Sekanjebin"", ""category"": ""Beverage"", ""quantity"": 3, ""unit_price"": 39000, ""subtotal"": 117000}]",1725000.0,cash,delivered,2026-04-01T12:02:12.476643
ORD-20260401-523727,2026-04-01T12:33:48.476643,ZAF-THR-002,CUST-10460,delivery,"[{""item_id"": ""ITEM-602"", ""name"": ""Sharbat-e Sekanjebin"", ""category"": ""Beverage"", ""quantity"": 3, ""unit_price"": 42000, ""subtotal"": 126000}]",126000.0,card,delivered,2026-04-01T12:33:48.476643
ORD-20260401-389346,2026-04-01T17:05:05.476643,ZAF-SHZ-001,CUST-10459,dine_in,"[{""item_id"": ""ITEM-205"", ""name"": ""Baghali Polo"", ""category"": ""Main Course"", ""quantity"": 1, ""unit_price"": 114000, ""subtotal"": 114000}, {""item_id"": ""ITEM-103"", ""name"": ""Mirza Ghasemi"", ""category"": ""Starter"", ""quantity"": 1, ""unit_price"": 94000, ""subtotal"": 94000}]",208000.0,wallet,delivered,2026-04-01T17:05:05.476643
ORD-20260402-495521,2026-04-02T14:28:11.476643,ZAF-MSH-001,CUST-10038,dine_in,"[{""item_id"": ""ITEM-201"", ""name"": ""Kuku Sabzi"", ""category"": ""Main Course"", ""quantity"": 3, ""unit_price"": 117000, ""subtotal"": 351000}, {""item_id"": ""ITEM-504"", ""name"": ""Zoolbia Bamieh"", ""category"": ""Dessert"", ""quantity"": 1, ""unit_price"": 62000, ""subtotal"": 62000}]",413000.0,card,completed,2026-04-02T14:28:11.476643
ORD-20260402-823044,2026-04-02T15:05:56.476643,ZAF-TBZ-001,CUST-10413,takeaway,"[{""item_id"": ""ITEM-504"", ""name"": ""Zoolbia Bamieh"", ""category"": ""Dessert"", ""quantity"": 1, ""unit_price"": 60000, ""subtotal"": 60000}]",60000.0,cash,delivered,2026-04-02T15:05:56.476643
ORD-20260402-695361,2026-04-02T22:07:21.476643,ZAF-THR-002,CUST-10374,delivery,"[{""item_id"": ""ITEM-501"", ""name"": ""Bastani Sonnati"", ""category"": ""Dessert"", ""quantity"": 1, ""unit_price"": 76000, ""subtotal"": 76000}, {""item_id"": ""ITEM-204"", ""name"": ""Sabzi Polo"", ""category"": ""Main Course"", ""quantity"": 3, ""unit_price"": 98000, ""subtotal"": 294000}, {""item_id"": ""ITEM-503"", ""name"": ""Sholeh Zard"", ""category"": ""Dessert"", ""quantity"": 2, ""unit_price"": 54000, ""subtotal"": 108000}, {""item_id"": ""ITEM-201"", ""name"": ""Kuku Sabzi"", ""category"": ""Main Course"", ""quantity"": 2, ""unit_price"": 126000, ""subtotal"": 252000}]",730000.0,cash,delivered,2026-04-02T22:07:21.476643
ORD-20260403-303895,2026-04-03T10:05:34.476643,ZAF-SHZ-001,CUST-10346,takeaway,"[{""item_id"": ""ITEM-307"", ""name"": ""Abgoosht (Dizi)"", ""category"": ""Main Course"", ""quantity"": 2, ""unit_price"": 185000, ""subtotal"": 370000}]",370000.0,card,delivered,2026-04-03T10:05:34.476643
ORD-20260403-552931,2026-04-03T12:21:19.476643,ZAF-THR-001,CUST-10320,dine_in,"[{""item_id"": ""ITEM-101"", ""name"": ""Mast-o Khiar"", ""category"": ""Starter"", ""quantity"": 2, ""unit_price"": 66000, ""subtotal"": 132000}]",132000.0,wallet,completed,2026-04-03T12:21:19.476643
ORD-20260403-438756,2026-04-03T17:47:49.476643,ZAF-THR-001,CUST-10266,dine_in,"[{""item_id"": ""ITEM-306"", ""name"": ""Tahchin Morgh"", ""category"": ""Main Course"", ""quantity"": 3, ""unit_price"": 221000, ""subtotal"": 663000}, {""item_id"": ""ITEM-303"", ""name"": ""Ghormeh Sabzi"", ""category"": ""Main Course"", ""quantity"": 2, ""unit_price"": 233000, ""subtotal"": 466000}]",1129000.0,wallet,delivered,2026-04-03T17:47:49.476643
ORD-20260404-593821,2026-04-04T11:01:13.476643,ZAF-THR-002,CUST-10326,takeaway,"[{""item_id"": ""ITEM-103"", ""name"": ""Mirza Ghasemi"", ""category"": ""Starter"", ""quantity"": 1, ""unit_price"": 93000, ""subtotal"": 93000}, {""item_id"": ""ITEM-306"", ""name"": ""Tahchin Morgh"", ""category"": ""Main Course"", ""quantity"": 2, ""unit_price"": 215000, ""subtotal"": 430000}, {""item_id"": ""ITEM-604"", ""name"": ""Sharbat-e Ablimoo"", ""category"": ""Beverage"", ""quantity"": 2, ""unit_price"": 38000, ""subtotal"": 76000}]",599000.0,wallet,completed,2026-04-04T11:01:13.476643
ORD-20260404-429287,2026-04-04T12:49:49.476643,ZAF-TBZ-001,CUST-10055,takeaway,"[{""item_id"": ""ITEM-104"", ""name"": ""Dolme Barg"", ""category"": ""Starter"", ""quantity"": 2, ""unit_price"": 114000, ""subtotal"": 228000}, {""item_id"": ""ITEM-201"", ""name"": ""Kuku Sabzi"", ""category"": ""Main Course"", ""quantity"": 2, ""unit_price"": 122000, ""subtotal"": 244000}]",472000.0,cash,completed,2026-04-04T12:49:49.476643
ORD-20260404-516656,2026-04-04T20:09:53.476643,ZAF-TBZ-001,CUST-10132,delivery,"[{""item_id"": ""ITEM-504"", ""name"": ""Zoolbia Bamieh"", ""category"": ""Dessert"", ""quantity"": 1, ""unit_price"": 60000, ""subtotal"": 60000}, {""item_id"": ""ITEM-602"", ""name"": ""Sharbat-e Sekanjebin"", ""category"": ""Beverage"", ""quantity"": 2, ""unit_price"": 41000, ""subtotal"": 82000}, {""item_id"": ""ITEM-103"", ""name"": ""Mirza Ghasemi"", ""category"": ""Starter"", ""quantity"": 3, ""unit_price"": 94000, ""subtotal"": 282000}]",424000.0,card,completed,2026-04-04T20:09:53.476643
ORD-20260404-626797,2026-04-04T20:56:51.476643,ZAF-TBZ-001,CUST-10127,takeaway,"[{""item_id"": ""ITEM-602"", ""name"": ""Sharbat-e Sekanjebin"", ""category"": ""Beverage"", ""quantity"": 2, ""unit_price"": 41000, ""subtotal"": 82000}, {""item_id"": ""ITEM-101"", ""name"": ""Mast-o Khiar"", ""category"": ""Starter"", ""quantity"": 3, ""unit_price"": 65000, ""subtotal"": 195000}, {""item_id"": ""ITEM-303"", ""name"": ""Ghormeh Sabzi"", ""category"": ""Main Course"", ""quantity"": 2, ""unit_price"": 233000, ""subtotal"": 466000}, {""item_id"": ""ITEM-503"", ""name"": ""Sholeh Zard"", ""category"": ""Dessert"", ""quantity"": 2, ""unit_price"": 53000, ""subtotal"": 106000}, {""item_id"": ""ITEM-302"", ""name"": ""Joojeh Kabab"", ""category"": ""Main Course"", ""quantity"": 3, ""unit_price"": 261000, ""subtotal"": 783000}]",1632000.0,card,completed,2026-04-04T20:56:51.476643
ORD-20260404-640869,2026-04-04T20:59:51.476643,ZAF-TBZ-001,CUST-10146,delivery,"[{""item_id"": ""ITEM-102"", ""name"": ""Kashke Bademjan"", ""category"": ""Starter"", ""quantity"": 3, ""unit_price"": 92000, ""subtotal"": 276000}, {""item_id"": ""ITEM-602"", ""name"": ""Sharbat-e Sekanjebin"", ""category"": ""Beverage"", ""quantity"": 3, ""unit_price"": 41000, ""subtotal"": 123000}]",399000.0,cash,delivered,2026-04-04T20:59:51.476643
ORD-20260405-871051,2026-04-05T11:11:59.476643,ZAF-SHZ-001,CUST-10443,takeaway,"[{""item_id"": ""ITEM-306"", ""name"": ""Tahchin Morgh"", ""category"": ""Main Course"", ""quantity"": 1, ""unit_price"": 228000, ""subtotal"": 228000}, {""item_id"": ""ITEM-503"", ""name"": ""Sholeh Zard"", ""category"": ""Dessert"", ""quantity"": 2, ""unit_price"": 53000, ""subtotal"": 106000}, {""item_id"": ""ITEM-301"", ""name"": ""Chelo Kabab Koobideh"", ""category"": ""Main Course"", ""quantity"": 2, ""unit_price"": 273000, ""subtotal"": 546000}, {""item_id"": ""ITEM-604"", ""name"": ""Sharbat-e Ablimoo"", ""category"": ""Beverage"", ""quantity"": 1, ""unit_price"": 37000, ""subtotal"": 37000}, {""item_id"": ""ITEM-305"", ""name"": ""Zereshk Polo ba Morgh"", ""category"": ""Main Course"", ""quantity"": 3, ""unit_price"": 241000, ""subtotal"": 723000}]",1640000.0,wallet,completed,2026-04-05T11:11:59.476643
ORD-20260405-736333,2026-04-05T13:53:45.476643,ZAF-TBZ-001,CUST-10227,takeaway,"[{""item_id"": ""ITEM-602"", ""name"": ""Sharbat-e Sekanjebin"", ""category"": ""Beverage"", ""quantity"": 3, ""unit_price"": 41000, ""subtotal"": 123000}]",123000.0,card,delivered,2026-04-05T13:53:45.476643
ORD-20260405-818102,2026-04-05T14:27:52.476643,ZAF-MSH-001,CUST-10340,takeaway,"[{""item_id"": ""ITEM-201"", ""name"": ""Kuku Sabzi"", ""category"": ""Main Course"", ""quantity"": 3, ""unit_price"": 117000, ""subtotal"": 351000}, {""item_id"": ""ITEM-403"", ""name"": ""Lavash Bread"", ""category"": ""Bread"", ""quantity"": 1, ""unit_price"": 15000, ""subtotal"": 15000}, {""item_id"": ""ITEM-402"", ""name"": ""Barbari Bread"", ""category"": ""Bread"", ""quantity"": 3, ""unit_price"": 21000, ""subtotal"": 63000}, {""item_id"": ""ITEM-205"", ""name"": ""Baghali Polo"", ""category"": ""Main Course"", ""quantity"": 3, ""unit_price"": 113000, ""subtotal"": 339000}]",768000.0,card,delivered,2026-04-05T14:27:52.476643
ORD-20260405-296041,2026-04-05T14:48:45.476643,ZAF-THR-001,CUST-10295,takeaway,"[{""item_id"": ""ITEM-602"", ""name"": ""Sharbat-e Sekanjebin"", ""category"": ""Beverage"", ""quantity"": 3, ""unit_price"": 39000, ""subtotal"": 117000}]",117000.0,card,delivered,2026-04-05T14:48:45.476643
ORD-20260405-778553,2026-04-05T22:34:02.476643,ZAF-ISF-001,CUST-10416,delivery,"[{""item_id"": ""ITEM-104"", ""name"": ""Dolme Barg"", ""category"": ""Starter"", ""quantity"": 3, ""unit_price"": 109000, ""subtotal"": 327000}, {""item_id"": ""ITEM-403"", ""name"": ""Lavash Bread"", ""category"": ""Bread"", ""quantity"": 3, ""unit_price"": 15000, ""subtotal"": 45000}, {""item_id"": ""ITEM-604"", ""name"": ""Sharbat-e Ablimoo"", ""category"": ""Beverage"", ""quantity"": 1, ""unit_price"": 40000, ""subtotal"": 40000}, {""item_id"": ""ITEM-502"", ""name"": ""Faloodeh Shirazi"", ""category"": ""Dessert"", ""quantity"": 3, ""unit_price"": 65000, ""subtotal"": 195000}]",607000.0,card,delivered,2026-04-05T22:34:02.476643
ORD-20260406-375201,2026-04-06T12:25:06.476643,ZAF-THR-001,CUST-10032,delivery,"[{""item_id"": ""ITEM-401"", ""name"": ""Sangak Bread"", ""category"": ""Bread"", ""quantity"": 2, ""unit_price"": 25000, ""subtotal"": 50000}, {""item_id"": ""ITEM-102"", ""name"": ""Kashke Bademjan"", ""category"": ""Starter"", ""quantity"": 3, ""unit_price"": 90000, ""subtotal"": 270000}, {""item_id"": ""ITEM-101"", ""name"": ""Mast-o Khiar"", ""category"": ""Starter"", ""quantity"": 1, ""unit_price"": 66000, ""subtotal"": 66000}, {""item_id"": ""ITEM-601"", ""name"": ""Doogh"", ""category"": ""Beverage"", ""quantity"": 1, ""unit_price"": 37000, ""subtotal"": 37000}]",423000.0,cash,delivered,2026-04-06T12:25:06.476643
ORD-20260406-277934,2026-04-06T16:50:37.476643,ZAF-TBZ-001,CUST-10335,delivery,"[{""item_id"": ""ITEM-305"", ""name"": ""Zereshk Polo ba Morgh"", ""category"": ""Main Course"", ""quantity"": 3, ""unit_price"": 219000, ""subtotal"": 657000}, {""item_id"": ""ITEM-502"", ""name"": ""Faloodeh Shirazi"", ""category"": ""Dessert"", ""quantity"": 2, ""unit_price"": 68000, ""subtotal"": 136000}, {""item_id"": ""ITEM-202"", ""name"": ""Adas Polo"", ""category"": ""Main Course"", ""quantity"": 3, ""unit_price"": 131000, ""subtotal"": 393000}]",1186000.0,cash,completed,2026-04-06T16:50:37.476643
ORD-20260406-946826,2026-04-06T17:19:29.476643,ZAF-ISF-001,CUST-10436,delivery,"[{""item_id"": ""ITEM-103"", ""name"": ""Mirza Ghasemi"", ""category"": ""Starter"", ""quantity"": 1, ""unit_price"": 87000, ""subtotal"": 87000}]",87000.0,card,delivered,2026-04-06T17:19:29.476643
ORD-20260406-316247,2026-04-06T20:57:07.476643,ZAF-THR-002,CUST-10441,delivery,"[{""item_id"": ""ITEM-503"", ""name"": ""Sholeh Zard"", ""category"": ""Dessert"", ""quantity"": 2, ""unit_price"": 54000, ""subtotal"": 108000}, {""item_id"": ""ITEM-201"", ""name"": ""Kuku Sabzi"", ""category"": ""Main Course"", ""quantity"": 1, ""unit_price"": 126000, ""subtotal"": 126000}, {""item_id"": ""ITEM-101"", ""name"": ""Mast-o Khiar"", ""category"": ""Starter"", ""quantity"": 1, ""unit_price"": 67000, ""subtotal"": 67000}, {""item_id"": ""ITEM-401"", ""name"": ""Sangak Bread"", ""category"": ""Bread"", ""quantity"": 1, ""unit_price"": 24000, ""subtotal"": 24000}, {""item_id"": ""ITEM-305"", ""name"": ""Zereshk Polo ba Morgh"", ""category"": ""Main Course"", ""quantity"": 3, ""unit_price"": 224000, ""subtotal"": 672000}]",997000.0,cash,delivered,2026-04-06T20:57:07.476643
ORD-20260406-173234,2026-04-06T21:25:44.476643,ZAF-ISF-001,CUST-10003,delivery,"[{""item_id"": ""ITEM-603"", ""name"": ""Persian Tea (Chai)"", ""category"": ""Beverage"", ""quantity"": 1, ""unit_price"": 25000, ""subtotal"": 25000}, {""item_id"": ""ITEM-306"", ""name"": ""Tahchin Morgh"", ""category"": ""Main Course"", ""quantity"": 1, ""unit_price"": 230000, ""subtotal"": 230000}]",255000.0,card,completed,2026-04-06T21:25:44.476643
ORD-20260406-193326,2026-04-06T21:59:30.476643,ZAF-ISF-001,CUST-10120,dine_in,"[{""item_id"": ""ITEM-101"", ""name"": ""Mast-o Khiar"", ""category"": ""Starter"", ""quantity"": 3, ""unit_price"": 63000, ""subtotal"": 189000}]",189000.0,wallet,completed,2026-04-06T21:59:30.476643
ORD-20260407-673734,2026-04-07T10:51:41.476643,ZAF-ISF-001,CUST-10165,delivery,"[{""item_id"": ""ITEM-504"", ""name"": ""Zoolbia Bamieh"", ""category"": ""Dessert"", ""quantity"": 1, ""unit_price"": 58000, ""subtotal"": 58000}]",58000.0,card,delivered,2026-04-07T10:51:41.476643
ORD-20260407-801442,2026-04-07T14:30:17.476643,ZAF-TBZ-001,CUST-10051,dine_in,"[{""item_id"": ""ITEM-201"", ""name"": ""Kuku Sabzi"", ""category"": ""Main Course"", ""quantity"": 2, ""unit_price"": 122000, ""subtotal"": 244000}, {""item_id"": ""ITEM-204"", ""name"": ""Sabzi Polo"", ""category"": ""Main Course"", ""quantity"": 2, ""unit_price"": 97000, ""subtotal"": 194000}, {""item_id"": ""ITEM-306"", ""name"": ""Tahchin Morgh"", ""category"": ""Main Course"", ""quantity"": 1, ""unit_price"": 229000, ""subtotal"": 229000}, {""item_id"": ""ITEM-302"", ""name"": ""Joojeh Kabab"", ""category"": ""Main Course"", ""quantity"": 1, ""unit_price"": 261000, ""subtotal"": 261000}]",928000.0,wallet,delivered,2026-04-07T14:30:17.476643
ORD-20260407-922157,2026-04-07T16:57:03.476643,ZAF-THR-002,CUST-10194,takeaway,"[{""item_id"": ""ITEM-303"", ""name"": ""Ghormeh Sabzi"", ""category"": ""Main Course"", ""quantity"": 2, ""unit_price"": 250000, ""subtotal"": 500000}]",500000.0,card,completed,2026-04-07T16:57:03.476643
ORD-20260407-303765,2026-04-07T16:57:41.476643,ZAF-TBZ-001,CUST-10072,dine_in,"[{""item_id"": ""ITEM-201"", ""name"": ""Kuku Sabzi"", ""category"": ""Main Course"", ""quantity"": 3, ""unit_price"": 122000, ""subtotal"": 366000}, {""item_id"": ""ITEM-203"", ""name"": ""Ash Reshteh"", ""category"": ""Main Course"", ""quantity"": 2, ""unit_price"": 101000, ""subtotal"": 202000}]",568000.0,cash,delivered,2026-04-07T16:57:41.476643
ORD-20260407-531066,2026-04-07T17:14:04.476643,ZAF-MSH-001,CUST-10417,takeaway,"[{""item_id"": ""ITEM-501"", ""name"": ""Bastani Sonnati"", ""category"": ""Dessert"", ""quantity"": 1, ""unit_price"": 72000, ""subtotal"": 72000}, {""item_id"": ""ITEM-403"", ""name"": ""Lavash Bread"", ""category"": ""Bread"", ""quantity"": 1, ""unit_price"": 15000, ""subtotal"": 15000}, {""item_id"": ""ITEM-302"", ""name"": ""Joojeh Kabab"", ""category"": ""Main Course"", ""quantity"": 1, ""unit_price"": 264000, ""subtotal"": 264000}]",351000.0,wallet,completed,2026-04-07T17:14:04.476643
ORD-20260407-574001,2026-04-07T19:18:44.476643,ZAF-SHZ-001,CUST-10102,dine_in,"[{""item_id"": ""ITEM-105"", ""name"": ""Salad Shirazi"", ""category"": ""Starter"", ""quantity"": 1, ""unit_price"": 53000, ""subtotal"": 53000}]",53000.0,wallet,completed,2026-04-07T19:18:44.476643
ORD-20260408-502686,2026-04-08T11:57:06.476643,ZAF-THR-002,CUST-10385,takeaway,"[{""item_id"": ""ITEM-402"", ""name"": ""Barbari Bread"", ""category"": ""Bread"", ""quantity"": 3, ""unit_price"": 21000, ""subtotal"": 63000}]",63000.0,card,completed,2026-04-08T11:57:06.476643
ORD-20260408-537619,2026-04-08T12:32:14.476643,ZAF-THR-002,CUST-10407,takeaway,"[{""item_id"": ""ITEM-403"", ""name"": ""Lavash Bread"", ""category"": ""Bread"", ""quantity"": 3, ""unit_price"": 15000, ""subtotal"": 45000}, {""item_id"": ""ITEM-503"", ""name"": ""Sholeh Zard"", ""category"": ""Dessert"", ""quantity"": 3, ""unit_price"": 54000, ""subtotal"": 162000}, {""item_id"": ""ITEM-603"", ""name"": ""Persian Tea (Chai)"", ""category"": ""Beverage"", ""quantity"": 3, ""unit_price"": 25000, ""subtotal"": 75000}, {""item_id"": ""ITEM-307"", ""name"": ""Abgoosht (Dizi)"", ""category"": ""Main Course"", ""quantity"": 3, ""unit_price"": 187000, ""subtotal"": 561000}, {""item_id"": ""ITEM-604"", ""name"": ""Sharbat-e Ablimoo"", ""category"": ""Beverage"", ""quantity"": 1, ""unit_price"": 38000, ""subtotal"": 38000}]",881000.0,cash,delivered,2026-04-08T12:32:14.476643
ORD-20260408-188876,2026-04-08T14:27:56.476643,ZAF-SHZ-001,CUST-10292,dine_in,"[{""item_id"": ""ITEM-603"", ""name"": ""Persian Tea (Chai)"", ""category"": ""Beverage"", ""quantity"": 2, ""unit_price"": 26000, ""subtotal"": 52000}, {""item_id"": ""ITEM-302"", ""name"": ""Joojeh Kabab"", ""category"": ""Main Course"", ""quantity"": 3, ""unit_price"": 257000, ""subtotal"": 771000}]",823000.0,cash,completed,2026-04-08T14:27:56.476643
ORD-20260408-959926,2026-04-08T15:09:05.476643,ZAF-MSH-001,CUST-10127,dine_in,"[{""item_id"": ""ITEM-303"", ""name"": ""Ghormeh Sabzi"", ""category"": ""Main Course"", ""quantity"": 3, ""unit_price"": 243000, ""subtotal"": 729000}, {""item_id"": ""ITEM-307"", ""name"": ""Abgoosht (Dizi)"", ""category"": ""Main Course"", ""quantity"": 2, ""unit_price"": 192000, ""subtotal"": 384000}, {""item_id"": ""ITEM-102"", ""name"": ""Kashke Bademjan"", ""category"": ""Starter"", ""quantity"": 2, ""unit_price"": 95000, ""subtotal"": 190000}]",1303000.0,cash,completed,2026-04-08T15:09:05.476643
ORD-20260408-362769,2026-04-08T19:41:06.476643,ZAF-SHZ-001,CUST-10366,takeaway,"[{""item_id"": ""ITEM-104"", ""name"": ""Dolme Barg"", ""category"": ""Starter"", ""quantity"": 1, ""unit_price"": 110000, ""subtotal"": 110000}, {""item_id"": ""ITEM-102"", ""name"": ""Kashke Bademjan"", ""category"": ""Starter"", ""quantity"": 3, ""unit_price"": 92000, ""subtotal"": 276000}, {""item_id"": ""ITEM-103"", ""name"": ""Mirza Ghasemi"", ""category"": ""Starter"", ""quantity"": 3, ""unit_price"": 94000, ""subtotal"": 282000}]",668000.0,cash,completed,2026-04-08T19:41:06.476643
ORD-20260409-955244,2026-04-09T11:51:53.476643,ZAF-MSH-001,CUST-10085,takeaway,"[{""item_id"": ""ITEM-102"", ""name"": ""Kashke Bademjan"", ""category"": ""Starter"", ""quantity"": 3, ""unit_price"": 95000, ""subtotal"": 285000}, {""item_id"": ""ITEM-304"", ""name"": ""Fesenjan"", ""category"": ""Main Course"", ""quantity"": 1, ""unit_price"": 270000, ""subtotal"": 270000}]",555000.0,card,delivered,2026-04-09T11:51:53.476643
ORD-20260409-891401,2026-04-09T12:30:09.476643,ZAF-SHZ-001,CUST-10382,delivery,"[{""item_id"": ""ITEM-302"", ""name"": ""Joojeh Kabab"", ""category"": ""Main Course"", ""quantity"": 3, ""unit_price"": 257000, ""subtotal"": 771000}, {""item_id"": ""ITEM-304"", ""name"": ""Fesenjan"", ""category"": ""Main Course"", ""quantity"": 3, ""unit_price"": 271000, ""subtotal"": 813000}, {""item_id"": ""ITEM-503"", ""name"": ""Sholeh Zard"", ""category"": ""Dessert"", ""quantity"": 1, ""unit_price"": 53000, ""subtotal"": 53000}, {""item_id"": ""ITEM-401"", ""name"": ""Sangak Bread"", ""category"": ""Bread"", ""quantity"": 1, ""unit_price"": 26000, ""subtotal"": 26000}, {""item_id"": ""ITEM-306"", ""name"": ""Tahchin Morgh"", ""category"": ""Main Course"", ""quantity"": 3, ""unit_price"": 228000, ""subtotal"": 684000}]",2347000.0,cash,completed,2026-04-09T12:30:09.476643
ORD-20260409-593393,2026-04-09T15:14:47.476643,ZAF-ISF-001,CUST-10215,dine_in,"[{""item_id"": ""ITEM-302"", ""name"": ""Joojeh Kabab"", ""category"": ""Main Course"", ""quantity"": 2, ""unit_price"": 248000, ""subtotal"": 496000}, {""item_id"": ""ITEM-204"", ""name"": ""Sabzi Polo"", ""category"": ""Main Course"", ""quantity"": 2, ""unit_price"": 98000, ""subtotal"": 196000}, {""item_id"": ""ITEM-402"", ""name"": ""Barbari Bread"", ""category"": ""Bread"", ""quantity"": 1, ""unit_price"": 22000, ""subtotal"": 22000}]",714000.0,wallet,delivered,2026-04-09T15:14:47.476643
ORD-20260410-975686,2026-04-10T12:09:04.476643,ZAF-ISF-001,CUST-10432,delivery,"[{""item_id"": ""ITEM-307"", ""name"": ""Abgoosht (Dizi)"", ""category"": ""Main Course"", ""quantity"": 3, ""unit_price"": 202000, ""subtotal"": 606000}]",606000.0,wallet,delivered,2026-04-10T12:09:04.476643
ORD-20260410-806033,2026-04-10T15:15:26.476643,ZAF-MSH-001,CUST-10163,dine_in,"[{""item_id"": ""ITEM-603"", ""name"": ""Persian Tea (Chai)"", ""category"": ""Beverage"", ""quantity"": 2, ""unit_price"": 24000, ""subtotal"": 48000}, {""item_id"": ""ITEM-103"", ""name"": ""Mirza Ghasemi"", ""category"": ""Starter"", ""quantity"": 1, ""unit_price"": 88000, ""subtotal"": 88000}, {""item_id"": ""ITEM-402"", ""name"": ""Barbari Bread"", ""category"": ""Bread"", ""quantity"": 3, ""unit_price"": 21000, ""subtotal"": 63000}]",199000.0,cash,delivered,2026-04-10T15:15:26.476643
ORD-20260410-101885,2026-04-10T20:37:52.476643,ZAF-THR-002,CUST-10193,delivery,"[{""item_id"": ""ITEM-504"", ""name"": ""Zoolbia Bamieh"", ""category"": ""Dessert"", ""quantity"": 1, ""unit_price"": 58000, ""subtotal"": 58000}, {""item_id"": ""ITEM-503"", ""name"": ""Sholeh Zard"", ""category"": ""Dessert"", ""quantity"": 1, ""unit_price"": 54000, ""subtotal"": 54000}, {""item_id"": ""ITEM-205"", ""name"": ""Baghali Polo"", ""category"": ""Main Course"", ""quantity"": 3, ""unit_price"": 116000, ""subtotal"": 348000}]",460000.0,wallet,completed,2026-04-10T20:37:52.476643
ORD-20260410-511341,2026-04-10T21:47:03.476643,ZAF-THR-002,CUST-10438,takeaway,"[{""item_id"": ""ITEM-504"", ""name"": ""Zoolbia Bamieh"", ""category"": ""Dessert"", ""quantity"": 3, ""unit_price"": 58000, ""subtotal"": 174000}, {""item_id"": ""ITEM-303"", ""name"": ""Ghormeh Sabzi"", ""category"": ""Main Course"", ""quantity"": 1, ""unit_price"": 250000, ""subtotal"": 250000}, {""item_id"": ""ITEM-205"", ""name"": ""Baghali Polo"", ""category"": ""Main Course"", ""quantity"": 1, ""unit_price"": 116000, ""subtotal"": 116000}, {""item_id"": ""ITEM-603"", ""name"": ""Persian Tea (Chai)"", ""category"": ""Beverage"", ""quantity"": 3, ""unit_price"": 25000, ""subtotal"": 75000}]",615000.0,card,completed,2026-04-10T21:47:03.476643
ORD-20260411-595631,2026-04-11T11:57:02.476643,ZAF-ISF-001,CUST-10036,dine_in,"[{""item_id"": ""ITEM-203"", ""name"": ""Ash Reshteh"", ""category"": ""Main Course"", ""quantity"": 3, ""unit_price"": 107000, ""subtotal"": 321000}, {""item_id"": ""ITEM-204"", ""name"": ""Sabzi Polo"", ""category"": ""Main Course"", ""quantity"": 1, ""unit_price"": 98000, ""subtotal"": 98000}, {""item_id"": ""ITEM-502"", ""name"": ""Faloodeh Shirazi"", ""category"": ""Dessert"", ""quantity"": 3, ""unit_price"": 65000, ""subtotal"": 195000}, {""item_id"": ""ITEM-306"", ""name"": ""Tahchin Morgh"", ""category"": ""Main Course"", ""quantity"": 3, ""unit_price"": 230000, ""subtotal"": 690000}, {""item_id"": ""ITEM-202"", ""name"": ""Adas Polo"", ""category"": ""Main Course"", ""quantity"": 3, ""unit_price"": 131000, ""subtotal"": 393000}]",1697000.0,card,completed,2026-04-11T11:57:02.476643
ORD-20260411-252656,2026-04-11T12:51:27.476643,ZAF-SHZ-001,CUST-10470,dine_in,"[{""item_id"": ""ITEM-305"", ""name"": ""Zereshk Polo ba Morgh"", ""category"": ""Main Course"", ""quantity"": 3, ""unit_price"": 241000, ""subtotal"": 723000}, {""item_id"": ""ITEM-604"", ""name"": ""Sharbat-e Ablimoo"", ""category"": ""Beverage"", ""quantity"": 2, ""unit_price"": 37000, ""subtotal"": 74000}, {""item_id"": ""ITEM-307"", ""name"": ""Abgoosht (Dizi)"", ""category"": ""Main Course"", ""quantity"": 1, ""unit_price"": 185000, ""subtotal"": 185000}, {""item_id"": ""ITEM-602"", ""name"": ""Sharbat-e Sekanjebin"", ""category"": ""Beverage"", ""quantity"": 2, ""unit_price"": 42000, ""subtotal"": 84000}]",1066000.0,wallet,delivered,2026-04-11T12:51:27.476643
ORD-20260412-183246,2026-04-12T10:39:48.476643,ZAF-THR-001,CUST-10158,dine_in,"[{""item_id"": ""ITEM-504"", ""name"": ""Zoolbia Bamieh"", ""category"": ""Dessert"", ""quantity"": 1, ""unit_price"": 58000, ""subtotal"": 58000}, {""item_id"": ""ITEM-304"", ""name"": ""Fesenjan"", ""category"": ""Main Course"", ""quantity"": 3, ""unit_price"": 262000, ""subtotal"": 786000}]",844000.0,cash,completed,2026-04-12T10:39:48.476643
ORD-20260412-830789,2026-04-12T11:09:00.476643,ZAF-SHZ-001,CUST-10111,dine_in,"[{""item_id"": ""ITEM-304"", ""name"": ""Fesenjan"", ""category"": ""Main Course"", ""quantity"": 2, ""unit_price"": 271000, ""subtotal"": 542000}, {""item_id"": ""ITEM-205"", ""name"": ""Baghali Polo"", ""category"": ""Main Course"", ""quantity"": 2, ""unit_price"": 114000, ""subtotal"": 228000}, {""item_id"": ""ITEM-602"", ""name"": ""Sharbat-e Sekanjebin"", ""category"": ""Beverage"", ""quantity"": 2, ""unit_price"": 42000, ""subtotal"": 84000}]",854000.0,card,delivered,2026-04-12T11:09:00.476643
ORD-20260412-592489,2026-04-12T11:16:23.476643,ZAF-THR-002,CUST-10021,takeaway,"[{""item_id"": ""ITEM-307"", ""name"": ""Abgoosht (Dizi)"", ""category"": ""Main Course"", ""quantity"": 2, ""unit_price"": 187000, ""subtotal"": 374000}, {""item_id"": ""ITEM-602"", ""name"": ""Sharbat-e Sekanjebin"", ""category"": ""Beverage"", ""quantity"": 2, ""unit_price"": 42000, ""subtotal"": 84000}]",458000.0,cash,delivered,2026-04-12T11:16:23.476643
ORD-20260412-725780,2026-04-12T11:46:12.476643,ZAF-ISF-001,CUST-10061,takeaway,"[{""item_id"": ""ITEM-601"", ""name"": ""Doogh"", ""category"": ""Beverage"", ""quantity"": 2, ""unit_price"": 35000, ""subtotal"": 70000}, {""item_id"": ""ITEM-503"", ""name"": ""Sholeh Zard"", ""category"": ""Dessert"", ""quantity"": 2, ""unit_price"": 54000, ""subtotal"": 108000}, {""item_id"": ""ITEM-201"", ""name"": ""Kuku Sabzi"", ""category"": ""Main Course"", ""quantity"": 3, ""unit_price"": 122000, ""subtotal"": 366000}, {""item_id"": ""ITEM-202"", ""name"": ""Adas Polo"", ""category"": ""Main Course"", ""quantity"": 3, ""unit_price"": 131000, ""subtotal"": 393000}, {""item_id"": ""ITEM-504"", ""name"": ""Zoolbia Bamieh"", ""category"": ""Dessert"", ""quantity"": 3, ""unit_price"": 58000, ""subtotal"": 174000}]",1111000.0,cash,delivered,2026-04-12T11:46:12.476643
ORD-20260412-876555,2026-04-12T13:16:07.476643,ZAF-ISF-001,CUST-10044,delivery,"[{""item_id"": ""ITEM-103"", ""name"": ""Mirza Ghasemi"", ""category"": ""Starter"", ""quantity"": 2, ""unit_price"": 87000, ""subtotal"": 174000}]",174000.0,cash,delivered,2026-04-12T13:16:07.476643
ORD-20260412-760717,2026-04-12T16:21:34.476643,ZAF-THR-001,CUST-10490,delivery,"[{""item_id"": ""ITEM-504"", ""name"": ""Zoolbia Bamieh"", ""category"": ""Dessert"", ""quantity"": 1, ""unit_price"": 58000, ""subtotal"": 58000}, {""item_id"": ""ITEM-204"", ""name"": ""Sabzi Polo"", ""category"": ""Main Course"", ""quantity"": 3, ""unit_price"": 94000, ""subtotal"": 282000}, {""item_id"": ""ITEM-501"", ""name"": ""Bastani Sonnati"", ""category"": ""Dessert"", ""quantity"": 1, ""unit_price"": 77000, ""subtotal"": 77000}, {""item_id"": ""ITEM-103"", ""name"": ""Mirza Ghasemi"", ""category"": ""Starter"", ""quantity"": 3, ""unit_price"": 88000, ""subtotal"": 264000}]",681000.0,card,delivered,2026-04-12T16:21:34.476643
ORD-20260412-278758,2026-04-12T17:23:02.476643,ZAF-ISF-001,CUST-10252,delivery,"[{""item_id"": ""ITEM-202"", ""name"": ""Adas Polo"", ""category"": ""Main Course"", ""quantity"": 1, ""unit_price"": 131000, ""subtotal"": 131000}, {""item_id"": ""ITEM-101"", ""name"": ""Mast-o Khiar"", ""category"": ""Starter"", ""quantity"": 2, ""unit_price"": 63000, ""subtotal"": 126000}, {""item_id"": ""ITEM-603"", ""name"": ""Persian Tea (Chai)"", ""category"": ""Beverage"", ""quantity"": 3, ""unit_price"": 25000, ""subtotal"": 75000}, {""item_id"": ""ITEM-501"", ""name"": ""Bastani Sonnati"", ""category"": ""Dessert"", ""quantity"": 3, ""unit_price"": 78000, ""subtotal"": 234000}, {""item_id"": ""ITEM-303"", ""name"": ""Ghormeh Sabzi"", ""category"": ""Main Course"", ""quantity"": 2, ""unit_price"": 240000, ""subtotal"": 480000}]",1046000.0,cash,delivered,2026-04-12T17:23:02.476643
ORD-20260412-401603,2026-04-12T17:40:16.476643,ZAF-SHZ-001,CUST-10130,delivery,"[{""item_id"": ""ITEM-602"", ""name"": ""Sharbat-e Sekanjebin"", ""category"": ""Beverage"", ""quantity"": 2, ""unit_price"": 42000, ""subtotal"": 84000}]",84000.0,wallet,delivered,2026-04-12T17:40:16.476643
ORD-20260412-782540,2026-04-12T19:50:42.476643,ZAF-TBZ-001,CUST-10005,delivery,"[{""item_id"": ""ITEM-303"", ""name"": ""Ghormeh Sabzi"", ""category"": ""Main Course"", ""quantity"": 3, ""unit_price"": 233000, ""subtotal"": 699000}, {""item_id"": ""ITEM-305"", ""name"": ""Zereshk Polo ba Morgh"", ""category"": ""Main Course"", ""quantity"": 3, ""unit_price"": 219000, ""subtotal"": 657000}, {""item_id"": ""ITEM-602"", ""name"": ""Sharbat-e Sekanjebin"", ""category"": ""Beverage"", ""quantity"": 1, ""unit_price"": 41000, ""subtotal"": 41000}, {""item_id"": ""ITEM-304"", ""name"": ""Fesenjan"", ""category"": ""Main Course"", ""quantity"": 2, ""unit_price"": 265000, ""subtotal"": 530000}]",1927000.0,cash,completed,2026-04-12T19:50:42.476643
ORD-20260412-777568,2026-04-12T21:03:33.476643,ZAF-THR-001,CUST-10216,takeaway,"[{""item_id"": ""ITEM-301"", ""name"": ""Chelo Kabab Koobideh"", ""category"": ""Main Course"", ""quantity"": 2, ""unit_price"": 277000, ""subtotal"": 554000}, {""item_id"": ""ITEM-401"", ""name"": ""Sangak Bread"", ""category"": ""Bread"", ""quantity"": 2, ""unit_price"": 25000, ""subtotal"": 50000}, {""item_id"": ""ITEM-103"", ""name"": ""Mirza Ghasemi"", ""category"": ""Starter"", ""quantity"": 1, ""unit_price"": 88000, ""subtotal"": 88000}, {""item_id"": ""ITEM-204"", ""name"": ""Sabzi Polo"", ""category"": ""Main Course"", ""quantity"": 2, ""unit_price"": 94000, ""subtotal"": 188000}, {""item_id"": ""ITEM-501"", ""name"": ""Bastani Sonnati"", ""category"": ""Dessert"", ""quantity"": 3, ""unit_price"": 77000, ""subtotal"": 231000}]",1111000.0,card,completed,2026-04-12T21:03:33.476643
ORD-20260412-614345,2026-04-12T21:46:27.476643,ZAF-ISF-001,CUST-10075,delivery,"[{""item_id"": ""ITEM-103"", ""name"": ""Mirza Ghasemi"", ""category"": ""Starter"", ""quantity"": 1, ""unit_price"": 87000, ""subtotal"": 87000}, {""item_id"": ""ITEM-306"", ""name"": ""Tahchin Morgh"", ""category"": ""Main Course"", ""quantity"": 1, ""unit_price"": 230000, ""subtotal"": 230000}, {""item_id"": ""ITEM-201"", ""name"": ""Kuku Sabzi"", ""category"": ""Main Course"", ""quantity"": 1, ""unit_price"": 122000, ""subtotal"": 122000}, {""item_id"": ""ITEM-305"", ""name"": ""Zereshk Polo ba Morgh"", ""category"": ""Main Course"", ""quantity"": 3, ""unit_price"": 223000, ""subtotal"": 669000}]",1108000.0,cash,completed,2026-04-12T21:46:27.476643
ORD-20260412-507723,2026-04-12T22:25:40.476643,ZAF-THR-002,CUST-10095,dine_in,"[{""item_id"": ""ITEM-303"", ""name"": ""Ghormeh Sabzi"", ""category"": ""Main Course"", ""quantity"": 1, ""unit_price"": 250000, ""subtotal"": 250000}, {""item_id"": ""ITEM-101"", ""name"": ""Mast-o Khiar"", ""category"": ""Starter"", ""quantity"": 2, ""unit_price"": 67000, ""subtotal"": 134000}, {""item_id"": ""ITEM-504"", ""name"": ""Zoolbia Bamieh"", ""category"": ""Dessert"", ""quantity"": 3, ""unit_price"": 58000, ""subtotal"": 174000}, {""item_id"": ""ITEM-403"", ""name"": ""Lavash Bread"", ""category"": ""Bread"", ""quantity"": 2, ""unit_price"": 15000, ""subtotal"": 30000}]",588000.0,wallet,delivered,2026-04-12T22:25:40.476643
ORD-20260413-379766,2026-04-13T12:51:51.476643,ZAF-THR-002,CUST-10451,dine_in,"[{""item_id"": ""ITEM-101"", ""name"": ""Mast-o Khiar"", ""category"": ""Starter"", ""quantity"": 2, ""unit_price"": 67000, ""subtotal"": 134000}, {""item_id"": ""ITEM-201"", ""name"": ""Kuku Sabzi"", ""category"": ""Main Course"", ""quantity"": 3, ""unit_price"": 126000, ""subtotal"": 378000}, {""item_id"": ""ITEM-504"", ""name"": ""Zoolbia Bamieh"", ""category"": ""Dessert"", ""quantity"": 3, ""unit_price"": 58000, ""subtotal"": 174000}, {""item_id"": ""ITEM-301"", ""name"": ""Chelo Kabab Koobideh"", ""category"": ""Main Course"", ""quantity"": 1, ""unit_price"": 295000, ""subtotal"": 295000}]",981000.0,wallet,delivered,2026-04-13T12:51:51.476643
ORD-20260413-244283,2026-04-13T16:05:23.476643,ZAF-THR-002,CUST-10014,dine_in,"[{""item_id"": ""ITEM-104"", ""name"": ""Dolme Barg"", ""category"": ""Starter"", ""quantity"": 3, ""unit_price"": 113000, ""subtotal"": 339000}, {""item_id"": ""ITEM-603"", ""name"": ""Persian Tea (Chai)"", ""category"": ""Beverage"", ""quantity"": 2, ""unit_price"": 25000, ""subtotal"": 50000}, {""item_id"": ""ITEM-503"", ""name"": ""Sholeh Zard"", ""category"": ""Dessert"", ""quantity"": 1, ""unit_price"": 54000, ""subtotal"": 54000}]",443000.0,card,completed,2026-04-13T16:05:23.476643
ORD-20260413-718115,2026-04-13T16:13:09.476643,ZAF-THR-001,CUST-10089,dine_in,"[{""item_id"": ""ITEM-204"", ""name"": ""Sabzi Polo"", ""category"": ""Main Course"", ""quantity"": 2, ""unit_price"": 94000, ""subtotal"": 188000}, {""item_id"": ""ITEM-305"", ""name"": ""Zereshk Polo ba Morgh"", ""category"": ""Main Course"", ""quantity"": 2, ""unit_price"": 233000, ""subtotal"": 466000}]",654000.0,card,completed,2026-04-13T16:13:09.476643
ORD-20260414-521805,2026-04-14T13:04:06.476643,ZAF-TBZ-001,CUST-10017,takeaway,"[{""item_id"": ""ITEM-403"", ""name"": ""Lavash Bread"", ""category"": ""Bread"", ""quantity"": 1, ""unit_price"": 14000, ""subtotal"": 14000}, {""item_id"": ""ITEM-502"", ""name"": ""Faloodeh Shirazi"", ""category"": ""Dessert"", ""quantity"": 1, ""unit_price"": 68000, ""subtotal"": 68000}, {""item_id"": ""ITEM-503"", ""name"": ""Sholeh Zard"", ""category"": ""Dessert"", ""quantity"": 3, ""unit_price"": 53000, ""subtotal"": 159000}, {""item_id"": ""ITEM-604"", ""name"": ""Sharbat-e Ablimoo"", ""category"": ""Beverage"", ""quantity"": 1, ""unit_price"": 37000, ""subtotal"": 37000}]",278000.0,cash,delivered,2026-04-14T13:04:06.476643
ORD-20260414-751332,2026-04-14T14:25:08.476643,ZAF-MSH-001,CUST-10330,delivery,"[{""item_id"": ""ITEM-305"", ""name"": ""Zereshk Polo ba Morgh"", ""category"": ""Main Course"", ""quantity"": 1, ""unit_price"": 221000, ""subtotal"": 221000}, {""item_id"": ""ITEM-301"", ""name"": ""Chelo Kabab Koobideh"", ""category"": ""Main Course"", ""quantity"": 1, ""unit_price"": 299000, ""subtotal"": 299000}, {""item_id"": ""ITEM-601"", ""name"": ""Doogh"", ""category"": ""Beverage"", ""quantity"": 2, ""unit_price"": 36000, ""subtotal"": 72000}]",592000.0,cash,delivered,2026-04-14T14:25:08.476643
ORD-20260414-825309,2026-04-14T14:42:09.476643,ZAF-MSH-001,CUST-10216,takeaway,"[{""item_id"": ""ITEM-103"", ""name"": ""Mirza Ghasemi"", ""category"": ""Starter"", ""quantity"": 3, ""unit_price"": 88000, ""subtotal"": 264000}, {""item_id"": ""ITEM-305"", ""name"": ""Zereshk Polo ba Morgh"", ""category"": ""Main Course"", ""quantity"": 2, ""unit_price"": 221000, ""subtotal"": 442000}, {""item_id"": ""ITEM-403"", ""name"": ""Lavash Bread"", ""category"": ""Bread"", ""quantity"": 3, ""unit_price"": 15000, ""subtotal"": 45000}, {""item_id"": ""ITEM-306"", ""name"": ""Tahchin Morgh"", ""category"": ""Main Course"", ""quantity"": 3, ""unit_price"": 214000, ""subtotal"": 642000}]",1393000.0,wallet,delivered,2026-04-14T14:42:09.476643
ORD-20260414-945435,2026-04-14T15:42:25.476643,ZAF-SHZ-001,CUST-10312,dine_in,"[{""item_id"": ""ITEM-302"", ""name"": ""Joojeh Kabab"", ""category"": ""Main Course"", ""quantity"": 2, ""unit_price"": 257000, ""subtotal"": 514000}]",514000.0,cash,completed,2026-04-14T15:42:25.476643
ORD-20260414-813269,2026-04-14T18:07:41.476643,ZAF-SHZ-001,CUST-10377,takeaway,"[{""item_id"": ""ITEM-604"", ""name"": ""Sharbat-e Ablimoo"", ""category"": ""Beverage"", ""quantity"": 1, ""unit_price"": 37000, ""subtotal"": 37000}, {""item_id"": ""ITEM-503"", ""name"": ""Sholeh Zard"", ""category"": ""Dessert"", ""quantity"": 2, ""unit_price"": 53000, ""subtotal"": 106000}, {""item_id"": ""ITEM-202"", ""name"": ""Adas Polo"", ""category"": ""Main Course"", ""quantity"": 2, ""unit_price"": 125000, ""subtotal"": 250000}, {""item_id"": ""ITEM-601"", ""name"": ""Doogh"", ""category"": ""Beverage"", ""quantity"": 2, ""unit_price"": 35000, ""subtotal"": 70000}, {""item_id"": ""ITEM-504"", ""name"": ""Zoolbia Bamieh"", ""category"": ""Dessert"", ""quantity"": 3, ""unit_price"": 60000, ""subtotal"": 180000}]",643000.0,card,delivered,2026-04-14T18:07:41.476643
ORD-20260414-694764,2026-04-14T19:15:35.476643,ZAF-THR-002,CUST-10498,takeaway,"[{""item_id"": ""ITEM-303"", ""name"": ""Ghormeh Sabzi"", ""category"": ""Main Course"", ""quantity"": 3, ""unit_price"": 250000, ""subtotal"": 750000}, {""item_id"": ""ITEM-103"", ""name"": ""Mirza Ghasemi"", ""category"": ""Starter"", ""quantity"": 3, ""unit_price"": 93000, ""subtotal"": 279000}, {""item_id"": ""ITEM-301"", ""name"": ""Chelo Kabab Koobideh"", ""category"": ""Main Course"", ""quantity"": 2, ""unit_price"": 295000, ""subtotal"": 590000}, {""item_id"": ""ITEM-202"", ""name"": ""Adas Polo"", ""category"": ""Main Course"", ""quantity"": 2, ""unit_price"": 128000, ""subtotal"": 256000}]",1875000.0,wallet,delivered,2026-04-14T19:15:35.476643
ORD-20260415-842287,2026-04-15T11:59:27.476643,ZAF-THR-001,CUST-10232,dine_in,"[{""item_id"": ""ITEM-403"", ""name"": ""Lavash Bread"", ""category"": ""Bread"", ""quantity"": 3, ""unit_price"": 14000, ""subtotal"": 42000}, {""item_id"": ""ITEM-102"", ""name"": ""Kashke Bademjan"", ""category"": ""Starter"", ""quantity"": 3, ""unit_price"": 90000, ""subtotal"": 270000}, {""item_id"": ""ITEM-205"", ""name"": ""Baghali Polo"", ""category"": ""Main Course"", ""quantity"": 1, ""unit_price"": 110000, ""subtotal"": 110000}, {""item_id"": ""ITEM-502"", ""name"": ""Faloodeh Shirazi"", ""category"": ""Dessert"", ""quantity"": 1, ""unit_price"": 66000, ""subtotal"": 66000}, {""item_id"": ""ITEM-504"", ""name"": ""Zoolbia Bamieh"", ""category"": ""Dessert"", ""quantity"": 1, ""unit_price"": 58000, ""subtotal"": 58000}]",546000.0,wallet,delivered,2026-04-15T11:59:27.476643
ORD-20260415-785010,2026-04-15T18:17:39.476643,ZAF-MSH-001,CUST-10285,takeaway,"[{""item_id"": ""ITEM-102"", ""name"": ""Kashke Bademjan"", ""category"": ""Starter"", ""quantity"": 1, ""unit_price"": 95000, ""subtotal"": 95000}, {""item_id"": ""ITEM-201"", ""name"": ""Kuku Sabzi"", ""category"": ""Main Course"", ""quantity"": 1, ""unit_price"": 117000, ""subtotal"": 117000}]",212000.0,cash,delivered,2026-04-15T18:17:39.476643
ORD-20260415-588899,2026-04-15T21:38:45.476643,ZAF-THR-002,CUST-10203,delivery,"[{""item_id"": ""ITEM-401"", ""name"": ""Sangak Bread"", ""category"": ""Bread"", ""quantity"": 2, ""unit_price"": 24000, ""subtotal"": 48000}, {""item_id"": ""ITEM-301"", ""name"": ""Chelo Kabab Koobideh"", ""category"": ""Main Course"", ""quantity"": 2, ""unit_price"": 295000, ""subtotal"": 590000}]",638000.0,wallet,completed,2026-04-15T21:38:45.476643
ORD-20260416-261395,2026-04-16T12:31:05.476643,ZAF-MSH-001,CUST-10316,delivery,"[{""item_id"": ""ITEM-601"", ""name"": ""Doogh"", ""category"": ""Beverage"", ""quantity"": 1, ""unit_price"": 36000, ""subtotal"": 36000}, {""item_id"": ""ITEM-501"", ""name"": ""Bastani Sonnati"", ""category"": ""Dessert"", ""quantity"": 2, ""unit_price"": 72000, ""subtotal"": 144000}, {""item_id"": ""ITEM-102"", ""name"": ""Kashke Bademjan"", ""category"": ""Starter"", ""quantity"": 3, ""unit_price"": 95000, ""subtotal"": 285000}]",465000.0,wallet,delivered,2026-04-16T12:31:05.476643
ORD-20260416-220031,2026-04-16T13:41:19.476643,ZAF-TBZ-001,CUST-10043,takeaway,"[{""item_id"": ""ITEM-604"", ""name"": ""Sharbat-e Ablimoo"", ""category"": ""Beverage"", ""quantity"": 2, ""unit_price"": 37000, ""subtotal"": 74000}]",74000.0,cash,delivered,2026-04-16T13:41:19.476643
ORD-20260416-546376,2026-04-16T15:27:37.476643,ZAF-THR-002,CUST-10456,delivery,"[{""item_id"": ""ITEM-105"", ""name"": ""Salad Shirazi"", ""category"": ""Starter"", ""quantity"": 1, ""unit_price"": 55000, ""subtotal"": 55000}, {""item_id"": ""ITEM-402"", ""name"": ""Barbari Bread"", ""category"": ""Bread"", ""quantity"": 2, ""unit_price"": 21000, ""subtotal"": 42000}, {""item_id"": ""ITEM-101"", ""name"": ""Mast-o Khiar"", ""category"": ""Starter"", ""quantity"": 3, ""unit_price"": 67000, ""subtotal"": 201000}, {""item_id"": ""ITEM-304"", ""name"": ""Fesenjan"", ""category"": ""Main Course"", ""quantity"": 3, ""unit_price"": 258000, ""subtotal"": 774000}, {""item_id"": ""ITEM-102"", ""name"": ""Kashke Bademjan"", ""category"": ""Starter"", ""quantity"": 1, ""unit_price"": 96000, ""subtotal"": 96000}]",1168000.0,card,completed,2026-04-16T15:27:37.476643
ORD-20260416-115267,2026-04-16T15:58:15.476643,ZAF-THR-002,CUST-10046,takeaway,"[{""item_id"": ""ITEM-304"", ""name"": ""Fesenjan"", ""category"": ""Main Course"", ""quantity"": 1, ""unit_price"": 258000, ""subtotal"": 258000}]",258000.0,cash,delivered,2026-04-16T15:58:15.476643
ORD-20260416-276358,2026-04-16T22:35:41.476643,ZAF-THR-002,CUST-10155,dine_in,"[{""item_id"": ""ITEM-304"", ""name"": ""Fesenjan"", ""category"": ""Main Course"", ""quantity"": 3, ""unit_price"": 258000, ""subtotal"": 774000}, {""item_id"": ""ITEM-305"", ""name"": ""Zereshk Polo ba Morgh"", ""category"": ""Main Course"", ""quantity"": 1, ""unit_price"": 224000, ""subtotal"": 224000}, {""item_id"": ""ITEM-103"", ""name"": ""Mirza Ghasemi"", ""category"": ""Starter"", ""quantity"": 1, ""unit_price"": 93000, ""subtotal"": 93000}, {""item_id"": ""ITEM-604"", ""name"": ""Sharbat-e Ablimoo"", ""category"": ""Beverage"", ""quantity"": 2, ""unit_price"": 38000, ""subtotal"": 76000}, {""item_id"": ""ITEM-501"", ""name"": ""Bastani Sonnati"", ""category"": ""Dessert"", ""quantity"": 3, ""unit_price"": 76000, ""subtotal"": 228000}]",1395000.0,wallet,completed,2026-04-16T22:35:41.476643
ORD-20260417-731024,2026-04-17T10:04:19.476643,ZAF-MSH-001,CUST-10005,dine_in,"[{""item_id"": ""ITEM-602"", ""name"": ""Sharbat-e Sekanjebin"", ""category"": ""Beverage"", ""quantity"": 1, ""unit_price"": 38000, ""subtotal"": 38000}]",38000.0,wallet,delivered,2026-04-17T10:04:19.476643
ORD-20260417-670027,2026-04-17T10:31:45.476643,ZAF-SHZ-001,CUST-10286,takeaway,"[{""item_id"": ""ITEM-401"", ""name"": ""Sangak Bread"", ""category"": ""Bread"", ""quantity"": 1, ""unit_price"": 26000, ""subtotal"": 26000}, {""item_id"": ""ITEM-503"", ""name"": ""Sholeh Zard"", ""category"": ""Dessert"", ""quantity"": 3, ""unit_price"": 53000, ""subtotal"": 159000}, {""item_id"": ""ITEM-306"", ""name"": ""Tahchin Morgh"", ""category"": ""Main Course"", ""quantity"": 1, ""unit_price"": 228000, ""subtotal"": 228000}]",413000.0,card,completed,2026-04-17T10:31:45.476643
ORD-20260417-230521,2026-04-17T10:48:41.476643,ZAF-THR-002,CUST-10146,takeaway,"[{""item_id"": ""ITEM-604"", ""name"": ""Sharbat-e Ablimoo"", ""category"": ""Beverage"", ""quantity"": 3, ""unit_price"": 38000, ""subtotal"": 114000}, {""item_id"": ""ITEM-601"", ""name"": ""Doogh"", ""category"": ""Beverage"", ""quantity"": 2, ""unit_price"": 34000, ""subtotal"": 68000}, {""item_id"": ""ITEM-102"", ""name"": ""Kashke Bademjan"", ""category"": ""Starter"", ""quantity"": 2, ""unit_price"": 96000, ""subtotal"": 192000}]",374000.0,card,completed,2026-04-17T10:48:41.476643
ORD-20260417-913432,2026-04-17T13:06:30.476643,ZAF-THR-002,CUST-10490,delivery,"[{""item_id"": ""ITEM-603"", ""name"": ""Persian Tea (Chai)"", ""category"": ""Beverage"", ""quantity"": 3, ""unit_price"": 25000, ""subtotal"": 75000}, {""item_id"": ""ITEM-102"", ""name"": ""Kashke Bademjan"", ""category"": ""Starter"", ""quantity"": 1, ""unit_price"": 96000, ""subtotal"": 96000}, {""item_id"": ""ITEM-301"", ""name"": ""Chelo Kabab Koobideh"", ""category"": ""Main Course"", ""quantity"": 1, ""unit_price"": 295000, ""subtotal"": 295000}]",466000.0,wallet,completed,2026-04-17T13:06:30.476643
ORD-20260417-669508,2026-04-17T14:47:52.476643,ZAF-MSH-001,CUST-10432,takeaway,"[{""item_id"": ""ITEM-202"", ""name"": ""Adas Polo"", ""category"": ""Main Course"", ""quantity"": 1, ""unit_price"": 131000, ""subtotal"": 131000}, {""item_id"": ""ITEM-503"", ""name"": ""Sholeh Zard"", ""category"": ""Dessert"", ""quantity"": 3, ""unit_price"": 54000, ""subtotal"": 162000}, {""item_id"": ""ITEM-403"", ""name"": ""Lavash Bread"", ""category"": ""Bread"", ""quantity"": 3, ""unit_price"": 15000, ""subtotal"": 45000}]",338000.0,cash,completed,2026-04-17T14:47:52.476643
ORD-20260418-305222,2026-04-18T16:29:19.476643,ZAF-SHZ-001,CUST-10145,dine_in,"[{""item_id"": ""ITEM-401"", ""name"": ""Sangak Bread"", ""category"": ""Bread"", ""quantity"": 2, ""unit_price"": 26000, ""subtotal"": 52000}, {""item_id"": ""ITEM-403"", ""name"": ""Lavash Bread"", ""category"": ""Bread"", ""quantity"": 1, ""unit_price"": 15000, ""subtotal"": 15000}, {""item_id"": ""ITEM-306"", ""name"": ""Tahchin Morgh"", ""category"": ""Main Course"", ""quantity"": 3, ""unit_price"": 228000, ""subtotal"": 684000}, {""item_id"": ""ITEM-103"", ""name"": ""Mirza Ghasemi"", ""category"": ""Starter"", ""quantity"": 2, ""unit_price"": 94000, ""subtotal"": 188000}]",939000.0,cash,delivered,2026-04-18T16:29:19.476643
ORD-20260418-223552,2026-04-18T17:49:14.476643,ZAF-THR-001,CUST-10145,delivery,"[{""item_id"": ""ITEM-401"", ""name"": ""Sangak Bread"", ""category"": ""Bread"", ""quantity"": 3, ""unit_price"": 25000, ""subtotal"": 75000}, {""item_id"": ""ITEM-304"", ""name"": ""Fesenjan"", ""category"": ""Main Course"", ""quantity"": 3, ""unit_price"": 262000, ""subtotal"": 786000}, {""item_id"": ""ITEM-204"", ""name"": ""Sabzi Polo"", ""category"": ""Main Course"", ""quantity"": 1, ""unit_price"": 94000, ""subtotal"": 94000}, {""item_id"": ""ITEM-202"", ""name"": ""Adas Polo"", ""category"": ""Main Course"", ""quantity"": 3, ""unit_price"": 135000, ""subtotal"": 405000}, {""item_id"": ""ITEM-101"", ""name"": ""Mast-o Khiar"", ""category"": ""Starter"", ""quantity"": 3, ""unit_price"": 66000, ""subtotal"": 198000}]",1558000.0,cash,completed,2026-04-18T17:49:14.476643
ORD-20260418-672547,2026-04-18T22:06:46.476643,ZAF-THR-001,CUST-10024,takeaway,"[{""item_id"": ""ITEM-305"", ""name"": ""Zereshk Polo ba Morgh"", ""category"": ""Main Course"", ""quantity"": 2, ""unit_price"": 233000, ""subtotal"": 466000}, {""item_id"": ""ITEM-504"", ""name"": ""Zoolbia Bamieh"", ""category"": ""Dessert"", ""quantity"": 2, ""unit_price"": 58000, ""subtotal"": 116000}, {""item_id"": ""ITEM-304"", ""name"": ""Fesenjan"", ""category"": ""Main Course"", ""quantity"": 2, ""unit_price"": 262000, ""subtotal"": 524000}, {""item_id"": ""ITEM-201"", ""name"": ""Kuku Sabzi"", ""category"": ""Main Course"", ""quantity"": 2, ""unit_price"": 122000, ""subtotal"": 244000}]",1350000.0,cash,completed,2026-04-18T22:06:46.476643
ORD-20260419-615959,2026-04-19T14:11:28.476643,ZAF-THR-001,CUST-10251,dine_in,"[{""item_id"": ""ITEM-403"", ""name"": ""Lavash Bread"", ""category"": ""Bread"", ""quantity"": 1, ""unit_price"": 14000, ""subtotal"": 14000}, {""item_id"": ""ITEM-303"", ""name"": ""Ghormeh Sabzi"", ""category"": ""Main Course"", ""quantity"": 3, ""unit_price"": 233000, ""subtotal"": 699000}]",713000.0,cash,completed,2026-04-19T14:11:28.476643
ORD-20260419-734992,2026-04-19T15:23:35.476643,ZAF-TBZ-001,CUST-10477,dine_in,"[{""item_id"": ""ITEM-302"", ""name"": ""Joojeh Kabab"", ""category"": ""Main Course"", ""quantity"": 1, ""unit_price"": 261000, ""subtotal"": 261000}, {""item_id"": ""ITEM-101"", ""name"": ""Mast-o Khiar"", ""category"": ""Starter"", ""quantity"": 2, ""unit_price"": 65000, ""subtotal"": 130000}, {""item_id"": ""ITEM-304"", ""name"": ""Fesenjan"", ""category"": ""Main Course"", ""quantity"": 3, ""unit_price"": 265000, ""subtotal"": 795000}]",1186000.0,wallet,delivered,2026-04-19T15:23:35.476643
ORD-20260419-785436,2026-04-19T16:15:28.476643,ZAF-ISF-001,CUST-10488,takeaway,"[{""item_id"": ""ITEM-205"", ""name"": ""Baghali Polo"", ""category"": ""Main Course"", ""quantity"": 3, ""unit_price"": 118000, ""subtotal"": 354000}, {""item_id"": ""ITEM-402"", ""name"": ""Barbari Bread"", ""category"": ""Bread"", ""quantity"": 1, ""unit_price"": 22000, ""subtotal"": 22000}, {""item_id"": ""ITEM-504"", ""name"": ""Zoolbia Bamieh"", ""category"": ""Dessert"", ""quantity"": 2, ""unit_price"": 58000, ""subtotal"": 116000}]",492000.0,wallet,delivered,2026-04-19T16:15:28.476643
ORD-20260419-112936,2026-04-19T19:29:43.476643,ZAF-THR-002,CUST-10130,dine_in,"[{""item_id"": ""ITEM-403"", ""name"": ""Lavash Bread"", ""category"": ""Bread"", ""quantity"": 3, ""unit_price"": 15000, ""subtotal"": 45000}, {""item_id"": ""ITEM-402"", ""name"": ""Barbari Bread"", ""category"": ""Bread"", ""quantity"": 1, ""unit_price"": 21000, ""subtotal"": 21000}]",66000.0,cash,completed,2026-04-19T19:29:43.476643
ORD-20260420-682667,2026-04-20T19:53:48.476643,ZAF-ISF-001,CUST-10264,delivery,"[{""item_id"": ""ITEM-304"", ""name"": ""Fesenjan"", ""category"": ""Main Course"", ""quantity"": 3, ""unit_price"": 264000, ""subtotal"": 792000}, {""item_id"": ""ITEM-201"", ""name"": ""Kuku Sabzi"", ""category"": ""Main Course"", ""quantity"": 2, ""unit_price"": 122000, ""subtotal"": 244000}, {""item_id"": ""ITEM-301"", ""name"": ""Chelo Kabab Koobideh"", ""category"": ""Main Course"", ""quantity"": 1, ""unit_price"": 277000, ""subtotal"": 277000}]",1313000.0,wallet,completed,2026-04-20T19:53:48.476643
ORD-20260421-312861,2026-04-21T19:25:40.476643,ZAF-TBZ-001,CUST-10332,takeaway,"[{""item_id"": ""ITEM-202"", ""name"": ""Adas Polo"", ""category"": ""Main Course"", ""quantity"": 1, ""unit_price"": 131000, ""subtotal"": 131000}]",131000.0,cash,completed,2026-04-21T19:25:40.476643
ORD-20260422-216276,2026-04-22T17:42:27.476643,ZAF-SHZ-001,CUST-10310,takeaway,"[{""item_id"": ""ITEM-304"", ""name"": ""Fesenjan"", ""category"": ""Main Course"", ""quantity"": 3, ""unit_price"": 271000, ""subtotal"": 813000}, {""item_id"": ""ITEM-204"", ""name"": ""Sabzi Polo"", ""category"": ""Main Course"", ""quantity"": 1, ""unit_price"": 98000, ""subtotal"": 98000}, {""item_id"": ""ITEM-202"", ""name"": ""Adas Polo"", ""category"": ""Main Course"", ""quantity"": 2, ""unit_price"": 125000, ""subtotal"": 250000}, {""item_id"": ""ITEM-601"", ""name"": ""Doogh"", ""category"": ""Beverage"", ""quantity"": 2, ""unit_price"": 35000, ""subtotal"": 70000}]",1231000.0,wallet,completed,2026-04-22T17:42:27.476643
ORD-20260422-485548,2026-04-22T18:04:16.476643,ZAF-MSH-001,CUST-10499,dine_in,"[{""item_id"": ""ITEM-501"", ""name"": ""Bastani Sonnati"", ""category"": ""Dessert"", ""quantity"": 2, ""unit_price"": 72000, ""subtotal"": 144000}, {""item_id"": ""ITEM-103"", ""name"": ""Mirza Ghasemi"", ""category"": ""Starter"", ""quantity"": 1, ""unit_price"": 88000, ""subtotal"": 88000}, {""item_id"": ""ITEM-306"", ""name"": ""Tahchin Morgh"", ""category"": ""Main Course"", ""quantity"": 2, ""unit_price"": 214000, ""subtotal"": 428000}, {""item_id"": ""ITEM-305"", ""name"": ""Zereshk Polo ba Morgh"", ""category"": ""Main Course"", ""quantity"": 3, ""unit_price"": 221000, ""subtotal"": 663000}, {""item_id"": ""ITEM-307"", ""name"": ""Abgoosht (Dizi)"", ""category"": ""Main Course"", ""quantity"": 1, ""unit_price"": 192000, ""subtotal"": 192000}]",1515000.0,card,delivered,2026-04-22T18:04:16.476643
ORD-20260423-284267,2026-04-23T10:06:24.476643,ZAF-THR-002,CUST-10193,delivery,"[{""item_id"": ""ITEM-602"", ""name"": ""Sharbat-e Sekanjebin"", ""category"": ""Beverage"", ""quantity"": 1, ""unit_price"": 42000, ""subtotal"": 42000}]",42000.0,wallet,completed,2026-04-23T10:06:24.476643
ORD-20260423-619696,2026-04-23T10:35:37.476643,ZAF-MSH-001,CUST-10466,dine_in,"[{""item_id"": ""ITEM-501"", ""name"": ""Bastani Sonnati"", ""category"": ""Dessert"", ""quantity"": 2, ""unit_price"": 72000, ""subtotal"": 144000}, {""item_id"": ""ITEM-502"", ""name"": ""Faloodeh Shirazi"", ""category"": ""Dessert"", ""quantity"": 3, ""unit_price"": 66000, ""subtotal"": 198000}]",342000.0,card,completed,2026-04-23T10:35:37.476643
ORD-20260423-449970,2026-04-23T13:06:07.476643,ZAF-THR-001,CUST-10184,dine_in,"[{""item_id"": ""ITEM-401"", ""name"": ""Sangak Bread"", ""category"": ""Bread"", ""quantity"": 1, ""unit_price"": 25000, ""subtotal"": 25000}]",25000.0,wallet,completed,2026-04-23T13:06:07.476643
ORD-20260423-219754,2026-04-23T13:34:18.476643,ZAF-THR-002,CUST-10399,takeaway,"[{""item_id"": ""ITEM-402"", ""name"": ""Barbari Bread"", ""category"": ""Bread"", ""quantity"": 3, ""unit_price"": 21000, ""subtotal"": 63000}, {""item_id"": ""ITEM-504"", ""name"": ""Zoolbia Bamieh"", ""category"": ""Dessert"", ""quantity"": 3, ""unit_price"": 58000, ""subtotal"": 174000}, {""item_id"": ""ITEM-601"", ""name"": ""Doogh"", ""category"": ""Beverage"", ""quantity"": 1, ""unit_price"": 34000, ""subtotal"": 34000}, {""item_id"": ""ITEM-306"", ""name"": ""Tahchin Morgh"", ""category"": ""Main Course"", ""quantity"": 3, ""unit_price"": 215000, ""subtotal"": 645000}]",916000.0,wallet,completed,2026-04-23T13:34:18.476643
ORD-20260423-776909,2026-04-23T15:08:43.476643,ZAF-MSH-001,CUST-10169,delivery,"[{""item_id"": ""ITEM-305"", ""name"": ""Zereshk Polo ba Morgh"", ""category"": ""Main Course"", ""quantity"": 2, ""unit_price"": 221000, ""subtotal"": 442000}, {""item_id"": ""ITEM-302"", ""name"": ""Joojeh Kabab"", ""category"": ""Main Course"", ""quantity"": 3, ""unit_price"": 264000, ""subtotal"": 792000}, {""item_id"": ""ITEM-601"", ""name"": ""Doogh"", ""category"": ""Beverage"", ""quantity"": 1, ""unit_price"": 36000, ""subtotal"": 36000}, {""item_id"": ""ITEM-205"", ""name"": ""Baghali Polo"", ""category"": ""Main Course"", ""quantity"": 1, ""unit_price"": 113000, ""subtotal"": 113000}]",1383000.0,cash,completed,2026-04-23T15:08:43.476643
ORD-20260423-353690,2026-04-23T15:52:29.476643,ZAF-TBZ-001,CUST-10203,takeaway,"[{""item_id"": ""ITEM-502"", ""name"": ""Faloodeh Shirazi"", ""category"": ""Dessert"", ""quantity"": 1, ""unit_price"": 68000, ""subtotal"": 68000}]",68000.0,card,completed,2026-04-23T15:52:29.476643
ORD-20260423-501641,2026-04-23T17:04:45.476643,ZAF-ISF-001,CUST-10120,delivery,"[{""item_id"": ""ITEM-301"", ""name"": ""Chelo Kabab Koobideh"", ""category"": ""Main Course"", ""quantity"": 1, ""unit_price"": 277000, ""subtotal"": 277000}, {""item_id"": ""ITEM-401"", ""name"": ""Sangak Bread"", ""category"": ""Bread"", ""quantity"": 1, ""unit_price"": 25000, ""subtotal"": 25000}, {""item_id"": ""ITEM-103"", ""name"": ""Mirza Ghasemi"", ""category"": ""Starter"", ""quantity"": 1, ""unit_price"": 87000, ""subtotal"": 87000}]",389000.0,cash,delivered,2026-04-23T17:04:45.476643
ORD-20260423-571213,2026-04-23T19:58:55.476643,ZAF-TBZ-001,CUST-10082,takeaway,"[{""item_id"": ""ITEM-307"", ""name"": ""Abgoosht (Dizi)"", ""category"": ""Main Course"", ""quantity"": 1, ""unit_price"": 202000, ""subtotal"": 202000}]",202000.0,card,completed,2026-04-23T19:58:55.476643
ORD-20260423-161669,2026-04-23T21:36:30.476643,ZAF-MSH-001,CUST-10424,takeaway,"[{""item_id"": ""ITEM-306"", ""name"": ""Tahchin Morgh"", ""category"": ""Main Course"", ""quantity"": 3, ""unit_price"": 214000, ""subtotal"": 642000}, {""item_id"": ""ITEM-205"", ""name"": ""Baghali Polo"", ""category"": ""Main Course"", ""quantity"": 2, ""unit_price"": 113000, ""subtotal"": 226000}]",868000.0,cash,delivered,2026-04-23T21:36:30.476643
ORD-20260424-741233,2026-04-24T12:07:54.476643,ZAF-SHZ-001,CUST-10234,dine_in,"[{""item_id"": ""ITEM-201"", ""name"": ""Kuku Sabzi"", ""category"": ""Main Course"", ""quantity"": 2, ""unit_price"": 115000, ""subtotal"": 230000}, {""item_id"": ""ITEM-601"", ""name"": ""Doogh"", ""category"": ""Beverage"", ""quantity"": 3, ""unit_price"": 35000, ""subtotal"": 105000}, {""item_id"": ""ITEM-301"", ""name"": ""Chelo Kabab Koobideh"", ""category"": ""Main Course"", ""quantity"": 1, ""unit_price"": 273000, ""subtotal"": 273000}, {""item_id"": ""ITEM-203"", ""name"": ""Ash Reshteh"", ""category"": ""Main Course"", ""quantity"": 3, ""unit_price"": 106000, ""subtotal"": 318000}]",926000.0,wallet,delivered,2026-04-24T12:07:54.476643
ORD-20260424-393366,2026-04-24T17:56:09.476643,ZAF-THR-001,CUST-10314,takeaway,"[{""item_id"": ""ITEM-403"", ""name"": ""Lavash Bread"", ""category"": ""Bread"", ""quantity"": 2, ""unit_price"": 14000, ""subtotal"": 28000}, {""item_id"": ""ITEM-203"", ""name"": ""Ash Reshteh"", ""category"": ""Main Course"", ""quantity"": 3, ""unit_price"": 101000, ""subtotal"": 303000}, {""item_id"": ""ITEM-501"", ""name"": ""Bastani Sonnati"", ""category"": ""Dessert"", ""quantity"": 2, ""unit_price"": 77000, ""subtotal"": 154000}, {""item_id"": ""ITEM-205"", ""name"": ""Baghali Polo"", ""category"": ""Main Course"", ""quantity"": 1, ""unit_price"": 110000, ""subtotal"": 110000}, {""item_id"": ""ITEM-306"", ""name"": ""Tahchin Morgh"", ""category"": ""Main Course"", ""quantity"": 1, ""unit_price"": 221000, ""subtotal"": 221000}]",816000.0,cash,completed,2026-04-24T17:56:09.476643
ORD-20260424-687713,2026-04-24T18:19:14.476643,ZAF-ISF-001,CUST-10394,delivery,"[{""item_id"": ""ITEM-503"", ""name"": ""Sholeh Zard"", ""category"": ""Dessert"", ""quantity"": 2, ""unit_price"": 54000, ""subtotal"": 108000}, {""item_id"": ""ITEM-202"", ""name"": ""Adas Polo"", ""category"": ""Main Course"", ""quantity"": 2, ""unit_price"": 131000, ""subtotal"": 262000}, {""item_id"": ""ITEM-306"", ""name"": ""Tahchin Morgh"", ""category"": ""Main Course"", ""quantity"": 2, ""unit_price"": 230000, ""subtotal"": 460000}]",830000.0,card,completed,2026-04-24T18:19:14.476643
ORD-20260425-771697,2026-04-25T15:20:43.476643,ZAF-TBZ-001,CUST-10249,takeaway,"[{""item_id"": ""ITEM-103"", ""name"": ""Mirza Ghasemi"", ""category"": ""Starter"", ""quantity"": 2, ""unit_price"": 94000, ""subtotal"": 188000}, {""item_id"": ""ITEM-303"", ""name"": ""Ghormeh Sabzi"", ""category"": ""Main Course"", ""quantity"": 3, ""unit_price"": 233000, ""subtotal"": 699000}, {""item_id"": ""ITEM-403"", ""name"": ""Lavash Bread"", ""category"": ""Bread"", ""quantity"": 1, ""unit_price"": 14000, ""subtotal"": 14000}, {""item_id"": ""ITEM-205"", ""name"": ""Baghali Polo"", ""category"": ""Main Course"", ""quantity"": 1, ""unit_price"": 115000, ""subtotal"": 115000}]",1016000.0,card,completed,2026-04-25T15:20:43.476643
ORD-20260425-885527,2026-04-25T15:50:25.476643,ZAF-SHZ-001,CUST-10420,dine_in,"[{""item_id"": ""ITEM-601"", ""name"": ""Doogh"", ""category"": ""Beverage"", ""quantity"": 1, ""unit_price"": 35000, ""subtotal"": 35000}, {""item_id"": ""ITEM-501"", ""name"": ""Bastani Sonnati"", ""category"": ""Dessert"", ""quantity"": 2, ""unit_price"": 73000, ""subtotal"": 146000}, {""item_id"": ""ITEM-101"", ""name"": ""Mast-o Khiar"", ""category"": ""Starter"", ""quantity"": 1, ""unit_price"": 64000, ""subtotal"": 64000}, {""item_id"": ""ITEM-306"", ""name"": ""Tahchin Morgh"", ""category"": ""Main Course"", ""quantity"": 1, ""unit_price"": 228000, ""subtotal"": 228000}, {""item_id"": ""ITEM-307"", ""name"": ""Abgoosht (Dizi)"", ""category"": ""Main Course"", ""quantity"": 3, ""unit_price"": 185000, ""subtotal"": 555000}]",1028000.0,card,delivered,2026-04-25T15:50:25.476643
ORD-20260426-343500,2026-04-26T15:18:41.476643,ZAF-THR-001,CUST-10464,delivery,"[{""item_id"": ""ITEM-501"", ""name"": ""Bastani Sonnati"", ""category"": ""Dessert"", ""quantity"": 3, ""unit_price"": 77000, ""subtotal"": 231000}]",231000.0,wallet,delivered,2026-04-26T15:18:41.476643
ORD-20260426-114892,2026-04-26T17:05:08.476643,ZAF-TBZ-001,CUST-10039,delivery,"[{""item_id"": ""ITEM-204"", ""name"": ""Sabzi Polo"", ""category"": ""Main Course"", ""quantity"": 2, ""unit_price"": 97000, ""subtotal"": 194000}, {""item_id"": ""ITEM-105"", ""name"": ""Salad Shirazi"", ""category"": ""Starter"", ""quantity"": 2, ""unit_price"": 54000, ""subtotal"": 108000}, {""item_id"": ""ITEM-403"", ""name"": ""Lavash Bread"", ""category"": ""Bread"", ""quantity"": 2, ""unit_price"": 14000, ""subtotal"": 28000}]",330000.0,cash,delivered,2026-04-26T17:05:08.476643
ORD-20260426-522548,2026-04-26T18:56:22.476643,ZAF-SHZ-001,CUST-10135,dine_in,"[{""item_id"": ""ITEM-501"", ""name"": ""Bastani Sonnati"", ""category"": ""Dessert"", ""quantity"": 2, ""unit_price"": 73000, ""subtotal"": 146000}, {""item_id"": ""ITEM-306"", ""name"": ""Tahchin Morgh"", ""category"": ""Main Course"", ""quantity"": 1, ""unit_price"": 228000, ""subtotal"": 228000}, {""item_id"": ""ITEM-402"", ""name"": ""Barbari Bread"", ""category"": ""Bread"", ""quantity"": 1, ""unit_price"": 22000, ""subtotal"": 22000}, {""item_id"": ""ITEM-403"", ""name"": ""Lavash Bread"", ""category"": ""Bread"", ""quantity"": 2, ""unit_price"": 15000, ""subtotal"": 30000}]",426000.0,wallet,completed,2026-04-26T18:56:22.476643
ORD-20260426-738996,2026-04-26T19:28:40.476643,ZAF-THR-002,CUST-10139,delivery,"[{""item_id"": ""ITEM-103"", ""name"": ""Mirza Ghasemi"", ""category"": ""Starter"", ""quantity"": 2, ""unit_price"": 93000, ""subtotal"": 186000}, {""item_id"": ""ITEM-302"", ""name"": ""Joojeh Kabab"", ""category"": ""Main Course"", ""quantity"": 2, ""unit_price"": 262000, ""subtotal"": 524000}, {""item_id"": ""ITEM-303"", ""name"": ""Ghormeh Sabzi"", ""category"": ""Main Course"", ""quantity"": 2, ""unit_price"": 250000, ""subtotal"": 500000}, {""item_id"": ""ITEM-201"", ""name"": ""Kuku Sabzi"", ""category"": ""Main Course"", ""quantity"": 3, ""unit_price"": 126000, ""subtotal"": 378000}]",1588000.0,card,delivered,2026-04-26T19:28:40.476643
ORD-20260427-472528,2026-04-27T11:54:14.476643,ZAF-THR-001,CUST-10194,dine_in,"[{""item_id"": ""ITEM-305"", ""name"": ""Zereshk Polo ba Morgh"", ""category"": ""Main Course"", ""quantity"": 2, ""unit_price"": 233000, ""subtotal"": 466000}, {""item_id"": ""ITEM-501"", ""name"": ""Bastani Sonnati"", ""category"": ""Dessert"", ""quantity"": 1, ""unit_price"": 77000, ""subtotal"": 77000}, {""item_id"": ""ITEM-603"", ""name"": ""Persian Tea (Chai)"", ""category"": ""Beverage"", ""quantity"": 2, ""unit_price"": 24000, ""subtotal"": 48000}]",591000.0,wallet,completed,2026-04-27T11:54:14.476643
ORD-20260427-924613,2026-04-27T16:00:39.476643,ZAF-ISF-001,CUST-10123,delivery,"[{""item_id"": ""ITEM-304"", ""name"": ""Fesenjan"", ""category"": ""Main Course"", ""quantity"": 2, ""unit_price"": 264000, ""subtotal"": 528000}, {""item_id"": ""ITEM-201"", ""name"": ""Kuku Sabzi"", ""category"": ""Main Course"", ""quantity"": 1, ""unit_price"": 122000, ""subtotal"": 122000}, {""item_id"": ""ITEM-502"", ""name"": ""Faloodeh Shirazi"", ""category"": ""Dessert"", ""quantity"": 3, ""unit_price"": 65000, ""subtotal"": 195000}, {""item_id"": ""ITEM-103"", ""name"": ""Mirza Ghasemi"", ""category"": ""Starter"", ""quantity"": 3, ""unit_price"": 87000, ""subtotal"": 261000}, {""item_id"": ""ITEM-307"", ""name"": ""Abgoosht (Dizi)"", ""category"": ""Main Course"", ""quantity"": 3, ""unit_price"": 202000, ""subtotal"": 606000}]",1712000.0,wallet,delivered,2026-04-27T16:00:39.476643
ORD-20260427-910143,2026-04-27T19:50:19.476643,ZAF-MSH-001,CUST-10318,dine_in,"[{""item_id"": ""ITEM-305"", ""name"": ""Zereshk Polo ba Morgh"", ""category"": ""Main Course"", ""quantity"": 3, ""unit_price"": 221000, ""subtotal"": 663000}, {""item_id"": ""ITEM-302"", ""name"": ""Joojeh Kabab"", ""category"": ""Main Course"", ""quantity"": 2, ""unit_price"": 264000, ""subtotal"": 528000}]",1191000.0,wallet,delivered,2026-04-27T19:50:19.476643
ORD-20260427-476712,2026-04-27T20:12:11.476643,ZAF-TBZ-001,CUST-10020,takeaway,"[{""item_id"": ""ITEM-502"", ""name"": ""Faloodeh Shirazi"", ""category"": ""Dessert"", ""quantity"": 2, ""unit_price"": 68000, ""subtotal"": 136000}, {""item_id"": ""ITEM-202"", ""name"": ""Adas Polo"", ""category"": ""Main Course"", ""quantity"": 1, ""unit_price"": 131000, ""subtotal"": 131000}, {""item_id"": ""ITEM-205"", ""name"": ""Baghali Polo"", ""category"": ""Main Course"", ""quantity"": 3, ""unit_price"": 115000, ""subtotal"": 345000}, {""item_id"": ""ITEM-503"", ""name"": ""Sholeh Zard"", ""category"": ""Dessert"", ""quantity"": 3, ""unit_price"": 53000, ""subtotal"": 159000}]",771000.0,cash,completed,2026-04-27T20:12:11.476643
ORD-20260428-112861,2026-04-28T13:23:11.476643,ZAF-ISF-001,CUST-10007,delivery,"[{""item_id"": ""ITEM-105"", ""name"": ""Salad Shirazi"", ""category"": ""Starter"", ""quantity"": 3, ""unit_price"": 58000, ""subtotal"": 174000}, {""item_id"": ""ITEM-204"", ""name"": ""Sabzi Polo"", ""category"": ""Main Course"", ""quantity"": 1, ""unit_price"": 98000, ""subtotal"": 98000}, {""item_id"": ""ITEM-102"", ""name"": ""Kashke Bademjan"", ""category"": ""Starter"", ""quantity"": 3, ""unit_price"": 97000, ""subtotal"": 291000}, {""item_id"": ""ITEM-401"", ""name"": ""Sangak Bread"", ""category"": ""Bread"", ""quantity"": 2, ""unit_price"": 25000, ""subtotal"": 50000}, {""item_id"": ""ITEM-205"", ""name"": ""Baghali Polo"", ""category"": ""Main Course"", ""quantity"": 1, ""unit_price"": 118000, ""subtotal"": 118000}]",731000.0,card,completed,2026-04-28T13:23:11.476643
ORD-20260428-575786,2026-04-28T13:25:44.476643,ZAF-THR-002,CUST-10156,takeaway,"[{""item_id"": ""ITEM-302"", ""name"": ""Joojeh Kabab"", ""category"": ""Main Course"", ""quantity"": 3, ""unit_price"": 262000, ""subtotal"": 786000}, {""item_id"": ""ITEM-306"", ""name"": ""Tahchin Morgh"", ""category"": ""Main Course"", ""quantity"": 3, ""unit_price"": 215000, ""subtotal"": 645000}, {""item_id"": ""ITEM-401"", ""name"": ""Sangak Bread"", ""category"": ""Bread"", ""quantity"": 2, ""unit_price"": 24000, ""subtotal"": 48000}, {""item_id"": ""ITEM-307"", ""name"": ""Abgoosht (Dizi)"", ""category"": ""Main Course"", ""quantity"": 2, ""unit_price"": 187000, ""subtotal"": 374000}, {""item_id"": ""ITEM-304"", ""name"": ""Fesenjan"", ""category"": ""Main Course"", ""quantity"": 3, ""unit_price"": 258000, ""subtotal"": 774000}]",2627000.0,card,completed,2026-04-28T13:25:44.476643
ORD-20260428-465584,2026-04-28T17:01:50.476643,ZAF-THR-002,CUST-10072,dine_in,"[{""item_id"": ""ITEM-304"", ""name"": ""Fesenjan"", ""category"": ""Main Course"", ""quantity"": 3, ""unit_price"": 258000, ""subtotal"": 774000}, {""item_id"": ""ITEM-102"", ""name"": ""Kashke Bademjan"", ""category"": ""Starter"", ""quantity"": 2, ""unit_price"": 96000, ""subtotal"": 192000}, {""item_id"": ""ITEM-205"", ""name"": ""Baghali Polo"", ""category"": ""Main Course"", ""quantity"": 1, ""unit_price"": 116000, ""subtotal"": 116000}, {""item_id"": ""ITEM-202"", ""name"": ""Adas Polo"", ""category"": ""Main Course"", ""quantity"": 1, ""unit_price"": 128000, ""subtotal"": 128000}, {""item_id"": ""ITEM-201"", ""name"": ""Kuku Sabzi"", ""category"": ""Main Course"", ""quantity"": 3, ""unit_price"": 126000, ""subtotal"": 378000}]",1588000.0,cash,completed,2026-04-28T17:01:50.476643
ORD-20260428-478638,2026-04-28T20:03:50.476643,ZAF-THR-002,CUST-10253,takeaway,"[{""item_id"": ""ITEM-104"", ""name"": ""Dolme Barg"", ""category"": ""Starter"", ""quantity"": 3, ""unit_price"": 113000, ""subtotal"": 339000}, {""item_id"": ""ITEM-203"", ""name"": ""Ash Reshteh"", ""category"": ""Main Course"", ""quantity"": 1, ""unit_price"": 106000, ""subtotal"": 106000}, {""item_id"": ""ITEM-306"", ""name"": ""Tahchin Morgh"", ""category"": ""Main Course"", ""quantity"": 3, ""unit_price"": 215000, ""subtotal"": 645000}, {""item_id"": ""ITEM-501"", ""name"": ""Bastani Sonnati"", ""category"": ""Dessert"", ""quantity"": 1, ""unit_price"": 76000, ""subtotal"": 76000}]",1166000.0,cash,completed,2026-04-28T20:03:50.476643
ORD-20260429-200979,2026-04-29T14:35:54.476643,ZAF-TBZ-001,CUST-10024,takeaway,"[{""item_id"": ""ITEM-104"", ""name"": ""Dolme Barg"", ""category"": ""Starter"", ""quantity"": 1, ""unit_price"": 114000, ""subtotal"": 114000}, {""item_id"": ""ITEM-503"", ""name"": ""Sholeh Zard"", ""category"": ""Dessert"", ""quantity"": 2, ""unit_price"": 53000, ""subtotal"": 106000}, {""item_id"": ""ITEM-201"", ""name"": ""Kuku Sabzi"", ""category"": ""Main Course"", ""quantity"": 2, ""unit_price"": 122000, ""subtotal"": 244000}, {""item_id"": ""ITEM-102"", ""name"": ""Kashke Bademjan"", ""category"": ""Starter"", ""quantity"": 3, ""unit_price"": 92000, ""subtotal"": 276000}]",740000.0,wallet,completed,2026-04-29T14:35:54.476643
ORD-20260429-473024,2026-04-29T17:18:16.476643,ZAF-THR-002,CUST-10001,dine_in,"[{""item_id"": ""ITEM-303"", ""name"": ""Ghormeh Sabzi"", ""category"": ""Main Course"", ""quantity"": 1, ""unit_price"": 250000, ""subtotal"": 250000}, {""item_id"": ""ITEM-202"", ""name"": ""Adas Polo"", ""category"": ""Main Course"", ""quantity"": 2, ""unit_price"": 128000, ""subtotal"": 256000}, {""item_id"": ""ITEM-205"", ""name"": ""Baghali Polo"", ""category"": ""Main Course"", ""quantity"": 3, ""unit_price"": 116000, ""subtotal"": 348000}, {""item_id"": ""ITEM-501"", ""name"": ""Bastani Sonnati"", ""category"": ""Dessert"", ""quantity"": 2, ""unit_price"": 76000, ""subtotal"": 152000}, {""item_id"": ""ITEM-307"", ""name"": ""Abgoosht (Dizi)"", ""category"": ""Main Course"", ""quantity"": 1, ""unit_price"": 187000, ""subtotal"": 187000}]",1193000.0,wallet,completed,2026-04-29T17:18:16.476643
ORD-20260429-167037,2026-04-29T19:08:06.476643,ZAF-ISF-001,CUST-10032,delivery,"[{""item_id"": ""ITEM-201"", ""name"": ""Kuku Sabzi"", ""category"": ""Main Course"", ""quantity"": 2, ""unit_price"": 122000, ""subtotal"": 244000}, {""item_id"": ""ITEM-303"", ""name"": ""Ghormeh Sabzi"", ""category"": ""Main Course"", ""quantity"": 3, ""unit_price"": 240000, ""subtotal"": 720000}, {""item_id"": ""ITEM-603"", ""name"": ""Persian Tea (Chai)"", ""category"": ""Beverage"", ""quantity"": 3, ""unit_price"": 25000, ""subtotal"": 75000}, {""item_id"": ""ITEM-503"", ""name"": ""Sholeh Zard"", ""category"": ""Dessert"", ""quantity"": 3, ""unit_price"": 54000, ""subtotal"": 162000}, {""item_id"": ""ITEM-101"", ""name"": ""Mast-o Khiar"", ""category"": ""Starter"", ""quantity"": 2, ""unit_price"": 63000, ""subtotal"": 126000}]",1327000.0,wallet,delivered,2026-04-29T19:08:06.476643
ORD-20260429-199335,2026-04-29T19:25:51.476643,ZAF-THR-002,CUST-10319,delivery,"[{""item_id"": ""ITEM-503"", ""name"": ""Sholeh Zard"", ""category"": ""Dessert"", ""quantity"": 3, ""unit_price"": 54000, ""subtotal"": 162000}]",162000.0,card,completed,2026-04-29T19:25:51.476643
ORD-20260430-414164,2026-04-30T10:00:33.476643,ZAF-THR-002,CUST-10176,dine_in,"[{""item_id"": ""ITEM-306"", ""name"": ""Tahchin Morgh"", ""category"": ""Main Course"", ""quantity"": 3, ""unit_price"": 215000, ""subtotal"": 645000}, {""item_id"": ""ITEM-401"", ""name"": ""Sangak Bread"", ""category"": ""Bread"", ""quantity"": 2, ""unit_price"": 24000, ""subtotal"": 48000}, {""item_id"": ""ITEM-101"", ""name"": ""Mast-o Khiar"", ""category"": ""Starter"", ""quantity"": 2, ""unit_price"": 67000, ""subtotal"": 134000}]",827000.0,card,completed,2026-04-30T10:00:33.476643
ORD-20260430-636107,2026-04-30T10:19:14.476643,ZAF-THR-002,CUST-10438,delivery,"[{""item_id"": ""ITEM-101"", ""name"": ""Mast-o Khiar"", ""category"": ""Starter"", ""quantity"": 3, ""unit_price"": 67000, ""subtotal"": 201000}, {""item_id"": ""ITEM-601"", ""name"": ""Doogh"", ""category"": ""Beverage"", ""quantity"": 2, ""unit_price"": 34000, ""subtotal"": 68000}, {""item_id"": ""ITEM-603"", ""name"": ""Persian Tea (Chai)"", ""category"": ""Beverage"", ""quantity"": 3, ""unit_price"": 25000, ""subtotal"": 75000}]",344000.0,wallet,delivered,2026-04-30T10:19:14.476643
ORD-20260430-702980,2026-04-30T11:03:15.476643,ZAF-SHZ-001,CUST-10327,dine_in,"[{""item_id"": ""ITEM-305"", ""name"": ""Zereshk Polo ba Morgh"", ""category"": ""Main Course"", ""quantity"": 3, ""unit_price"": 241000, ""subtotal"": 723000}, {""item_id"": ""ITEM-103"", ""name"": ""Mirza Ghasemi"", ""category"": ""Starter"", ""quantity"": 3, ""unit_price"": 94000, ""subtotal"": 282000}, {""item_id"": ""ITEM-104"", ""name"": ""Dolme Barg"", ""category"": ""Starter"", ""quantity"": 1, ""unit_price"": 110000, ""subtotal"": 110000}, {""item_id"": ""ITEM-603"", ""name"": ""Persian Tea (Chai)"", ""category"": ""Beverage"", ""quantity"": 3, ""unit_price"": 26000, ""subtotal"": 78000}, {""item_id"": ""ITEM-306"", ""name"": ""Tahchin Morgh"", ""category"": ""Main Course"", ""quantity"": 3, ""unit_price"": 228000, ""subtotal"": 684000}]",1877000.0,wallet,delivered,2026-04-30T11:03:15.476643
ORD-20260430-142875,2026-04-30T11:17:23.476643,ZAF-ISF-001,CUST-10482,dine_in,"[{""item_id"": ""ITEM-503"", ""name"": ""Sholeh Zard"", ""category"": ""Dessert"", ""quantity"": 2, ""unit_price"": 54000, ""subtotal"": 108000}, {""item_id"": ""ITEM-304"", ""name"": ""Fesenjan"", ""category"": ""Main Course"", ""quantity"": 1, ""unit_price"": 264000, ""subtotal"": 264000}, {""item_id"": ""ITEM-203"", ""name"": ""Ash Reshteh"", ""category"": ""Main Course"", ""quantity"": 1, ""unit_price"": 107000, ""subtotal"": 107000}]",479000.0,cash,completed,2026-04-30T11:17:23.476643
ORD-20260430-147828,2026-04-30T13:18:45.476643,ZAF-ISF-001,CUST-10282,delivery,"[{""item_id"": ""ITEM-201"", ""name"": ""Kuku Sabzi"", ""category"": ""Main Course"", ""quantity"": 1, ""unit_price"": 122000, ""subtotal"": 122000}]",122000.0,cash,completed,2026-04-30T13:18:45.476643
ORD-20260430-871037,2026-04-30T17:41:10.476643,ZAF-TBZ-001,CUST-10070,delivery,"[{""item_id"": ""ITEM-503"", ""name"": ""Sholeh Zard"", ""category"": ""Dessert"", ""quantity"": 1, ""unit_price"": 53000, ""subtotal"": 53000}, {""item_id"": ""ITEM-306"", ""name"": ""Tahchin Morgh"", ""category"": ""Main Course"", ""quantity"": 1, ""unit_price"": 229000, ""subtotal"": 229000}, {""item_id"": ""ITEM-205"", ""name"": ""Baghali Polo"", ""category"": ""Main Course"", ""quantity"": 3, ""unit_price"": 115000, ""subtotal"": 345000}, {""item_id"": ""ITEM-105"", ""name"": ""Salad Shirazi"", ""category"": ""Starter"", ""quantity"": 1, ""unit_price"": 54000, ""subtotal"": 54000}]",681000.0,cash,completed,2026-04-30T17:41:10.476643
ORD-20260430-374375,2026-04-30T19:39:06.476643,ZAF-THR-001,CUST-10338,delivery,"[{""item_id"": ""ITEM-601"", ""name"": ""Doogh"", ""category"": ""Beverage"", ""quantity"": 2, ""unit_price"": 37000, ""subtotal"": 74000}, {""item_id"": ""ITEM-306"", ""name"": ""Tahchin Morgh"", ""category"": ""Main Course"", ""quantity"": 3, ""unit_price"": 221000, ""subtotal"": 663000}, {""item_id"": ""ITEM-602"", ""name"": ""Sharbat-e Sekanjebin"", ""category"": ""Beverage"", ""quantity"": 2, ""unit_price"": 39000, ""subtotal"": 78000}, {""item_id"": ""ITEM-305"", ""name"": ""Zereshk Polo ba Morgh"", ""category"": ""Main Course"", ""quantity"": 2, ""unit_price"": 233000, ""subtotal"": 466000}, {""item_id"": ""ITEM-202"", ""name"": ""Adas Polo"", ""category"": ""Main Course"", ""quantity"": 3, ""unit_price"": 135000, ""subtotal"": 405000}]",1686000.0,card,delivered,2026-04-30T19:39:06.476643
ORD-20260430-677236,2026-04-30T21:30:48.476643,ZAF-THR-002,CUST-10273,delivery,"[{""item_id"": ""ITEM-102"", ""name"": ""Kashke Bademjan"", ""category"": ""Starter"", ""quantity"": 1, ""unit_price"": 96000, ""subtotal"": 96000}, {""item_id"": ""ITEM-105"", ""name"": ""Salad Shirazi"", ""category"": ""Starter"", ""quantity"": 2, ""unit_price"": 55000, ""subtotal"": 110000}]",206000.0,card,completed,2026-04-30T21:30:48.476643
ORD-20260501-711772,2026-05-01T10:25:39.476643,ZAF-THR-002,CUST-10228,delivery,"[{""item_id"": ""ITEM-103"", ""name"": ""Mirza Ghasemi"", ""category"": ""Starter"", ""quantity"": 3, ""unit_price"": 93000, ""subtotal"": 279000}, {""item_id"": ""ITEM-301"", ""name"": ""Chelo Kabab Koobideh"", ""category"": ""Main Course"", ""quantity"": 3, ""unit_price"": 295000, ""subtotal"": 885000}, {""item_id"": ""ITEM-102"", ""name"": ""Kashke Bademjan"", ""category"": ""Starter"", ""quantity"": 1, ""unit_price"": 96000, ""subtotal"": 96000}]",1260000.0,cash,completed,2026-05-01T10:25:39.476643
ORD-20260501-592296,2026-05-01T14:23:32.476643,ZAF-SHZ-001,CUST-10238,takeaway,"[{""item_id"": ""ITEM-602"", ""name"": ""Sharbat-e Sekanjebin"", ""category"": ""Beverage"", ""quantity"": 3, ""unit_price"": 42000, ""subtotal"": 126000}]",126000.0,cash,completed,2026-05-01T14:23:32.476643
ORD-20260501-207548,2026-05-01T15:30:09.476643,ZAF-THR-002,CUST-10028,delivery,"[{""item_id"": ""ITEM-503"", ""name"": ""Sholeh Zard"", ""category"": ""Dessert"", ""quantity"": 1, ""unit_price"": 54000, ""subtotal"": 54000}, {""item_id"": ""ITEM-204"", ""name"": ""Sabzi Polo"", ""category"": ""Main Course"", ""quantity"": 1, ""unit_price"": 98000, ""subtotal"": 98000}, {""item_id"": ""ITEM-501"", ""name"": ""Bastani Sonnati"", ""category"": ""Dessert"", ""quantity"": 1, ""unit_price"": 76000, ""subtotal"": 76000}, {""item_id"": ""ITEM-401"", ""name"": ""Sangak Bread"", ""category"": ""Bread"", ""quantity"": 3, ""unit_price"": 24000, ""subtotal"": 72000}, {""item_id"": ""ITEM-104"", ""name"": ""Dolme Barg"", ""category"": ""Starter"", ""quantity"": 2, ""unit_price"": 113000, ""subtotal"": 226000}]",526000.0,card,delivered,2026-05-01T15:30:09.476643
ORD-20260501-918011,2026-05-01T15:57:59.476643,ZAF-THR-001,CUST-10460,delivery,"[{""item_id"": ""ITEM-202"", ""name"": ""Adas Polo"", ""category"": ""Main Course"", ""quantity"": 3, ""unit_price"": 135000, ""subtotal"": 405000}, {""item_id"": ""ITEM-502"", ""name"": ""Faloodeh Shirazi"", ""category"": ""Dessert"", ""quantity"": 1, ""unit_price"": 66000, ""subtotal"": 66000}, {""item_id"": ""ITEM-203"", ""name"": ""Ash Reshteh"", ""category"": ""Main Course"", ""quantity"": 2, ""unit_price"": 101000, ""subtotal"": 202000}]",673000.0,card,delivered,2026-05-01T15:57:59.476643
ORD-20260502-240913,2026-05-02T14:53:31.476643,ZAF-MSH-001,CUST-10350,takeaway,"[{""item_id"": ""ITEM-604"", ""name"": ""Sharbat-e Ablimoo"", ""category"": ""Beverage"", ""quantity"": 1, ""unit_price"": 39000, ""subtotal"": 39000}]",39000.0,wallet,completed,2026-05-02T14:53:31.476643
ORD-20260502-330914,2026-05-02T16:42:41.476643,ZAF-ISF-001,CUST-10224,dine_in,"[{""item_id"": ""ITEM-305"", ""name"": ""Zereshk Polo ba Morgh"", ""category"": ""Main Course"", ""quantity"": 1, ""unit_price"": 223000, ""subtotal"": 223000}, {""item_id"": ""ITEM-104"", ""name"": ""Dolme Barg"", ""category"": ""Starter"", ""quantity"": 3, ""unit_price"": 109000, ""subtotal"": 327000}, {""item_id"": ""ITEM-203"", ""name"": ""Ash Reshteh"", ""category"": ""Main Course"", ""quantity"": 3, ""unit_price"": 107000, ""subtotal"": 321000}, {""item_id"": ""ITEM-103"", ""name"": ""Mirza Ghasemi"", ""category"": ""Starter"", ""quantity"": 1, ""unit_price"": 87000, ""subtotal"": 87000}, {""item_id"": ""ITEM-301"", ""name"": ""Chelo Kabab Koobideh"", ""category"": ""Main Course"", ""quantity"": 3, ""unit_price"": 277000, ""subtotal"": 831000}]",1789000.0,cash,delivered,2026-05-02T16:42:41.476643
ORD-20260502-354646,2026-05-02T19:43:58.476643,ZAF-SHZ-001,CUST-10203,dine_in,"[{""item_id"": ""ITEM-103"", ""name"": ""Mirza Ghasemi"", ""category"": ""Starter"", ""quantity"": 3, ""unit_price"": 94000, ""subtotal"": 282000}, {""item_id"": ""ITEM-402"", ""name"": ""Barbari Bread"", ""category"": ""Bread"", ""quantity"": 3, ""unit_price"": 22000, ""subtotal"": 66000}]",348000.0,wallet,completed,2026-05-02T19:43:58.476643
ORD-20260502-811249,2026-05-02T19:56:34.476643,ZAF-THR-002,CUST-10075,dine_in,"[{""item_id"": ""ITEM-205"", ""name"": ""Baghali Polo"", ""category"": ""Main Course"", ""quantity"": 1, ""unit_price"": 116000, ""subtotal"": 116000}, {""item_id"": ""ITEM-403"", ""name"": ""Lavash Bread"", ""category"": ""Bread"", ""quantity"": 3, ""unit_price"": 15000, ""subtotal"": 45000}, {""item_id"": ""ITEM-301"", ""name"": ""Chelo Kabab Koobideh"", ""category"": ""Main Course"", ""quantity"": 3, ""unit_price"": 295000, ""subtotal"": 885000}, {""item_id"": ""ITEM-302"", ""name"": ""Joojeh Kabab"", ""category"": ""Main Course"", ""quantity"": 3, ""unit_price"": 262000, ""subtotal"": 786000}]",1832000.0,cash,delivered,2026-05-02T19:56:34.476643
ORD-20260502-593602,2026-05-02T19:57:21.476643,ZAF-TBZ-001,CUST-10227,delivery,"[{""item_id"": ""ITEM-105"", ""name"": ""Salad Shirazi"", ""category"": ""Starter"", ""quantity"": 1, ""unit_price"": 54000, ""subtotal"": 54000}]",54000.0,cash,delivered,2026-05-02T19:57:21.476643
ORD-20260502-411870,2026-05-02T20:44:23.476643,ZAF-MSH-001,CUST-10062,dine_in,"[{""item_id"": ""ITEM-604"", ""name"": ""Sharbat-e Ablimoo"", ""category"": ""Beverage"", ""quantity"": 2, ""unit_price"": 39000, ""subtotal"": 78000}, {""item_id"": ""ITEM-203"", ""name"": ""Ash Reshteh"", ""category"": ""Main Course"", ""quantity"": 2, ""unit_price"": 107000, ""subtotal"": 214000}, {""item_id"": ""ITEM-305"", ""name"": ""Zereshk Polo ba Morgh"", ""category"": ""Main Course"", ""quantity"": 2, ""unit_price"": 221000, ""subtotal"": 442000}, {""item_id"": ""ITEM-303"", ""name"": ""Ghormeh Sabzi"", ""category"": ""Main Course"", ""quantity"": 1, ""unit_price"": 243000, ""subtotal"": 243000}, {""item_id"": ""ITEM-101"", ""name"": ""Mast-o Khiar"", ""category"": ""Starter"", ""quantity"": 1, ""unit_price"": 65000, ""subtotal"": 65000}]",1042000.0,cash,completed,2026-05-02T20:44:23.476643
ORD-20260503-188693,2026-05-03T11:40:05.476643,ZAF-THR-001,CUST-10373,delivery,"[{""item_id"": ""ITEM-103"", ""name"": ""Mirza Ghasemi"", ""category"": ""Starter"", ""quantity"": 3, ""unit_price"": 88000, ""subtotal"": 264000}, {""item_id"": ""ITEM-201"", ""name"": ""Kuku Sabzi"", ""category"": ""Main Course"", ""quantity"": 1, ""unit_price"": 122000, ""subtotal"": 122000}]",386000.0,card,completed,2026-05-03T11:40:05.476643
ORD-20260503-707275,2026-05-03T16:02:36.476643,ZAF-THR-002,CUST-10379,delivery,"[{""item_id"": ""ITEM-101"", ""name"": ""Mast-o Khiar"", ""category"": ""Starter"", ""quantity"": 3, ""unit_price"": 67000, ""subtotal"": 201000}, {""item_id"": ""ITEM-204"", ""name"": ""Sabzi Polo"", ""category"": ""Main Course"", ""quantity"": 3, ""unit_price"": 98000, ""subtotal"": 294000}]",495000.0,card,completed,2026-05-03T16:02:36.476643
ORD-20260503-202444,2026-05-03T18:00:43.476643,ZAF-THR-001,CUST-10425,delivery,"[{""item_id"": ""ITEM-101"", ""name"": ""Mast-o Khiar"", ""category"": ""Starter"", ""quantity"": 2, ""unit_price"": 66000, ""subtotal"": 132000}]",132000.0,cash,completed,2026-05-03T18:00:43.476643
ORD-20260503-601602,2026-05-03T19:05:07.476643,ZAF-THR-002,CUST-10127,delivery,"[{""item_id"": ""ITEM-503"", ""name"": ""Sholeh Zard"", ""category"": ""Dessert"", ""quantity"": 3, ""unit_price"": 54000, ""subtotal"": 162000}, {""item_id"": ""ITEM-601"", ""name"": ""Doogh"", ""category"": ""Beverage"", ""quantity"": 3, ""unit_price"": 34000, ""subtotal"": 102000}, {""item_id"": ""ITEM-603"", ""name"": ""Persian Tea (Chai)"", ""category"": ""Beverage"", ""quantity"": 2, ""unit_price"": 25000, ""subtotal"": 50000}, {""item_id"": ""ITEM-501"", ""name"": ""Bastani Sonnati"", ""category"": ""Dessert"", ""quantity"": 2, ""unit_price"": 76000, ""subtotal"": 152000}, {""item_id"": ""ITEM-105"", ""name"": ""Salad Shirazi"", ""category"": ""Starter"", ""quantity"": 2, ""unit_price"": 55000, ""subtotal"": 110000}]",576000.0,cash,completed,2026-05-03T19:05:07.476643
ORD-20260504-191537,2026-05-04T15:06:05.476643,ZAF-THR-001,CUST-10482,dine_in,"[{""item_id"": ""ITEM-305"", ""name"": ""Zereshk Polo ba Morgh"", ""category"": ""Main Course"", ""quantity"": 2, ""unit_price"": 233000, ""subtotal"": 466000}, {""item_id"": ""ITEM-302"", ""name"": ""Joojeh Kabab"", ""category"": ""Main Course"", ""quantity"": 1, ""unit_price"": 260000, ""subtotal"": 260000}, {""item_id"": ""ITEM-601"", ""name"": ""Doogh"", ""category"": ""Beverage"", ""quantity"": 1, ""unit_price"": 37000, ""subtotal"": 37000}]",763000.0,card,completed,2026-05-04T15:06:05.476643
ORD-20260505-849937,2026-05-05T10:09:03.476643,ZAF-TBZ-001,CUST-10011,takeaway,"[{""item_id"": ""ITEM-104"", ""name"": ""Dolme Barg"", ""category"": ""Starter"", ""quantity"": 2, ""unit_price"": 114000, ""subtotal"": 228000}, {""item_id"": ""ITEM-205"", ""name"": ""Baghali Polo"", ""category"": ""Main Course"", ""quantity"": 1, ""unit_price"": 115000, ""subtotal"": 115000}]",343000.0,wallet,delivered,2026-05-05T10:09:03.476643
ORD-20260505-565471,2026-05-05T11:05:20.476643,ZAF-MSH-001,CUST-10151,takeaway,"[{""item_id"": ""ITEM-305"", ""name"": ""Zereshk Polo ba Morgh"", ""category"": ""Main Course"", ""quantity"": 2, ""unit_price"": 221000, ""subtotal"": 442000}, {""item_id"": ""ITEM-403"", ""name"": ""Lavash Bread"", ""category"": ""Bread"", ""quantity"": 1, ""unit_price"": 15000, ""subtotal"": 15000}, {""item_id"": ""ITEM-503"", ""name"": ""Sholeh Zard"", ""category"": ""Dessert"", ""quantity"": 3, ""unit_price"": 54000, ""subtotal"": 162000}]",619000.0,card,delivered,2026-05-05T11:05:20.476643
ORD-20260505-265146,2026-05-05T13:12:18.476643,ZAF-ISF-001,CUST-10272,takeaway,"[{""item_id"": ""ITEM-601"", ""name"": ""Doogh"", ""category"": ""Beverage"", ""quantity"": 1, ""unit_price"": 35000, ""subtotal"": 35000}, {""item_id"": ""ITEM-305"", ""name"": ""Zereshk Polo ba Morgh"", ""category"": ""Main Course"", ""quantity"": 2, ""unit_price"": 223000, ""subtotal"": 446000}, {""item_id"": ""ITEM-502"", ""name"": ""Faloodeh Shirazi"", ""category"": ""Dessert"", ""quantity"": 1, ""unit_price"": 65000, ""subtotal"": 65000}]",546000.0,cash,delivered,2026-05-05T13:12:18.476643
ORD-20260505-347978,2026-05-05T14:24:52.476643,ZAF-THR-001,CUST-10026,takeaway,"[{""item_id"": ""ITEM-203"", ""name"": ""Ash Reshteh"", ""category"": ""Main Course"", ""quantity"": 3, ""unit_price"": 101000, ""subtotal"": 303000}, {""item_id"": ""ITEM-601"", ""name"": ""Doogh"", ""category"": ""Beverage"", ""quantity"": 3, ""unit_price"": 37000, ""subtotal"": 111000}]",414000.0,wallet,completed,2026-05-05T14:24:52.476643
ORD-20260505-321659,2026-05-05T14:46:26.476643,ZAF-TBZ-001,CUST-10330,takeaway,"[{""item_id"": ""ITEM-202"", ""name"": ""Adas Polo"", ""category"": ""Main Course"", ""quantity"": 2, ""unit_price"": 131000, ""subtotal"": 262000}]",262000.0,wallet,completed,2026-05-05T14:46:26.476643
ORD-20260505-456032,2026-05-05T19:06:51.476643,ZAF-SHZ-001,CUST-10051,dine_in,"[{""item_id"": ""ITEM-301"", ""name"": ""Chelo Kabab Koobideh"", ""category"": ""Main Course"", ""quantity"": 3, ""unit_price"": 273000, ""subtotal"": 819000}, {""item_id"": ""ITEM-306"", ""name"": ""Tahchin Morgh"", ""category"": ""Main Course"", ""quantity"": 3, ""unit_price"": 228000, ""subtotal"": 684000}]",1503000.0,wallet,completed,2026-05-05T19:06:51.476643
ORD-20260505-192337,2026-05-05T20:06:54.476643,ZAF-THR-002,CUST-10168,takeaway,"[{""item_id"": ""ITEM-503"", ""name"": ""Sholeh Zard"", ""category"": ""Dessert"", ""quantity"": 2, ""unit_price"": 54000, ""subtotal"": 108000}, {""item_id"": ""ITEM-306"", ""name"": ""Tahchin Morgh"", ""category"": ""Main Course"", ""quantity"": 3, ""unit_price"": 215000, ""subtotal"": 645000}, {""item_id"": ""ITEM-205"", ""name"": ""Baghali Polo"", ""category"": ""Main Course"", ""quantity"": 1, ""unit_price"": 116000, ""subtotal"": 116000}, {""item_id"": ""ITEM-502"", ""name"": ""Faloodeh Shirazi"", ""category"": ""Dessert"", ""quantity"": 2, ""unit_price"": 64000, ""subtotal"": 128000}]",997000.0,card,completed,2026-05-05T20:06:54.476643
ORD-20260506-663492,2026-05-06T10:40:52.476643,ZAF-THR-001,CUST-10421,delivery,"[{""item_id"": ""ITEM-203"", ""name"": ""Ash Reshteh"", ""category"": ""Main Course"", ""quantity"": 1, ""unit_price"": 101000, ""subtotal"": 101000}, {""item_id"": ""ITEM-504"", ""name"": ""Zoolbia Bamieh"", ""category"": ""Dessert"", ""quantity"": 2, ""unit_price"": 58000, ""subtotal"": 116000}, {""item_id"": ""ITEM-204"", ""name"": ""Sabzi Polo"", ""category"": ""Main Course"", ""quantity"": 1, ""unit_price"": 94000, ""subtotal"": 94000}]",311000.0,wallet,delivered,2026-05-06T10:40:52.476643
ORD-20260506-451801,2026-05-06T11:43:36.476643,ZAF-TBZ-001,CUST-10070,dine_in,"[{""item_id"": ""ITEM-603"", ""name"": ""Persian Tea (Chai)"", ""category"": ""Beverage"", ""quantity"": 1, ""unit_price"": 26000, ""subtotal"": 26000}, {""item_id"": ""ITEM-602"", ""name"": ""Sharbat-e Sekanjebin"", ""category"": ""Beverage"", ""quantity"": 3, ""unit_price"": 41000, ""subtotal"": 123000}, {""item_id"": ""ITEM-202"", ""name"": ""Adas Polo"", ""category"": ""Main Course"", ""quantity"": 1, ""unit_price"": 131000, ""subtotal"": 131000}]",280000.0,cash,completed,2026-05-06T11:43:36.476643
ORD-20260506-319401,2026-05-06T13:03:40.476643,ZAF-ISF-001,CUST-10446,delivery,"[{""item_id"": ""ITEM-604"", ""name"": ""Sharbat-e Ablimoo"", ""category"": ""Beverage"", ""quantity"": 3, ""unit_price"": 40000, ""subtotal"": 120000}, {""item_id"": ""ITEM-307"", ""name"": ""Abgoosht (Dizi)"", ""category"": ""Main Course"", ""quantity"": 2, ""unit_price"": 202000, ""subtotal"": 404000}]",524000.0,cash,completed,2026-05-06T13:03:40.476643
ORD-20260506-720995,2026-05-06T16:17:52.476643,ZAF-SHZ-001,CUST-10186,delivery,"[{""item_id"": ""ITEM-402"", ""name"": ""Barbari Bread"", ""category"": ""Bread"", ""quantity"": 1, ""unit_price"": 22000, ""subtotal"": 22000}]",22000.0,cash,delivered,2026-05-06T16:17:52.476643
ORD-20260506-719531,2026-05-06T17:29:55.476643,ZAF-TBZ-001,CUST-10478,delivery,"[{""item_id"": ""ITEM-401"", ""name"": ""Sangak Bread"", ""category"": ""Bread"", ""quantity"": 3, ""unit_price"": 26000, ""subtotal"": 78000}, {""item_id"": ""ITEM-305"", ""name"": ""Zereshk Polo ba Morgh"", ""category"": ""Main Course"", ""quantity"": 3, ""unit_price"": 219000, ""subtotal"": 657000}, {""item_id"": ""ITEM-105"", ""name"": ""Salad Shirazi"", ""category"": ""Starter"", ""quantity"": 1, ""unit_price"": 54000, ""subtotal"": 54000}]",789000.0,card,completed,2026-05-06T17:29:55.476643
ORD-20260506-423528,2026-05-06T19:46:20.476643,ZAF-THR-002,CUST-10390,takeaway,"[{""item_id"": ""ITEM-306"", ""name"": ""Tahchin Morgh"", ""category"": ""Main Course"", ""quantity"": 2, ""unit_price"": 215000, ""subtotal"": 430000}, {""item_id"": ""ITEM-307"", ""name"": ""Abgoosht (Dizi)"", ""category"": ""Main Course"", ""quantity"": 2, ""unit_price"": 187000, ""subtotal"": 374000}]",804000.0,cash,delivered,2026-05-06T19:46:20.476643
ORD-20260507-551730,2026-05-07T14:22:06.476643,ZAF-THR-001,CUST-10179,takeaway,"[{""item_id"": ""ITEM-303"", ""name"": ""Ghormeh Sabzi"", ""category"": ""Main Course"", ""quantity"": 1, ""unit_price"": 233000, ""subtotal"": 233000}, {""item_id"": ""ITEM-302"", ""name"": ""Joojeh Kabab"", ""category"": ""Main Course"", ""quantity"": 1, ""unit_price"": 260000, ""subtotal"": 260000}]",493000.0,cash,delivered,2026-05-07T14:22:06.476643
ORD-20260507-173199,2026-05-07T15:08:42.476643,ZAF-MSH-001,CUST-10120,dine_in,"[{""item_id"": ""ITEM-205"", ""name"": ""Baghali Polo"", ""category"": ""Main Course"", ""quantity"": 3, ""unit_price"": 113000, ""subtotal"": 339000}]",339000.0,card,completed,2026-05-07T15:08:42.476643
ORD-20260507-211532,2026-05-07T15:47:51.476643,ZAF-ISF-001,CUST-10380,dine_in,"[{""item_id"": ""ITEM-307"", ""name"": ""Abgoosht (Dizi)"", ""category"": ""Main Course"", ""quantity"": 2, ""unit_price"": 202000, ""subtotal"": 404000}, {""item_id"": ""ITEM-403"", ""name"": ""Lavash Bread"", ""category"": ""Bread"", ""quantity"": 1, ""unit_price"": 15000, ""subtotal"": 15000}, {""item_id"": ""ITEM-302"", ""name"": ""Joojeh Kabab"", ""category"": ""Main Course"", ""quantity"": 3, ""unit_price"": 248000, ""subtotal"": 744000}, {""item_id"": ""ITEM-203"", ""name"": ""Ash Reshteh"", ""category"": ""Main Course"", ""quantity"": 2, ""unit_price"": 107000, ""subtotal"": 214000}, {""item_id"": ""ITEM-501"", ""name"": ""Bastani Sonnati"", ""category"": ""Dessert"", ""quantity"": 1, ""unit_price"": 78000, ""subtotal"": 78000}]",1455000.0,wallet,delivered,2026-05-07T15:47:51.476643
ORD-20260508-994794,2026-05-08T20:19:25.476643,ZAF-THR-001,CUST-10323,takeaway,"[{""item_id"": ""ITEM-302"", ""name"": ""Joojeh Kabab"", ""category"": ""Main Course"", ""quantity"": 3, ""unit_price"": 260000, ""subtotal"": 780000}]",780000.0,cash,completed,2026-05-08T20:19:25.476643
ORD-20260508-468948,2026-05-08T21:27:56.476643,ZAF-THR-001,CUST-10422,takeaway,"[{""item_id"": ""ITEM-503"", ""name"": ""Sholeh Zard"", ""category"": ""Dessert"", ""quantity"": 3, ""unit_price"": 54000, ""subtotal"": 162000}, {""item_id"": ""ITEM-204"", ""name"": ""Sabzi Polo"", ""category"": ""Main Course"", ""quantity"": 1, ""unit_price"": 94000, ""subtotal"": 94000}]",256000.0,wallet,completed,2026-05-08T21:27:56.476643
ORD-20260509-662625,2026-05-09T10:21:50.476643,ZAF-MSH-001,CUST-10021,dine_in,"[{""item_id"": ""ITEM-104"", ""name"": ""Dolme Barg"", ""category"": ""Starter"", ""quantity"": 3, ""unit_price"": 114000, ""subtotal"": 342000}, {""item_id"": ""ITEM-202"", ""name"": ""Adas Polo"", ""category"": ""Main Course"", ""quantity"": 3, ""unit_price"": 131000, ""subtotal"": 393000}, {""item_id"": ""ITEM-602"", ""name"": ""Sharbat-e Sekanjebin"", ""category"": ""Beverage"", ""quantity"": 2, ""unit_price"": 38000, ""subtotal"": 76000}, {""item_id"": ""ITEM-501"", ""name"": ""Bastani Sonnati"", ""category"": ""Dessert"", ""quantity"": 3, ""unit_price"": 72000, ""subtotal"": 216000}]",1027000.0,wallet,delivered,2026-05-09T10:21:50.476643
ORD-20260509-389688,2026-05-09T10:31:54.476643,ZAF-ISF-001,CUST-10093,delivery,"[{""item_id"": ""ITEM-202"", ""name"": ""Adas Polo"", ""category"": ""Main Course"", ""quantity"": 2, ""unit_price"": 131000, ""subtotal"": 262000}, {""item_id"": ""ITEM-302"", ""name"": ""Joojeh Kabab"", ""category"": ""Main Course"", ""quantity"": 2, ""unit_price"": 248000, ""subtotal"": 496000}, {""item_id"": ""ITEM-602"", ""name"": ""Sharbat-e Sekanjebin"", ""category"": ""Beverage"", ""quantity"": 3, ""unit_price"": 39000, ""subtotal"": 117000}, {""item_id"": ""ITEM-204"", ""name"": ""Sabzi Polo"", ""category"": ""Main Course"", ""quantity"": 3, ""unit_price"": 98000, ""subtotal"": 294000}]",1169000.0,cash,delivered,2026-05-09T10:31:54.476643
ORD-20260509-820184,2026-05-09T17:25:26.476643,ZAF-MSH-001,CUST-10048,takeaway,"[{""item_id"": ""ITEM-304"", ""name"": ""Fesenjan"", ""category"": ""Main Course"", ""quantity"": 2, ""unit_price"": 270000, ""subtotal"": 540000}, {""item_id"": ""ITEM-301"", ""name"": ""Chelo Kabab Koobideh"", ""category"": ""Main Course"", ""quantity"": 2, ""unit_price"": 299000, ""subtotal"": 598000}, {""item_id"": ""ITEM-502"", ""name"": ""Faloodeh Shirazi"", ""category"": ""Dessert"", ""quantity"": 1, ""unit_price"": 66000, ""subtotal"": 66000}]",1204000.0,cash,delivered,2026-05-09T17:25:26.476643
ORD-20260509-660069,2026-05-09T20:43:51.476643,ZAF-SHZ-001,CUST-10370,dine_in,"[{""item_id"": ""ITEM-603"", ""name"": ""Persian Tea (Chai)"", ""category"": ""Beverage"", ""quantity"": 1, ""unit_price"": 26000, ""subtotal"": 26000}, {""item_id"": ""ITEM-305"", ""name"": ""Zereshk Polo ba Morgh"", ""category"": ""Main Course"", ""quantity"": 3, ""unit_price"": 241000, ""subtotal"": 723000}]",749000.0,card,delivered,2026-05-09T20:43:51.476643
ORD-20260509-466960,2026-05-09T22:56:24.476643,ZAF-ISF-001,CUST-10385,dine_in,"[{""item_id"": ""ITEM-204"", ""name"": ""Sabzi Polo"", ""category"": ""Main Course"", ""quantity"": 1, ""unit_price"": 98000, ""subtotal"": 98000}, {""item_id"": ""ITEM-603"", ""name"": ""Persian Tea (Chai)"", ""category"": ""Beverage"", ""quantity"": 3, ""unit_price"": 25000, ""subtotal"": 75000}, {""item_id"": ""ITEM-103"", ""name"": ""Mirza Ghasemi"", ""category"": ""Starter"", ""quantity"": 3, ""unit_price"": 87000, ""subtotal"": 261000}, {""item_id"": ""ITEM-306"", ""name"": ""Tahchin Morgh"", ""category"": ""Main Course"", ""quantity"": 1, ""unit_price"": 230000, ""subtotal"": 230000}]",664000.0,wallet,delivered,2026-05-09T22:56:24.476643
ORD-20260510-275409,2026-05-10T11:09:38.476643,ZAF-THR-002,CUST-10428,dine_in,"[{""item_id"": ""ITEM-601"", ""name"": ""Doogh"", ""category"": ""Beverage"", ""quantity"": 3, ""unit_price"": 34000, ""subtotal"": 102000}, {""item_id"": ""ITEM-304"", ""name"": ""Fesenjan"", ""category"": ""Main Course"", ""quantity"": 2, ""unit_price"": 258000, ""subtotal"": 516000}, {""item_id"": ""ITEM-303"", ""name"": ""Ghormeh Sabzi"", ""category"": ""Main Course"", ""quantity"": 3, ""unit_price"": 250000, ""subtotal"": 750000}, {""item_id"": ""ITEM-203"", ""name"": ""Ash Reshteh"", ""category"": ""Main Course"", ""quantity"": 3, ""unit_price"": 106000, ""subtotal"": 318000}]",1686000.0,wallet,completed,2026-05-10T11:09:38.476643
ORD-20260510-103717,2026-05-10T13:43:40.476643,ZAF-ISF-001,CUST-10258,takeaway,"[{""item_id"": ""ITEM-204"", ""name"": ""Sabzi Polo"", ""category"": ""Main Course"", ""quantity"": 3, ""unit_price"": 98000, ""subtotal"": 294000}, {""item_id"": ""ITEM-604"", ""name"": ""Sharbat-e Ablimoo"", ""category"": ""Beverage"", ""quantity"": 2, ""unit_price"": 40000, ""subtotal"": 80000}, {""item_id"": ""ITEM-102"", ""name"": ""Kashke Bademjan"", ""category"": ""Starter"", ""quantity"": 2, ""unit_price"": 97000, ""subtotal"": 194000}, {""item_id"": ""ITEM-103"", ""name"": ""Mirza Ghasemi"", ""category"": ""Starter"", ""quantity"": 1, ""unit_price"": 87000, ""subtotal"": 87000}]",655000.0,cash,completed,2026-05-10T13:43:40.476643
ORD-20260510-357374,2026-05-10T14:32:10.476643,ZAF-THR-001,CUST-10136,dine_in,"[{""item_id"": ""ITEM-503"", ""name"": ""Sholeh Zard"", ""category"": ""Dessert"", ""quantity"": 2, ""unit_price"": 54000, ""subtotal"": 108000}, {""item_id"": ""ITEM-601"", ""name"": ""Doogh"", ""category"": ""Beverage"", ""quantity"": 3, ""unit_price"": 37000, ""subtotal"": 111000}, {""item_id"": ""ITEM-304"", ""name"": ""Fesenjan"", ""category"": ""Main Course"", ""quantity"": 3, ""unit_price"": 262000, ""subtotal"": 786000}]",1005000.0,wallet,completed,2026-05-10T14:32:10.476643
ORD-20260510-211341,2026-05-10T19:09:20.476643,ZAF-MSH-001,CUST-10163,takeaway,"[{""item_id"": ""ITEM-303"", ""name"": ""Ghormeh Sabzi"", ""category"": ""Main Course"", ""quantity"": 2, ""unit_price"": 243000, ""subtotal"": 486000}, {""item_id"": ""ITEM-105"", ""name"": ""Salad Shirazi"", ""category"": ""Starter"", ""quantity"": 3, ""unit_price"": 55000, ""subtotal"": 165000}, {""item_id"": ""ITEM-601"", ""name"": ""Doogh"", ""category"": ""Beverage"", ""quantity"": 3, ""unit_price"": 36000, ""subtotal"": 108000}]",759000.0,cash,completed,2026-05-10T19:09:20.476643
ORD-20260510-447067,2026-05-10T20:06:43.476643,ZAF-THR-002,CUST-10476,delivery,"[{""item_id"": ""ITEM-307"", ""name"": ""Abgoosht (Dizi)"", ""category"": ""Main Course"", ""quantity"": 3, ""unit_price"": 187000, ""subtotal"": 561000}, {""item_id"": ""ITEM-201"", ""name"": ""Kuku Sabzi"", ""category"": ""Main Course"", ""quantity"": 1, ""unit_price"": 126000, ""subtotal"": 126000}]",687000.0,card,completed,2026-05-10T20:06:43.476643
ORD-20260510-312146,2026-05-10T20:48:03.476643,ZAF-THR-001,CUST-10050,delivery,"[{""item_id"": ""ITEM-101"", ""name"": ""Mast-o Khiar"", ""category"": ""Starter"", ""quantity"": 2, ""unit_price"": 66000, ""subtotal"": 132000}, {""item_id"": ""ITEM-104"", ""name"": ""Dolme Barg"", ""category"": ""Starter"", ""quantity"": 2, ""unit_price"": 107000, ""subtotal"": 214000}, {""item_id"": ""ITEM-604"", ""name"": ""Sharbat-e Ablimoo"", ""category"": ""Beverage"", ""quantity"": 1, ""unit_price"": 36000, ""subtotal"": 36000}, {""item_id"": ""ITEM-201"", ""name"": ""Kuku Sabzi"", ""category"": ""Main Course"", ""quantity"": 2, ""unit_price"": 122000, ""subtotal"": 244000}]",626000.0,cash,completed,2026-05-10T20:48:03.476643
ORD-20260510-113950,2026-05-10T22:11:13.476643,ZAF-THR-002,CUST-10040,dine_in,"[{""item_id"": ""ITEM-204"", ""name"": ""Sabzi Polo"", ""category"": ""Main Course"", ""quantity"": 3, ""unit_price"": 98000, ""subtotal"": 294000}, {""item_id"": ""ITEM-604"", ""name"": ""Sharbat-e Ablimoo"", ""category"": ""Beverage"", ""quantity"": 1, ""unit_price"": 38000, ""subtotal"": 38000}, {""item_id"": ""ITEM-502"", ""name"": ""Faloodeh Shirazi"", ""category"": ""Dessert"", ""quantity"": 1, ""unit_price"": 64000, ""subtotal"": 64000}, {""item_id"": ""ITEM-104"", ""name"": ""Dolme Barg"", ""category"": ""Starter"", ""quantity"": 2, ""unit_price"": 113000, ""subtotal"": 226000}, {""item_id"": ""ITEM-304"", ""name"": ""Fesenjan"", ""category"": ""Main Course"", ""quantity"": 1, ""unit_price"": 258000, ""subtotal"": 258000}]",880000.0,wallet,completed,2026-05-10T22:11:13.476643
ORD-20260511-175902,2026-05-11T14:14:38.476643,ZAF-THR-002,CUST-10232,delivery,"[{""item_id"": ""ITEM-402"", ""name"": ""Barbari Bread"", ""category"": ""Bread"", ""quantity"": 2, ""unit_price"": 21000, ""subtotal"": 42000}, {""item_id"": ""ITEM-101"", ""name"": ""Mast-o Khiar"", ""category"": ""Starter"", ""quantity"": 3, ""unit_price"": 67000, ""subtotal"": 201000}, {""item_id"": ""ITEM-204"", ""name"": ""Sabzi Polo"", ""category"": ""Main Course"", ""quantity"": 1, ""unit_price"": 98000, ""subtotal"": 98000}, {""item_id"": ""ITEM-201"", ""name"": ""Kuku Sabzi"", ""category"": ""Main Course"", ""quantity"": 3, ""unit_price"": 126000, ""subtotal"": 378000}]",719000.0,card,completed,2026-05-11T14:14:38.476643
ORD-20260511-997594,2026-05-11T15:35:48.476643,ZAF-TBZ-001,CUST-10193,takeaway,"[{""item_id"": ""ITEM-301"", ""name"": ""Chelo Kabab Koobideh"", ""category"": ""Main Course"", ""quantity"": 1, ""unit_price"": 293000, ""subtotal"": 293000}, {""item_id"": ""ITEM-604"", ""name"": ""Sharbat-e Ablimoo"", ""category"": ""Beverage"", ""quantity"": 3, ""unit_price"": 37000, ""subtotal"": 111000}, {""item_id"": ""ITEM-202"", ""name"": ""Adas Polo"", ""category"": ""Main Course"", ""quantity"": 2, ""unit_price"": 131000, ""subtotal"": 262000}, {""item_id"": ""ITEM-503"", ""name"": ""Sholeh Zard"", ""category"": ""Dessert"", ""quantity"": 1, ""unit_price"": 53000, ""subtotal"": 53000}]",719000.0,cash,completed,2026-05-11T15:35:48.476643
ORD-20260511-452192,2026-05-11T16:28:47.476643,ZAF-MSH-001,CUST-10010,takeaway,"[{""item_id"": ""ITEM-202"", ""name"": ""Adas Polo"", ""category"": ""Main Course"", ""quantity"": 1, ""unit_price"": 131000, ""subtotal"": 131000}, {""item_id"": ""ITEM-103"", ""name"": ""Mirza Ghasemi"", ""category"": ""Starter"", ""quantity"": 3, ""unit_price"": 88000, ""subtotal"": 264000}, {""item_id"": ""ITEM-101"", ""name"": ""Mast-o Khiar"", ""category"": ""Starter"", ""quantity"": 3, ""unit_price"": 65000, ""subtotal"": 195000}]",590000.0,wallet,completed,2026-05-11T16:28:47.476643
ORD-20260512-196407,2026-05-12T13:46:18.476643,ZAF-ISF-001,CUST-10098,dine_in,"[{""item_id"": ""ITEM-101"", ""name"": ""Mast-o Khiar"", ""category"": ""Starter"", ""quantity"": 3, ""unit_price"": 63000, ""subtotal"": 189000}]",189000.0,wallet,delivered,2026-05-12T13:46:18.476643
ORD-20260512-686072,2026-05-12T14:41:44.476643,ZAF-MSH-001,CUST-10200,takeaway,"[{""item_id"": ""ITEM-403"", ""name"": ""Lavash Bread"", ""category"": ""Bread"", ""quantity"": 1, ""unit_price"": 15000, ""subtotal"": 15000}, {""item_id"": ""ITEM-503"", ""name"": ""Sholeh Zard"", ""category"": ""Dessert"", ""quantity"": 2, ""unit_price"": 54000, ""subtotal"": 108000}]",123000.0,wallet,completed,2026-05-12T14:41:44.476643
ORD-20260512-306854,2026-05-12T15:46:52.476643,ZAF-MSH-001,CUST-10417,dine_in,"[{""item_id"": ""ITEM-203"", ""name"": ""Ash Reshteh"", ""category"": ""Main Course"", ""quantity"": 1, ""unit_price"": 107000, ""subtotal"": 107000}, {""item_id"": ""ITEM-104"", ""name"": ""Dolme Barg"", ""category"": ""Starter"", ""quantity"": 2, ""unit_price"": 114000, ""subtotal"": 228000}]",335000.0,wallet,delivered,2026-05-12T15:46:52.476643
ORD-20260512-202046,2026-05-12T22:25:25.476643,ZAF-THR-001,CUST-10270,dine_in,"[{""item_id"": ""ITEM-205"", ""name"": ""Baghali Polo"", ""category"": ""Main Course"", ""quantity"": 3, ""unit_price"": 110000, ""subtotal"": 330000}, {""item_id"": ""ITEM-503"", ""name"": ""Sholeh Zard"", ""category"": ""Dessert"", ""quantity"": 3, ""unit_price"": 54000, ""subtotal"": 162000}, {""item_id"": ""ITEM-202"", ""name"": ""Adas Polo"", ""category"": ""Main Course"", ""quantity"": 2, ""unit_price"": 135000, ""subtotal"": 270000}]",762000.0,card,delivered,2026-05-12T22:25:25.476643
ORD-20260513-230824,2026-05-13T16:52:38.476643,ZAF-ISF-001,CUST-10198,takeaway,"[{""item_id"": ""ITEM-603"", ""name"": ""Persian Tea (Chai)"", ""category"": ""Beverage"", ""quantity"": 3, ""unit_price"": 25000, ""subtotal"": 75000}, {""item_id"": ""ITEM-601"", ""name"": ""Doogh"", ""category"": ""Beverage"", ""quantity"": 1, ""unit_price"": 35000, ""subtotal"": 35000}]",110000.0,card,delivered,2026-05-13T16:52:38.476643
ORD-20260513-768480,2026-05-13T19:27:17.476643,ZAF-MSH-001,CUST-10405,takeaway,"[{""item_id"": ""ITEM-103"", ""name"": ""Mirza Ghasemi"", ""category"": ""Starter"", ""quantity"": 3, ""unit_price"": 88000, ""subtotal"": 264000}]",264000.0,card,delivered,2026-05-13T19:27:17.476643
ORD-20260515-498343,2026-05-15T14:15:46.476643,ZAF-MSH-001,CUST-10253,takeaway,"[{""item_id"": ""ITEM-403"", ""name"": ""Lavash Bread"", ""category"": ""Bread"", ""quantity"": 2, ""unit_price"": 15000, ""subtotal"": 30000}, {""item_id"": ""ITEM-202"", ""name"": ""Adas Polo"", ""category"": ""Main Course"", ""quantity"": 1, ""unit_price"": 131000, ""subtotal"": 131000}, {""item_id"": ""ITEM-305"", ""name"": ""Zereshk Polo ba Morgh"", ""category"": ""Main Course"", ""quantity"": 2, ""unit_price"": 221000, ""subtotal"": 442000}, {""item_id"": ""ITEM-104"", ""name"": ""Dolme Barg"", ""category"": ""Starter"", ""quantity"": 2, ""unit_price"": 114000, ""subtotal"": 228000}, {""item_id"": ""ITEM-105"", ""name"": ""Salad Shirazi"", ""category"": ""Starter"", ""quantity"": 3, ""unit_price"": 55000, ""subtotal"": 165000}]",996000.0,card,completed,2026-05-15T14:15:46.476643
ORD-20260515-478427,2026-05-15T18:14:07.476643,ZAF-THR-002,CUST-10405,delivery,"[{""item_id"": ""ITEM-203"", ""name"": ""Ash Reshteh"", ""category"": ""Main Course"", ""quantity"": 2, ""unit_price"": 106000, ""subtotal"": 212000}, {""item_id"": ""ITEM-602"", ""name"": ""Sharbat-e Sekanjebin"", ""category"": ""Beverage"", ""quantity"": 1, ""unit_price"": 42000, ""subtotal"": 42000}]",254000.0,wallet,completed,2026-05-15T18:14:07.476643
ORD-20260515-789545,2026-05-15T21:57:51.476643,ZAF-TBZ-001,CUST-10304,delivery,"[{""item_id"": ""ITEM-104"", ""name"": ""Dolme Barg"", ""category"": ""Starter"", ""quantity"": 1, ""unit_price"": 114000, ""subtotal"": 114000}]",114000.0,card,delivered,2026-05-15T21:57:51.476643
ORD-20260516-911152,2026-05-16T15:11:41.476643,ZAF-TBZ-001,CUST-10360,dine_in,"[{""item_id"": ""ITEM-401"", ""name"": ""Sangak Bread"", ""category"": ""Bread"", ""quantity"": 3, ""unit_price"": 26000, ""subtotal"": 78000}]",78000.0,cash,completed,2026-05-16T15:11:41.476643
ORD-20260516-468332,2026-05-16T15:51:47.476643,ZAF-TBZ-001,CUST-10013,dine_in,"[{""item_id"": ""ITEM-303"", ""name"": ""Ghormeh Sabzi"", ""category"": ""Main Course"", ""quantity"": 2, ""unit_price"": 233000, ""subtotal"": 466000}, {""item_id"": ""ITEM-104"", ""name"": ""Dolme Barg"", ""category"": ""Starter"", ""quantity"": 2, ""unit_price"": 114000, ""subtotal"": 228000}, {""item_id"": ""ITEM-304"", ""name"": ""Fesenjan"", ""category"": ""Main Course"", ""quantity"": 2, ""unit_price"": 265000, ""subtotal"": 530000}]",1224000.0,wallet,delivered,2026-05-16T15:51:47.476643
ORD-20260516-424308,2026-05-16T16:04:42.476643,ZAF-ISF-001,CUST-10319,delivery,"[{""item_id"": ""ITEM-502"", ""name"": ""Faloodeh Shirazi"", ""category"": ""Dessert"", ""quantity"": 3, ""unit_price"": 65000, ""subtotal"": 195000}, {""item_id"": ""ITEM-604"", ""name"": ""Sharbat-e Ablimoo"", ""category"": ""Beverage"", ""quantity"": 2, ""unit_price"": 40000, ""subtotal"": 80000}, {""item_id"": ""ITEM-104"", ""name"": ""Dolme Barg"", ""category"": ""Starter"", ""quantity"": 3, ""unit_price"": 109000, ""subtotal"": 327000}]",602000.0,card,completed,2026-05-16T16:04:42.476643
ORD-20260516-324479,2026-05-16T16:12:31.476643,ZAF-MSH-001,CUST-10433,takeaway,"[{""item_id"": ""ITEM-603"", ""name"": ""Persian Tea (Chai)"", ""category"": ""Beverage"", ""quantity"": 3, ""unit_price"": 24000, ""subtotal"": 72000}]",72000.0,card,delivered,2026-05-16T16:12:31.476643
ORD-20260516-481540,2026-05-16T16:14:57.476643,ZAF-TBZ-001,CUST-10375,delivery,"[{""item_id"": ""ITEM-105"", ""name"": ""Salad Shirazi"", ""category"": ""Starter"", ""quantity"": 3, ""unit_price"": 54000, ""subtotal"": 162000}, {""item_id"": ""ITEM-305"", ""name"": ""Zereshk Polo ba Morgh"", ""category"": ""Main Course"", ""quantity"": 1, ""unit_price"": 219000, ""subtotal"": 219000}, {""item_id"": ""ITEM-307"", ""name"": ""Abgoosht (Dizi)"", ""category"": ""Main Course"", ""quantity"": 2, ""unit_price"": 202000, ""subtotal"": 404000}]",785000.0,cash,delivered,2026-05-16T16:14:57.476643
ORD-20260516-987060,2026-05-16T17:09:15.476643,ZAF-THR-002,CUST-10382,takeaway,"[{""item_id"": ""ITEM-604"", ""name"": ""Sharbat-e Ablimoo"", ""category"": ""Beverage"", ""quantity"": 1, ""unit_price"": 38000, ""subtotal"": 38000}, {""item_id"": ""ITEM-304"", ""name"": ""Fesenjan"", ""category"": ""Main Course"", ""quantity"": 3, ""unit_price"": 258000, ""subtotal"": 774000}, {""item_id"": ""ITEM-301"", ""name"": ""Chelo Kabab Koobideh"", ""category"": ""Main Course"", ""quantity"": 1, ""unit_price"": 295000, ""subtotal"": 295000}]",1107000.0,card,completed,2026-05-16T17:09:15.476643
ORD-20260516-387465,2026-05-16T17:40:45.476643,ZAF-THR-001,CUST-10466,delivery,"[{""item_id"": ""ITEM-103"", ""name"": ""Mirza Ghasemi"", ""category"": ""Starter"", ""quantity"": 3, ""unit_price"": 88000, ""subtotal"": 264000}, {""item_id"": ""ITEM-306"", ""name"": ""Tahchin Morgh"", ""category"": ""Main Course"", ""quantity"": 1, ""unit_price"": 221000, ""subtotal"": 221000}, {""item_id"": ""ITEM-304"", ""name"": ""Fesenjan"", ""category"": ""Main Course"", ""quantity"": 1, ""unit_price"": 262000, ""subtotal"": 262000}, {""item_id"": ""ITEM-307"", ""name"": ""Abgoosht (Dizi)"", ""category"": ""Main Course"", ""quantity"": 3, ""unit_price"": 190000, ""subtotal"": 570000}]",1317000.0,cash,completed,2026-05-16T17:40:45.476643
ORD-20260516-610511,2026-05-16T19:41:57.476643,ZAF-THR-001,CUST-10264,takeaway,"[{""item_id"": ""ITEM-303"", ""name"": ""Ghormeh Sabzi"", ""category"": ""Main Course"", ""quantity"": 2, ""unit_price"": 233000, ""subtotal"": 466000}, {""item_id"": ""ITEM-203"", ""name"": ""Ash Reshteh"", ""category"": ""Main Course"", ""quantity"": 2, ""unit_price"": 101000, ""subtotal"": 202000}, {""item_id"": ""ITEM-307"", ""name"": ""Abgoosht (Dizi)"", ""category"": ""Main Course"", ""quantity"": 2, ""unit_price"": 190000, ""subtotal"": 380000}]",1048000.0,wallet,delivered,2026-05-16T19:41:57.476643
ORD-20260516-498055,2026-05-16T21:37:11.476643,ZAF-SHZ-001,CUST-10344,takeaway,"[{""item_id"": ""ITEM-201"", ""name"": ""Kuku Sabzi"", ""category"": ""Main Course"", ""quantity"": 2, ""unit_price"": 115000, ""subtotal"": 230000}]",230000.0,cash,delivered,2026-05-16T21:37:11.476643
ORD-20260516-977885,2026-05-16T22:43:59.476643,ZAF-THR-002,CUST-10266,dine_in,"[{""item_id"": ""ITEM-402"", ""name"": ""Barbari Bread"", ""category"": ""Bread"", ""quantity"": 3, ""unit_price"": 21000, ""subtotal"": 63000}, {""item_id"": ""ITEM-203"", ""name"": ""Ash Reshteh"", ""category"": ""Main Course"", ""quantity"": 2, ""unit_price"": 106000, ""subtotal"": 212000}, {""item_id"": ""ITEM-104"", ""name"": ""Dolme Barg"", ""category"": ""Starter"", ""quantity"": 2, ""unit_price"": 113000, ""subtotal"": 226000}, {""item_id"": ""ITEM-303"", ""name"": ""Ghormeh Sabzi"", ""category"": ""Main Course"", ""quantity"": 1, ""unit_price"": 250000, ""subtotal"": 250000}, {""item_id"": ""ITEM-101"", ""name"": ""Mast-o Khiar"", ""category"": ""Starter"", ""quantity"": 2, ""unit_price"": 67000, ""subtotal"": 134000}]",885000.0,card,completed,2026-05-16T22:43:59.476643
ORD-20260517-297383,2026-05-17T14:04:41.476643,ZAF-THR-001,CUST-10314,takeaway,"[{""item_id"": ""ITEM-307"", ""name"": ""Abgoosht (Dizi)"", ""category"": ""Main Course"", ""quantity"": 3, ""unit_price"": 190000, ""subtotal"": 570000}, {""item_id"": ""ITEM-303"", ""name"": ""Ghormeh Sabzi"", ""category"": ""Main Course"", ""quantity"": 1, ""unit_price"": 233000, ""subtotal"": 233000}, {""item_id"": ""ITEM-305"", ""name"": ""Zereshk Polo ba Morgh"", ""category"": ""Main Course"", ""quantity"": 2, ""unit_price"": 233000, ""subtotal"": 466000}, {""item_id"": ""ITEM-402"", ""name"": ""Barbari Bread"", ""category"": ""Bread"", ""quantity"": 3, ""unit_price"": 23000, ""subtotal"": 69000}, {""item_id"": ""ITEM-401"", ""name"": ""Sangak Bread"", ""category"": ""Bread"", ""quantity"": 3, ""unit_price"": 25000, ""subtotal"": 75000}]",1413000.0,wallet,completed,2026-05-17T14:04:41.476643
ORD-20260517-823811,2026-05-17T20:47:44.476643,ZAF-TBZ-001,CUST-10214,takeaway,"[{""item_id"": ""ITEM-504"", ""name"": ""Zoolbia Bamieh"", ""category"": ""Dessert"", ""quantity"": 2, ""unit_price"": 60000, ""subtotal"": 120000}, {""item_id"": ""ITEM-105"", ""name"": ""Salad Shirazi"", ""category"": ""Starter"", ""quantity"": 3, ""unit_price"": 54000, ""subtotal"": 162000}, {""item_id"": ""ITEM-304"", ""name"": ""Fesenjan"", ""category"": ""Main Course"", ""quantity"": 2, ""unit_price"": 265000, ""subtotal"": 530000}, {""item_id"": ""ITEM-501"", ""name"": ""Bastani Sonnati"", ""category"": ""Dessert"", ""quantity"": 2, ""unit_price"": 78000, ""subtotal"": 156000}, {""item_id"": ""ITEM-104"", ""name"": ""Dolme Barg"", ""category"": ""Starter"", ""quantity"": 1, ""unit_price"": 114000, ""subtotal"": 114000}]",1082000.0,cash,completed,2026-05-17T20:47:44.476643
ORD-20260518-974825,2026-05-18T12:36:55.476643,ZAF-THR-002,CUST-10156,takeaway,"[{""item_id"": ""ITEM-306"", ""name"": ""Tahchin Morgh"", ""category"": ""Main Course"", ""quantity"": 3, ""unit_price"": 215000, ""subtotal"": 645000}]",645000.0,card,delivered,2026-05-18T12:36:55.476643
ORD-20260518-565330,2026-05-18T17:53:19.476643,ZAF-THR-002,CUST-10268,delivery,"[{""item_id"": ""ITEM-201"", ""name"": ""Kuku Sabzi"", ""category"": ""Main Course"", ""quantity"": 1, ""unit_price"": 126000, ""subtotal"": 126000}, {""item_id"": ""ITEM-104"", ""name"": ""Dolme Barg"", ""category"": ""Starter"", ""quantity"": 1, ""unit_price"": 113000, ""subtotal"": 113000}, {""item_id"": ""ITEM-302"", ""name"": ""Joojeh Kabab"", ""category"": ""Main Course"", ""quantity"": 1, ""unit_price"": 262000, ""subtotal"": 262000}]",501000.0,cash,completed,2026-05-18T17:53:19.476643
ORD-20260519-743453,2026-05-19T12:46:04.476643,ZAF-TBZ-001,CUST-10482,takeaway,"[{""item_id"": ""ITEM-301"", ""name"": ""Chelo Kabab Koobideh"", ""category"": ""Main Course"", ""quantity"": 3, ""unit_price"": 293000, ""subtotal"": 879000}]",879000.0,wallet,delivered,2026-05-19T12:46:04.476643
ORD-20260519-817897,2026-05-19T13:16:05.476643,ZAF-SHZ-001,CUST-10320,takeaway,"[{""item_id"": ""ITEM-307"", ""name"": ""Abgoosht (Dizi)"", ""category"": ""Main Course"", ""quantity"": 3, ""unit_price"": 185000, ""subtotal"": 555000}, {""item_id"": ""ITEM-601"", ""name"": ""Doogh"", ""category"": ""Beverage"", ""quantity"": 3, ""unit_price"": 35000, ""subtotal"": 105000}]",660000.0,card,completed,2026-05-19T13:16:05.476643
ORD-20260520-408824,2026-05-20T10:11:28.476643,ZAF-THR-002,CUST-10135,delivery,"[{""item_id"": ""ITEM-302"", ""name"": ""Joojeh Kabab"", ""category"": ""Main Course"", ""quantity"": 1, ""unit_price"": 262000, ""subtotal"": 262000}]",262000.0,wallet,delivered,2026-05-20T10:11:28.476643
ORD-20260520-302511,2026-05-20T10:54:30.476643,ZAF-THR-002,CUST-10102,takeaway,"[{""item_id"": ""ITEM-302"", ""name"": ""Joojeh Kabab"", ""category"": ""Main Course"", ""quantity"": 1, ""unit_price"": 262000, ""subtotal"": 262000}, {""item_id"": ""ITEM-205"", ""name"": ""Baghali Polo"", ""category"": ""Main Course"", ""quantity"": 1, ""unit_price"": 116000, ""subtotal"": 116000}, {""item_id"": ""ITEM-603"", ""name"": ""Persian Tea (Chai)"", ""category"": ""Beverage"", ""quantity"": 1, ""unit_price"": 25000, ""subtotal"": 25000}, {""item_id"": ""ITEM-602"", ""name"": ""Sharbat-e Sekanjebin"", ""category"": ""Beverage"", ""quantity"": 3, ""unit_price"": 42000, ""subtotal"": 126000}]",529000.0,card,completed,2026-05-20T10:54:30.476643
ORD-20260520-659921,2026-05-20T13:09:51.476643,ZAF-MSH-001,CUST-10076,delivery,"[{""item_id"": ""ITEM-602"", ""name"": ""Sharbat-e Sekanjebin"", ""category"": ""Beverage"", ""quantity"": 2, ""unit_price"": 38000, ""subtotal"": 76000}, {""item_id"": ""ITEM-101"", ""name"": ""Mast-o Khiar"", ""category"": ""Starter"", ""quantity"": 1, ""unit_price"": 65000, ""subtotal"": 65000}, {""item_id"": ""ITEM-201"", ""name"": ""Kuku Sabzi"", ""category"": ""Main Course"", ""quantity"": 3, ""unit_price"": 117000, ""subtotal"": 351000}, {""item_id"": ""ITEM-304"", ""name"": ""Fesenjan"", ""category"": ""Main Course"", ""quantity"": 3, ""unit_price"": 270000, ""subtotal"": 810000}]",1302000.0,card,completed,2026-05-20T13:09:51.476643
ORD-20260520-573469,2026-05-20T13:25:04.476643,ZAF-TBZ-001,CUST-10197,delivery,"[{""item_id"": ""ITEM-306"", ""name"": ""Tahchin Morgh"", ""category"": ""Main Course"", ""quantity"": 2, ""unit_price"": 229000, ""subtotal"": 458000}, {""item_id"": ""ITEM-104"", ""name"": ""Dolme Barg"", ""category"": ""Starter"", ""quantity"": 3, ""unit_price"": 114000, ""subtotal"": 342000}]",800000.0,card,delivered,2026-05-20T13:25:04.476643
ORD-20260520-585964,2026-05-20T14:35:31.476643,ZAF-THR-001,CUST-10421,dine_in,"[{""item_id"": ""ITEM-603"", ""name"": ""Persian Tea (Chai)"", ""category"": ""Beverage"", ""quantity"": 2, ""unit_price"": 24000, ""subtotal"": 48000}, {""item_id"": ""ITEM-402"", ""name"": ""Barbari Bread"", ""category"": ""Bread"", ""quantity"": 3, ""unit_price"": 23000, ""subtotal"": 69000}, {""item_id"": ""ITEM-205"", ""name"": ""Baghali Polo"", ""category"": ""Main Course"", ""quantity"": 3, ""unit_price"": 110000, ""subtotal"": 330000}]",447000.0,cash,delivered,2026-05-20T14:35:31.476643
ORD-20260520-220253,2026-05-20T15:47:25.476643,ZAF-THR-002,CUST-10203,delivery,"[{""item_id"": ""ITEM-101"", ""name"": ""Mast-o Khiar"", ""category"": ""Starter"", ""quantity"": 2, ""unit_price"": 67000, ""subtotal"": 134000}]",134000.0,cash,completed,2026-05-20T15:47:25.476643
ORD-20260520-154714,2026-05-20T18:33:26.476643,ZAF-THR-002,CUST-10418,delivery,"[{""item_id"": ""ITEM-602"", ""name"": ""Sharbat-e Sekanjebin"", ""category"": ""Beverage"", ""quantity"": 1, ""unit_price"": 42000, ""subtotal"": 42000}, {""item_id"": ""ITEM-403"", ""name"": ""Lavash Bread"", ""category"": ""Bread"", ""quantity"": 2, ""unit_price"": 15000, ""subtotal"": 30000}]",72000.0,card,completed,2026-05-20T18:33:26.476643
ORD-20260520-550961,2026-05-20T19:33:18.476643,ZAF-SHZ-001,CUST-10258,takeaway,"[{""item_id"": ""ITEM-304"", ""name"": ""Fesenjan"", ""category"": ""Main Course"", ""quantity"": 3, ""unit_price"": 271000, ""subtotal"": 813000}, {""item_id"": ""ITEM-104"", ""name"": ""Dolme Barg"", ""category"": ""Starter"", ""quantity"": 3, ""unit_price"": 110000, ""subtotal"": 330000}, {""item_id"": ""ITEM-602"", ""name"": ""Sharbat-e Sekanjebin"", ""category"": ""Beverage"", ""quantity"": 3, ""unit_price"": 42000, ""subtotal"": 126000}, {""item_id"": ""ITEM-503"", ""name"": ""Sholeh Zard"", ""category"": ""Dessert"", ""quantity"": 3, ""unit_price"": 53000, ""subtotal"": 159000}, {""item_id"": ""ITEM-604"", ""name"": ""Sharbat-e Ablimoo"", ""category"": ""Beverage"", ""quantity"": 1, ""unit_price"": 37000, ""subtotal"": 37000}]",1465000.0,cash,completed,2026-05-20T19:33:18.476643
ORD-20260520-402820,2026-05-20T20:45:24.476643,ZAF-SHZ-001,CUST-10134,takeaway,"[{""item_id"": ""ITEM-307"", ""name"": ""Abgoosht (Dizi)"", ""category"": ""Main Course"", ""quantity"": 2, ""unit_price"": 185000, ""subtotal"": 370000}, {""item_id"": ""ITEM-604"", ""name"": ""Sharbat-e Ablimoo"", ""category"": ""Beverage"", ""quantity"": 1, ""unit_price"": 37000, ""subtotal"": 37000}]",407000.0,card,completed,2026-05-20T20:45:24.476643
ORD-20260521-847528,2026-05-21T10:05:27.476643,ZAF-SHZ-001,CUST-10091,delivery,"[{""item_id"": ""ITEM-402"", ""name"": ""Barbari Bread"", ""category"": ""Bread"", ""quantity"": 3, ""unit_price"": 22000, ""subtotal"": 66000}, {""item_id"": ""ITEM-501"", ""name"": ""Bastani Sonnati"", ""category"": ""Dessert"", ""quantity"": 2, ""unit_price"": 73000, ""subtotal"": 146000}, {""item_id"": ""ITEM-603"", ""name"": ""Persian Tea (Chai)"", ""category"": ""Beverage"", ""quantity"": 2, ""unit_price"": 26000, ""subtotal"": 52000}, {""item_id"": ""ITEM-503"", ""name"": ""Sholeh Zard"", ""category"": ""Dessert"", ""quantity"": 2, ""unit_price"": 53000, ""subtotal"": 106000}, {""item_id"": ""ITEM-305"", ""name"": ""Zereshk Polo ba Morgh"", ""category"": ""Main Course"", ""quantity"": 1, ""unit_price"": 241000, ""subtotal"": 241000}]",611000.0,wallet,delivered,2026-05-21T10:05:27.476643
ORD-20260521-354533,2026-05-21T10:18:26.476643,ZAF-SHZ-001,CUST-10398,delivery,"[{""item_id"": ""ITEM-504"", ""name"": ""Zoolbia Bamieh"", ""category"": ""Dessert"", ""quantity"": 3, ""unit_price"": 60000, ""subtotal"": 180000}]",180000.0,wallet,delivered,2026-05-21T10:18:26.476643
ORD-20260521-987938,2026-05-21T15:14:11.476643,ZAF-SHZ-001,CUST-10309,delivery,"[{""item_id"": ""ITEM-402"", ""name"": ""Barbari Bread"", ""category"": ""Bread"", ""quantity"": 2, ""unit_price"": 22000, ""subtotal"": 44000}]",44000.0,cash,completed,2026-05-21T15:14:11.476643
ORD-20260521-216970,2026-05-21T16:38:29.476643,ZAF-TBZ-001,CUST-10128,takeaway,"[{""item_id"": ""ITEM-604"", ""name"": ""Sharbat-e Ablimoo"", ""category"": ""Beverage"", ""quantity"": 3, ""unit_price"": 37000, ""subtotal"": 111000}, {""item_id"": ""ITEM-101"", ""name"": ""Mast-o Khiar"", ""category"": ""Starter"", ""quantity"": 3, ""unit_price"": 65000, ""subtotal"": 195000}, {""item_id"": ""ITEM-502"", ""name"": ""Faloodeh Shirazi"", ""category"": ""Dessert"", ""quantity"": 2, ""unit_price"": 68000, ""subtotal"": 136000}, {""item_id"": ""ITEM-504"", ""name"": ""Zoolbia Bamieh"", ""category"": ""Dessert"", ""quantity"": 3, ""unit_price"": 60000, ""subtotal"": 180000}, {""item_id"": ""ITEM-104"", ""name"": ""Dolme Barg"", ""category"": ""Starter"", ""quantity"": 2, ""unit_price"": 114000, ""subtotal"": 228000}]",850000.0,card,delivered,2026-05-21T16:38:29.476643
ORD-20260522-646012,2026-05-22T10:35:17.476643,ZAF-THR-002,CUST-10077,delivery,"[{""item_id"": ""ITEM-303"", ""name"": ""Ghormeh Sabzi"", ""category"": ""Main Course"", ""quantity"": 1, ""unit_price"": 250000, ""subtotal"": 250000}, {""item_id"": ""ITEM-502"", ""name"": ""Faloodeh Shirazi"", ""category"": ""Dessert"", ""quantity"": 3, ""unit_price"": 64000, ""subtotal"": 192000}, {""item_id"": ""ITEM-105"", ""name"": ""Salad Shirazi"", ""category"": ""Starter"", ""quantity"": 2, ""unit_price"": 55000, ""subtotal"": 110000}]",552000.0,wallet,delivered,2026-05-22T10:35:17.476643
ORD-20260522-868544,2026-05-22T17:02:40.476643,ZAF-SHZ-001,CUST-10191,delivery,"[{""item_id"": ""ITEM-504"", ""name"": ""Zoolbia Bamieh"", ""category"": ""Dessert"", ""quantity"": 1, ""unit_price"": 60000, ""subtotal"": 60000}, {""item_id"": ""ITEM-101"", ""name"": ""Mast-o Khiar"", ""category"": ""Starter"", ""quantity"": 2, ""unit_price"": 64000, ""subtotal"": 128000}, {""item_id"": ""ITEM-302"", ""name"": ""Joojeh Kabab"", ""category"": ""Main Course"", ""quantity"": 1, ""unit_price"": 257000, ""subtotal"": 257000}]",445000.0,wallet,delivered,2026-05-22T17:02:40.476643
ORD-20260523-972503,2026-05-23T18:05:50.476643,ZAF-MSH-001,CUST-10333,delivery,"[{""item_id"": ""ITEM-401"", ""name"": ""Sangak Bread"", ""category"": ""Bread"", ""quantity"": 1, ""unit_price"": 25000, ""subtotal"": 25000}]",25000.0,card,delivered,2026-05-23T18:05:50.476643
ORD-20260523-593446,2026-05-23T18:29:15.476643,ZAF-THR-002,CUST-10298,takeaway,"[{""item_id"": ""ITEM-102"", ""name"": ""Kashke Bademjan"", ""category"": ""Starter"", ""quantity"": 3, ""unit_price"": 96000, ""subtotal"": 288000}, {""item_id"": ""ITEM-205"", ""name"": ""Baghali Polo"", ""category"": ""Main Course"", ""quantity"": 3, ""unit_price"": 116000, ""subtotal"": 348000}, {""item_id"": ""ITEM-306"", ""name"": ""Tahchin Morgh"", ""category"": ""Main Course"", ""quantity"": 3, ""unit_price"": 215000, ""subtotal"": 645000}]",1281000.0,wallet,delivered,2026-05-23T18:29:15.476643
ORD-20260523-643899,2026-05-23T19:47:36.476643,ZAF-TBZ-001,CUST-10274,delivery,"[{""item_id"": ""ITEM-501"", ""name"": ""Bastani Sonnati"", ""category"": ""Dessert"", ""quantity"": 1, ""unit_price"": 78000, ""subtotal"": 78000}, {""item_id"": ""ITEM-503"", ""name"": ""Sholeh Zard"", ""category"": ""Dessert"", ""quantity"": 2, ""unit_price"": 53000, ""subtotal"": 106000}, {""item_id"": ""ITEM-602"", ""name"": ""Sharbat-e Sekanjebin"", ""category"": ""Beverage"", ""quantity"": 2, ""unit_price"": 41000, ""subtotal"": 82000}, {""item_id"": ""ITEM-102"", ""name"": ""Kashke Bademjan"", ""category"": ""Starter"", ""quantity"": 1, ""unit_price"": 92000, ""subtotal"": 92000}, {""item_id"": ""ITEM-307"", ""name"": ""Abgoosht (Dizi)"", ""category"": ""Main Course"", ""quantity"": 1, ""unit_price"": 202000, ""subtotal"": 202000}]",560000.0,card,delivered,2026-05-23T19:47:36.476643
ORD-20260523-582418,2026-05-23T20:49:11.476643,ZAF-SHZ-001,CUST-10499,takeaway,"[{""item_id"": ""ITEM-503"", ""name"": ""Sholeh Zard"", ""category"": ""Dessert"", ""quantity"": 3, ""unit_price"": 53000, ""subtotal"": 159000}]",159000.0,wallet,delivered,2026-05-23T20:49:11.476643
ORD-20260524-520085,2026-05-24T17:33:42.476643,ZAF-MSH-001,CUST-10043,delivery,"[{""item_id"": ""ITEM-105"", ""name"": ""Salad Shirazi"", ""category"": ""Starter"", ""quantity"": 2, ""unit_price"": 55000, ""subtotal"": 110000}]",110000.0,wallet,delivered,2026-05-24T17:33:42.476643
ORD-20260524-825443,2026-05-24T21:37:57.476643,ZAF-THR-001,CUST-10265,takeaway,"[{""item_id"": ""ITEM-304"", ""name"": ""Fesenjan"", ""category"": ""Main Course"", ""quantity"": 2, ""unit_price"": 262000, ""subtotal"": 524000}, {""item_id"": ""ITEM-201"", ""name"": ""Kuku Sabzi"", ""category"": ""Main Course"", ""quantity"": 2, ""unit_price"": 122000, ""subtotal"": 244000}]",768000.0,wallet,completed,2026-05-24T21:37:57.476643
ORD-20260525-270855,2026-05-25T14:11:15.476643,ZAF-SHZ-001,CUST-10045,takeaway,"[{""item_id"": ""ITEM-604"", ""name"": ""Sharbat-e Ablimoo"", ""category"": ""Beverage"", ""quantity"": 1, ""unit_price"": 37000, ""subtotal"": 37000}]",37000.0,card,completed,2026-05-25T14:11:15.476643
ORD-20260525-109291,2026-05-25T19:17:13.476643,ZAF-THR-002,CUST-10001,delivery,"[{""item_id"": ""ITEM-402"", ""name"": ""Barbari Bread"", ""category"": ""Bread"", ""quantity"": 3, ""unit_price"": 21000, ""subtotal"": 63000}, {""item_id"": ""ITEM-202"", ""name"": ""Adas Polo"", ""category"": ""Main Course"", ""quantity"": 3, ""unit_price"": 128000, ""subtotal"": 384000}]",447000.0,card,completed,2026-05-25T19:17:13.476643
ORD-20260525-694797,2026-05-25T19:27:38.476643,ZAF-ISF-001,CUST-10076,dine_in,"[{""item_id"": ""ITEM-302"", ""name"": ""Joojeh Kabab"", ""category"": ""Main Course"", ""quantity"": 1, ""unit_price"": 248000, ""subtotal"": 248000}]",248000.0,cash,completed,2026-05-25T19:27:38.476643
ORD-20260525-736667,2026-05-25T21:39:50.476643,ZAF-THR-001,CUST-10178,dine_in,"[{""item_id"": ""ITEM-306"", ""name"": ""Tahchin Morgh"", ""category"": ""Main Course"", ""quantity"": 1, ""unit_price"": 221000, ""subtotal"": 221000}, {""item_id"": ""ITEM-502"", ""name"": ""Faloodeh Shirazi"", ""category"": ""Dessert"", ""quantity"": 3, ""unit_price"": 66000, ""subtotal"": 198000}, {""item_id"": ""ITEM-604"", ""name"": ""Sharbat-e Ablimoo"", ""category"": ""Beverage"", ""quantity"": 2, ""unit_price"": 36000, ""subtotal"": 72000}, {""item_id"": ""ITEM-503"", ""name"": ""Sholeh Zard"", ""category"": ""Dessert"", ""quantity"": 2, ""unit_price"": 54000, ""subtotal"": 108000}]",599000.0,wallet,delivered,2026-05-25T21:39:50.476643
ORD-20260526-186702,2026-05-26T16:24:35.476643,ZAF-SHZ-001,CUST-10028,takeaway,"[{""item_id"": ""ITEM-503"", ""name"": ""Sholeh Zard"", ""category"": ""Dessert"", ""quantity"": 1, ""unit_price"": 53000, ""subtotal"": 53000}]",53000.0,card,completed,2026-05-26T16:24:35.476643
ORD-20260526-674553,2026-05-26T21:18:35.476643,ZAF-THR-002,CUST-10098,dine_in,"[{""item_id"": ""ITEM-502"", ""name"": ""Faloodeh Shirazi"", ""category"": ""Dessert"", ""quantity"": 3, ""unit_price"": 64000, ""subtotal"": 192000}, {""item_id"": ""ITEM-303"", ""name"": ""Ghormeh Sabzi"", ""category"": ""Main Course"", ""quantity"": 3, ""unit_price"": 250000, ""subtotal"": 750000}, {""item_id"": ""ITEM-504"", ""name"": ""Zoolbia Bamieh"", ""category"": ""Dessert"", ""quantity"": 2, ""unit_price"": 58000, ""subtotal"": 116000}, {""item_id"": ""ITEM-201"", ""name"": ""Kuku Sabzi"", ""category"": ""Main Course"", ""quantity"": 2, ""unit_price"": 126000, ""subtotal"": 252000}]",1310000.0,card,completed,2026-05-26T21:18:35.476643
ORD-20260526-227091,2026-05-26T21:49:51.476643,ZAF-THR-001,CUST-10276,delivery,"[{""item_id"": ""ITEM-101"", ""name"": ""Mast-o Khiar"", ""category"": ""Starter"", ""quantity"": 3, ""unit_price"": 66000, ""subtotal"": 198000}, {""item_id"": ""ITEM-303"", ""name"": ""Ghormeh Sabzi"", ""category"": ""Main Course"", ""quantity"": 2, ""unit_price"": 233000, ""subtotal"": 466000}]",664000.0,wallet,completed,2026-05-26T21:49:51.476643
ORD-20260526-658624,2026-05-26T21:50:06.476643,ZAF-ISF-001,CUST-10284,takeaway,"[{""item_id"": ""ITEM-602"", ""name"": ""Sharbat-e Sekanjebin"", ""category"": ""Beverage"", ""quantity"": 2, ""unit_price"": 39000, ""subtotal"": 78000}]",78000.0,card,completed,2026-05-26T21:50:06.476643
ORD-20260527-619900,2026-05-27T11:48:20.476643,ZAF-THR-001,CUST-10238,takeaway,"[{""item_id"": ""ITEM-307"", ""name"": ""Abgoosht (Dizi)"", ""category"": ""Main Course"", ""quantity"": 1, ""unit_price"": 190000, ""subtotal"": 190000}]",190000.0,wallet,completed,2026-05-27T11:48:20.476643
ORD-20260528-684801,2026-05-28T13:11:39.476643,ZAF-MSH-001,CUST-10019,dine_in,"[{""item_id"": ""ITEM-201"", ""name"": ""Kuku Sabzi"", ""category"": ""Main Course"", ""quantity"": 3, ""unit_price"": 117000, ""subtotal"": 351000}, {""item_id"": ""ITEM-503"", ""name"": ""Sholeh Zard"", ""category"": ""Dessert"", ""quantity"": 2, ""unit_price"": 54000, ""subtotal"": 108000}, {""item_id"": ""ITEM-306"", ""name"": ""Tahchin Morgh"", ""category"": ""Main Course"", ""quantity"": 2, ""unit_price"": 214000, ""subtotal"": 428000}, {""item_id"": ""ITEM-403"", ""name"": ""Lavash Bread"", ""category"": ""Bread"", ""quantity"": 2, ""unit_price"": 15000, ""subtotal"": 30000}, {""item_id"": ""ITEM-103"", ""name"": ""Mirza Ghasemi"", ""category"": ""Starter"", ""quantity"": 1, ""unit_price"": 88000, ""subtotal"": 88000}]",1005000.0,cash,delivered,2026-05-28T13:11:39.476643
ORD-20260528-834498,2026-05-28T13:54:04.476643,ZAF-THR-002,CUST-10069,delivery,"[{""item_id"": ""ITEM-104"", ""name"": ""Dolme Barg"", ""category"": ""Starter"", ""quantity"": 3, ""unit_price"": 113000, ""subtotal"": 339000}, {""item_id"": ""ITEM-501"", ""name"": ""Bastani Sonnati"", ""category"": ""Dessert"", ""quantity"": 2, ""unit_price"": 76000, ""subtotal"": 152000}, {""item_id"": ""ITEM-305"", ""name"": ""Zereshk Polo ba Morgh"", ""category"": ""Main Course"", ""quantity"": 2, ""unit_price"": 224000, ""subtotal"": 448000}]",939000.0,card,delivered,2026-05-28T13:54:04.476643
ORD-20260528-427626,2026-05-28T15:55:42.476643,ZAF-SHZ-001,CUST-10444,takeaway,"[{""item_id"": ""ITEM-205"", ""name"": ""Baghali Polo"", ""category"": ""Main Course"", ""quantity"": 3, ""unit_price"": 114000, ""subtotal"": 342000}]",342000.0,cash,delivered,2026-05-28T15:55:42.476643
ORD-20260528-866816,2026-05-28T18:36:23.476643,ZAF-THR-001,CUST-10019,delivery,"[{""item_id"": ""ITEM-306"", ""name"": ""Tahchin Morgh"", ""category"": ""Main Course"", ""quantity"": 2, ""unit_price"": 221000, ""subtotal"": 442000}, {""item_id"": ""ITEM-503"", ""name"": ""Sholeh Zard"", ""category"": ""Dessert"", ""quantity"": 3, ""unit_price"": 54000, ""subtotal"": 162000}, {""item_id"": ""ITEM-302"", ""name"": ""Joojeh Kabab"", ""category"": ""Main Course"", ""quantity"": 1, ""unit_price"": 260000, ""subtotal"": 260000}, {""item_id"": ""ITEM-104"", ""name"": ""Dolme Barg"", ""category"": ""Starter"", ""quantity"": 1, ""unit_price"": 107000, ""subtotal"": 107000}, {""item_id"": ""ITEM-402"", ""name"": ""Barbari Bread"", ""category"": ""Bread"", ""quantity"": 3, ""unit_price"": 23000, ""subtotal"": 69000}]",1040000.0,card,completed,2026-05-28T18:36:23.476643
ORD-20260529-577555,2026-05-29T12:09:32.476643,ZAF-THR-002,CUST-10248,takeaway,"[{""item_id"": ""ITEM-105"", ""name"": ""Salad Shirazi"", ""category"": ""Starter"", ""quantity"": 3, ""unit_price"": 55000, ""subtotal"": 165000}, {""item_id"": ""ITEM-503"", ""name"": ""Sholeh Zard"", ""category"": ""Dessert"", ""quantity"": 1, ""unit_price"": 54000, ""subtotal"": 54000}, {""item_id"": ""ITEM-307"", ""name"": ""Abgoosht (Dizi)"", ""category"": ""Main Course"", ""quantity"": 3, ""unit_price"": 187000, ""subtotal"": 561000}, {""item_id"": ""ITEM-604"", ""name"": ""Sharbat-e Ablimoo"", ""category"": ""Beverage"", ""quantity"": 1, ""unit_price"": 38000, ""subtotal"": 38000}]",818000.0,cash,delivered,2026-05-29T12:09:32.476643
ORD-20260529-784167,2026-05-29T13:36:09.476643,ZAF-SHZ-001,CUST-10496,dine_in,"[{""item_id"": ""ITEM-403"", ""name"": ""Lavash Bread"", ""category"": ""Bread"", ""quantity"": 3, ""unit_price"": 15000, ""subtotal"": 45000}, {""item_id"": ""ITEM-301"", ""name"": ""Chelo Kabab Koobideh"", ""category"": ""Main Course"", ""quantity"": 1, ""unit_price"": 273000, ""subtotal"": 273000}, {""item_id"": ""ITEM-305"", ""name"": ""Zereshk Polo ba Morgh"", ""category"": ""Main Course"", ""quantity"": 1, ""unit_price"": 241000, ""subtotal"": 241000}]",559000.0,wallet,delivered,2026-05-29T13:36:09.476643
ORD-20260529-317877,2026-05-29T22:28:18.476643,ZAF-THR-002,CUST-10412,takeaway,"[{""item_id"": ""ITEM-504"", ""name"": ""Zoolbia Bamieh"", ""category"": ""Dessert"", ""quantity"": 3, ""unit_price"": 58000, ""subtotal"": 174000}, {""item_id"": ""ITEM-304"", ""name"": ""Fesenjan"", ""category"": ""Main Course"", ""quantity"": 3, ""unit_price"": 258000, ""subtotal"": 774000}, {""item_id"": ""ITEM-105"", ""name"": ""Salad Shirazi"", ""category"": ""Starter"", ""quantity"": 1, ""unit_price"": 55000, ""subtotal"": 55000}, {""item_id"": ""ITEM-603"", ""name"": ""Persian Tea (Chai)"", ""category"": ""Beverage"", ""quantity"": 1, ""unit_price"": 25000, ""subtotal"": 25000}]",1028000.0,card,completed,2026-05-29T22:28:18.476643
ORD-20260530-181290,2026-05-30T12:20:50.476643,ZAF-SHZ-001,CUST-10194,takeaway,"[{""item_id"": ""ITEM-403"", ""name"": ""Lavash Bread"", ""category"": ""Bread"", ""quantity"": 1, ""unit_price"": 15000, ""subtotal"": 15000}]",15000.0,cash,delivered,2026-05-30T12:20:50.476643
ORD-20260530-317413,2026-05-30T12:26:44.476643,ZAF-THR-002,CUST-10210,delivery,"[{""item_id"": ""ITEM-601"", ""name"": ""Doogh"", ""category"": ""Beverage"", ""quantity"": 3, ""unit_price"": 34000, ""subtotal"": 102000}, {""item_id"": ""ITEM-403"", ""name"": ""Lavash Bread"", ""category"": ""Bread"", ""quantity"": 1, ""unit_price"": 15000, ""subtotal"": 15000}, {""item_id"": ""ITEM-306"", ""name"": ""Tahchin Morgh"", ""category"": ""Main Course"", ""quantity"": 3, ""unit_price"": 215000, ""subtotal"": 645000}, {""item_id"": ""ITEM-604"", ""name"": ""Sharbat-e Ablimoo"", ""category"": ""Beverage"", ""quantity"": 1, ""unit_price"": 38000, ""subtotal"": 38000}, {""item_id"": ""ITEM-504"", ""name"": ""Zoolbia Bamieh"", ""category"": ""Dessert"", ""quantity"": 3, ""unit_price"": 58000, ""subtotal"": 174000}]",974000.0,card,completed,2026-05-30T12:26:44.476643
ORD-20260530-752801,2026-05-30T14:19:46.476643,ZAF-SHZ-001,CUST-10147,takeaway,"[{""item_id"": ""ITEM-104"", ""name"": ""Dolme Barg"", ""category"": ""Starter"", ""quantity"": 1, ""unit_price"": 110000, ""subtotal"": 110000}, {""item_id"": ""ITEM-105"", ""name"": ""Salad Shirazi"", ""category"": ""Starter"", ""quantity"": 1, ""unit_price"": 53000, ""subtotal"": 53000}]",163000.0,cash,completed,2026-05-30T14:19:46.476643
ORD-20260530-885829,2026-05-30T15:51:18.476643,ZAF-ISF-001,CUST-10085,takeaway,"[{""item_id"": ""ITEM-503"", ""name"": ""Sholeh Zard"", ""category"": ""Dessert"", ""quantity"": 3, ""unit_price"": 54000, ""subtotal"": 162000}]",162000.0,wallet,completed,2026-05-30T15:51:18.476643
ORD-20260530-760434,2026-05-30T16:43:48.476643,ZAF-SHZ-001,CUST-10390,delivery,"[{""item_id"": ""ITEM-205"", ""name"": ""Baghali Polo"", ""category"": ""Main Course"", ""quantity"": 1, ""unit_price"": 114000, ""subtotal"": 114000}, {""item_id"": ""ITEM-301"", ""name"": ""Chelo Kabab Koobideh"", ""category"": ""Main Course"", ""quantity"": 1, ""unit_price"": 273000, ""subtotal"": 273000}, {""item_id"": ""ITEM-402"", ""name"": ""Barbari Bread"", ""category"": ""Bread"", ""quantity"": 1, ""unit_price"": 22000, ""subtotal"": 22000}, {""item_id"": ""ITEM-101"", ""name"": ""Mast-o Khiar"", ""category"": ""Starter"", ""quantity"": 2, ""unit_price"": 64000, ""subtotal"": 128000}, {""item_id"": ""ITEM-602"", ""name"": ""Sharbat-e Sekanjebin"", ""category"": ""Beverage"", ""quantity"": 3, ""unit_price"": 42000, ""subtotal"": 126000}]",663000.0,wallet,completed,2026-05-30T16:43:48.476643
ORD-20260531-723948,2026-05-31T11:34:14.476643,ZAF-MSH-001,CUST-10076,delivery,"[{""item_id"": ""ITEM-603"", ""name"": ""Persian Tea (Chai)"", ""category"": ""Beverage"", ""quantity"": 1, ""unit_price"": 24000, ""subtotal"": 24000}, {""item_id"": ""ITEM-105"", ""name"": ""Salad Shirazi"", ""category"": ""Starter"", ""quantity"": 1, ""unit_price"": 55000, ""subtotal"": 55000}, {""item_id"": ""ITEM-103"", ""name"": ""Mirza Ghasemi"", ""category"": ""Starter"", ""quantity"": 2, ""unit_price"": 88000, ""subtotal"": 176000}]",255000.0,wallet,completed,2026-05-31T11:34:14.476643
ORD-20260531-401036,2026-05-31T15:44:04.476643,ZAF-TBZ-001,CUST-10030,takeaway,"[{""item_id"": ""ITEM-306"", ""name"": ""Tahchin Morgh"", ""category"": ""Main Course"", ""quantity"": 1, ""unit_price"": 229000, ""subtotal"": 229000}]",229000.0,cash,delivered,2026-05-31T15:44:04.476643
ORD-20260531-964352,2026-05-31T16:54:22.476643,ZAF-SHZ-001,CUST-10129,delivery,"[{""item_id"": ""ITEM-305"", ""name"": ""Zereshk Polo ba Morgh"", ""category"": ""Main Course"", ""quantity"": 3, ""unit_price"": 241000, ""subtotal"": 723000}, {""item_id"": ""ITEM-205"", ""name"": ""Baghali Polo"", ""category"": ""Main Course"", ""quantity"": 3, ""unit_price"": 114000, ""subtotal"": 342000}]",1065000.0,card,delivered,2026-05-31T16:54:22.476643
ORD-20260531-484880,2026-05-31T21:34:47.476643,ZAF-ISF-001,CUST-10125,dine_in,"[{""item_id"": ""ITEM-502"", ""name"": ""Faloodeh Shirazi"", ""category"": ""Dessert"", ""quantity"": 3, ""unit_price"": 65000, ""subtotal"": 195000}, {""item_id"": ""ITEM-403"", ""name"": ""Lavash Bread"", ""category"": ""Bread"", ""quantity"": 3, ""unit_price"": 15000, ""subtotal"": 45000}, {""item_id"": ""ITEM-102"", ""name"": ""Kashke Bademjan"", ""category"": ""Starter"", ""quantity"": 1, ""unit_price"": 97000, ""subtotal"": 97000}, {""item_id"": ""ITEM-305"", ""name"": ""Zereshk Polo ba Morgh"", ""category"": ""Main Course"", ""quantity"": 1, ""unit_price"": 223000, ""subtotal"": 223000}, {""item_id"": ""ITEM-201"", ""name"": ""Kuku Sabzi"", ""category"": ""Main Course"", ""quantity"": 1, ""unit_price"": 122000, ""subtotal"": 122000}]",682000.0,wallet,completed,2026-05-31T21:34:47.476643
ORD-20260602-130170,2026-06-02T13:38:13.476643,ZAF-ISF-001,CUST-10372,takeaway,"[{""item_id"": ""ITEM-304"", ""name"": ""Fesenjan"", ""category"": ""Main Course"", ""quantity"": 2, ""unit_price"": 264000, ""subtotal"": 528000}, {""item_id"": ""ITEM-201"", ""name"": ""Kuku Sabzi"", ""category"": ""Main Course"", ""quantity"": 1, ""unit_price"": 122000, ""subtotal"": 122000}]",650000.0,card,delivered,2026-06-02T13:38:13.476643
ORD-20260602-315535,2026-06-02T20:10:38.476643,ZAF-SHZ-001,CUST-10080,dine_in,"[{""item_id"": ""ITEM-104"", ""name"": ""Dolme Barg"", ""category"": ""Starter"", ""quantity"": 2, ""unit_price"": 110000, ""subtotal"": 220000}]",220000.0,card,completed,2026-06-02T20:10:38.476643
ORD-20260602-758342,2026-06-02T20:34:20.476643,ZAF-THR-002,CUST-10212,delivery,"[{""item_id"": ""ITEM-204"", ""name"": ""Sabzi Polo"", ""category"": ""Main Course"", ""quantity"": 3, ""unit_price"": 98000, ""subtotal"": 294000}, {""item_id"": ""ITEM-403"", ""name"": ""Lavash Bread"", ""category"": ""Bread"", ""quantity"": 3, ""unit_price"": 15000, ""subtotal"": 45000}, {""item_id"": ""ITEM-307"", ""name"": ""Abgoosht (Dizi)"", ""category"": ""Main Course"", ""quantity"": 1, ""unit_price"": 187000, ""subtotal"": 187000}, {""item_id"": ""ITEM-305"", ""name"": ""Zereshk Polo ba Morgh"", ""category"": ""Main Course"", ""quantity"": 1, ""unit_price"": 224000, ""subtotal"": 224000}]",750000.0,wallet,delivered,2026-06-02T20:34:20.476643
ORD-20260602-763646,2026-06-02T20:38:08.476643,ZAF-ISF-001,CUST-10164,takeaway,"[{""item_id"": ""ITEM-503"", ""name"": ""Sholeh Zard"", ""category"": ""Dessert"", ""quantity"": 2, ""unit_price"": 54000, ""subtotal"": 108000}, {""item_id"": ""ITEM-202"", ""name"": ""Adas Polo"", ""category"": ""Main Course"", ""quantity"": 2, ""unit_price"": 131000, ""subtotal"": 262000}, {""item_id"": ""ITEM-306"", ""name"": ""Tahchin Morgh"", ""category"": ""Main Course"", ""quantity"": 2, ""unit_price"": 230000, ""subtotal"": 460000}, {""item_id"": ""ITEM-301"", ""name"": ""Chelo Kabab Koobideh"", ""category"": ""Main Course"", ""quantity"": 3, ""unit_price"": 277000, ""subtotal"": 831000}, {""item_id"": ""ITEM-201"", ""name"": ""Kuku Sabzi"", ""category"": ""Main Course"", ""quantity"": 3, ""unit_price"": 122000, ""subtotal"": 366000}]",2027000.0,wallet,delivered,2026-06-02T20:38:08.476643
ORD-20260603-635280,2026-06-03T11:15:27.476643,ZAF-TBZ-001,CUST-10205,delivery,"[{""item_id"": ""ITEM-103"", ""name"": ""Mirza Ghasemi"", ""category"": ""Starter"", ""quantity"": 2, ""unit_price"": 94000, ""subtotal"": 188000}, {""item_id"": ""ITEM-303"", ""name"": ""Ghormeh Sabzi"", ""category"": ""Main Course"", ""quantity"": 1, ""unit_price"": 233000, ""subtotal"": 233000}, {""item_id"": ""ITEM-604"", ""name"": ""Sharbat-e Ablimoo"", ""category"": ""Beverage"", ""quantity"": 2, ""unit_price"": 37000, ""subtotal"": 74000}, {""item_id"": ""ITEM-205"", ""name"": ""Baghali Polo"", ""category"": ""Main Course"", ""quantity"": 1, ""unit_price"": 115000, ""subtotal"": 115000}, {""item_id"": ""ITEM-504"", ""name"": ""Zoolbia Bamieh"", ""category"": ""Dessert"", ""quantity"": 1, ""unit_price"": 60000, ""subtotal"": 60000}]",670000.0,cash,delivered,2026-06-03T11:15:27.476643
ORD-20260603-648501,2026-06-03T11:58:51.476643,ZAF-SHZ-001,CUST-10153,takeaway,"[{""item_id"": ""ITEM-105"", ""name"": ""Salad Shirazi"", ""category"": ""Starter"", ""quantity"": 2, ""unit_price"": 53000, ""subtotal"": 106000}, {""item_id"": ""ITEM-502"", ""name"": ""Faloodeh Shirazi"", ""category"": ""Dessert"", ""quantity"": 1, ""unit_price"": 66000, ""subtotal"": 66000}]",172000.0,card,delivered,2026-06-03T11:58:51.476643
ORD-20260603-473095,2026-06-03T13:53:04.476643,ZAF-ISF-001,CUST-10309,delivery,"[{""item_id"": ""ITEM-403"", ""name"": ""Lavash Bread"", ""category"": ""Bread"", ""quantity"": 3, ""unit_price"": 15000, ""subtotal"": 45000}, {""item_id"": ""ITEM-303"", ""name"": ""Ghormeh Sabzi"", ""category"": ""Main Course"", ""quantity"": 2, ""unit_price"": 240000, ""subtotal"": 480000}, {""item_id"": ""ITEM-601"", ""name"": ""Doogh"", ""category"": ""Beverage"", ""quantity"": 2, ""unit_price"": 35000, ""subtotal"": 70000}, {""item_id"": ""ITEM-301"", ""name"": ""Chelo Kabab Koobideh"", ""category"": ""Main Course"", ""quantity"": 2, ""unit_price"": 277000, ""subtotal"": 554000}, {""item_id"": ""ITEM-101"", ""name"": ""Mast-o Khiar"", ""category"": ""Starter"", ""quantity"": 1, ""unit_price"": 63000, ""subtotal"": 63000}]",1212000.0,card,completed,2026-06-03T13:53:04.476643
ORD-20260603-663463,2026-06-03T14:21:39.476643,ZAF-SHZ-001,CUST-10022,dine_in,"[{""item_id"": ""ITEM-504"", ""name"": ""Zoolbia Bamieh"", ""category"": ""Dessert"", ""quantity"": 1, ""unit_price"": 60000, ""subtotal"": 60000}]",60000.0,cash,delivered,2026-06-03T14:21:39.476643
ORD-20260603-903972,2026-06-03T17:18:18.476643,ZAF-SHZ-001,CUST-10042,dine_in,"[{""item_id"": ""ITEM-203"", ""name"": ""Ash Reshteh"", ""category"": ""Main Course"", ""quantity"": 3, ""unit_price"": 106000, ""subtotal"": 318000}, {""item_id"": ""ITEM-403"", ""name"": ""Lavash Bread"", ""category"": ""Bread"", ""quantity"": 1, ""unit_price"": 15000, ""subtotal"": 15000}, {""item_id"": ""ITEM-105"", ""name"": ""Salad Shirazi"", ""category"": ""Starter"", ""quantity"": 1, ""unit_price"": 53000, ""subtotal"": 53000}, {""item_id"": ""ITEM-504"", ""name"": ""Zoolbia Bamieh"", ""category"": ""Dessert"", ""quantity"": 2, ""unit_price"": 60000, ""subtotal"": 120000}]",506000.0,card,delivered,2026-06-03T17:18:18.476643
ORD-20260604-553014,2026-06-04T11:29:44.476643,ZAF-ISF-001,CUST-10358,delivery,"[{""item_id"": ""ITEM-204"", ""name"": ""Sabzi Polo"", ""category"": ""Main Course"", ""quantity"": 2, ""unit_price"": 98000, ""subtotal"": 196000}, {""item_id"": ""ITEM-307"", ""name"": ""Abgoosht (Dizi)"", ""category"": ""Main Course"", ""quantity"": 1, ""unit_price"": 202000, ""subtotal"": 202000}, {""item_id"": ""ITEM-401"", ""name"": ""Sangak Bread"", ""category"": ""Bread"", ""quantity"": 3, ""unit_price"": 25000, ""subtotal"": 75000}, {""item_id"": ""ITEM-306"", ""name"": ""Tahchin Morgh"", ""category"": ""Main Course"", ""quantity"": 1, ""unit_price"": 230000, ""subtotal"": 230000}]",703000.0,card,completed,2026-06-04T11:29:44.476643
ORD-20260604-584172,2026-06-04T11:30:28.476643,ZAF-MSH-001,CUST-10155,takeaway,"[{""item_id"": ""ITEM-402"", ""name"": ""Barbari Bread"", ""category"": ""Bread"", ""quantity"": 3, ""unit_price"": 21000, ""subtotal"": 63000}, {""item_id"": ""ITEM-102"", ""name"": ""Kashke Bademjan"", ""category"": ""Starter"", ""quantity"": 1, ""unit_price"": 95000, ""subtotal"": 95000}, {""item_id"": ""ITEM-302"", ""name"": ""Joojeh Kabab"", ""category"": ""Main Course"", ""quantity"": 2, ""unit_price"": 264000, ""subtotal"": 528000}]",686000.0,cash,delivered,2026-06-04T11:30:28.476643
ORD-20260604-551524,2026-06-04T16:21:11.476643,ZAF-SHZ-001,CUST-10354,delivery,"[{""item_id"": ""ITEM-302"", ""name"": ""Joojeh Kabab"", ""category"": ""Main Course"", ""quantity"": 1, ""unit_price"": 257000, ""subtotal"": 257000}, {""item_id"": ""ITEM-602"", ""name"": ""Sharbat-e Sekanjebin"", ""category"": ""Beverage"", ""quantity"": 3, ""unit_price"": 42000, ""subtotal"": 126000}, {""item_id"": ""ITEM-307"", ""name"": ""Abgoosht (Dizi)"", ""category"": ""Main Course"", ""quantity"": 2, ""unit_price"": 185000, ""subtotal"": 370000}, {""item_id"": ""ITEM-204"", ""name"": ""Sabzi Polo"", ""category"": ""Main Course"", ""quantity"": 1, ""unit_price"": 98000, ""subtotal"": 98000}]",851000.0,cash,completed,2026-06-04T16:21:11.476643
ORD-20260605-755608,2026-06-05T10:14:47.476643,ZAF-THR-001,CUST-10388,takeaway,"[{""item_id"": ""ITEM-502"", ""name"": ""Faloodeh Shirazi"", ""category"": ""Dessert"", ""quantity"": 1, ""unit_price"": 66000, ""subtotal"": 66000}, {""item_id"": ""ITEM-503"", ""name"": ""Sholeh Zard"", ""category"": ""Dessert"", ""quantity"": 1, ""unit_price"": 54000, ""subtotal"": 54000}, {""item_id"": ""ITEM-302"", ""name"": ""Joojeh Kabab"", ""category"": ""Main Course"", ""quantity"": 3, ""unit_price"": 260000, ""subtotal"": 780000}]",900000.0,wallet,delivered,2026-06-05T10:14:47.476643
ORD-20260605-763829,2026-06-05T11:57:05.476643,ZAF-ISF-001,CUST-10311,delivery,"[{""item_id"": ""ITEM-103"", ""name"": ""Mirza Ghasemi"", ""category"": ""Starter"", ""quantity"": 2, ""unit_price"": 87000, ""subtotal"": 174000}, {""item_id"": ""ITEM-105"", ""name"": ""Salad Shirazi"", ""category"": ""Starter"", ""quantity"": 3, ""unit_price"": 58000, ""subtotal"": 174000}]",348000.0,wallet,completed,2026-06-05T11:57:05.476643
ORD-20260605-299028,2026-06-05T13:54:23.476643,ZAF-THR-001,CUST-10351,dine_in,"[{""item_id"": ""ITEM-401"", ""name"": ""Sangak Bread"", ""category"": ""Bread"", ""quantity"": 1, ""unit_price"": 25000, ""subtotal"": 25000}, {""item_id"": ""ITEM-501"", ""name"": ""Bastani Sonnati"", ""category"": ""Dessert"", ""quantity"": 2, ""unit_price"": 77000, ""subtotal"": 154000}, {""item_id"": ""ITEM-302"", ""name"": ""Joojeh Kabab"", ""category"": ""Main Course"", ""quantity"": 2, ""unit_price"": 260000, ""subtotal"": 520000}]",699000.0,card,delivered,2026-06-05T13:54:23.476643
ORD-20260605-485364,2026-06-05T18:22:14.476643,ZAF-TBZ-001,CUST-10021,takeaway,"[{""item_id"": ""ITEM-307"", ""name"": ""Abgoosht (Dizi)"", ""category"": ""Main Course"", ""quantity"": 2, ""unit_price"": 202000, ""subtotal"": 404000}, {""item_id"": ""ITEM-403"", ""name"": ""Lavash Bread"", ""category"": ""Bread"", ""quantity"": 2, ""unit_price"": 14000, ""subtotal"": 28000}, {""item_id"": ""ITEM-301"", ""name"": ""Chelo Kabab Koobideh"", ""category"": ""Main Course"", ""quantity"": 2, ""unit_price"": 293000, ""subtotal"": 586000}, {""item_id"": ""ITEM-304"", ""name"": ""Fesenjan"", ""category"": ""Main Course"", ""quantity"": 2, ""unit_price"": 265000, ""subtotal"": 530000}]",1548000.0,card,completed,2026-06-05T18:22:14.476643
ORD-20260605-698128,2026-06-05T19:18:48.476643,ZAF-MSH-001,CUST-10401,takeaway,"[{""item_id"": ""ITEM-203"", ""name"": ""Ash Reshteh"", ""category"": ""Main Course"", ""quantity"": 2, ""unit_price"": 107000, ""subtotal"": 214000}, {""item_id"": ""ITEM-401"", ""name"": ""Sangak Bread"", ""category"": ""Bread"", ""quantity"": 1, ""unit_price"": 25000, ""subtotal"": 25000}, {""item_id"": ""ITEM-205"", ""name"": ""Baghali Polo"", ""category"": ""Main Course"", ""quantity"": 2, ""unit_price"": 113000, ""subtotal"": 226000}, {""item_id"": ""ITEM-602"", ""name"": ""Sharbat-e Sekanjebin"", ""category"": ""Beverage"", ""quantity"": 3, ""unit_price"": 38000, ""subtotal"": 114000}]",579000.0,card,completed,2026-06-05T19:18:48.476643
ORD-20260605-903013,2026-06-05T19:52:46.476643,ZAF-TBZ-001,CUST-10218,delivery,"[{""item_id"": ""ITEM-305"", ""name"": ""Zereshk Polo ba Morgh"", ""category"": ""Main Course"", ""quantity"": 2, ""unit_price"": 219000, ""subtotal"": 438000}, {""item_id"": ""ITEM-201"", ""name"": ""Kuku Sabzi"", ""category"": ""Main Course"", ""quantity"": 2, ""unit_price"": 122000, ""subtotal"": 244000}, {""item_id"": ""ITEM-504"", ""name"": ""Zoolbia Bamieh"", ""category"": ""Dessert"", ""quantity"": 1, ""unit_price"": 60000, ""subtotal"": 60000}, {""item_id"": ""ITEM-604"", ""name"": ""Sharbat-e Ablimoo"", ""category"": ""Beverage"", ""quantity"": 3, ""unit_price"": 37000, ""subtotal"": 111000}, {""item_id"": ""ITEM-306"", ""name"": ""Tahchin Morgh"", ""category"": ""Main Course"", ""quantity"": 2, ""unit_price"": 229000, ""subtotal"": 458000}]",1311000.0,card,delivered,2026-06-05T19:52:46.476643
ORD-20260605-104892,2026-06-05T21:03:53.476643,ZAF-MSH-001,CUST-10415,dine_in,"[{""item_id"": ""ITEM-501"", ""name"": ""Bastani Sonnati"", ""category"": ""Dessert"", ""quantity"": 3, ""unit_price"": 72000, ""subtotal"": 216000}, {""item_id"": ""ITEM-502"", ""name"": ""Faloodeh Shirazi"", ""category"": ""Dessert"", ""quantity"": 2, ""unit_price"": 66000, ""subtotal"": 132000}, {""item_id"": ""ITEM-503"", ""name"": ""Sholeh Zard"", ""category"": ""Dessert"", ""quantity"": 2, ""unit_price"": 54000, ""subtotal"": 108000}, {""item_id"": ""ITEM-104"", ""name"": ""Dolme Barg"", ""category"": ""Starter"", ""quantity"": 1, ""unit_price"": 114000, ""subtotal"": 114000}, {""item_id"": ""ITEM-303"", ""name"": ""Ghormeh Sabzi"", ""category"": ""Main Course"", ""quantity"": 3, ""unit_price"": 243000, ""subtotal"": 729000}]",1299000.0,card,delivered,2026-06-05T21:03:53.476643
ORD-20260606-248557,2026-06-06T15:25:29.476643,ZAF-MSH-001,CUST-10301,takeaway,"[{""item_id"": ""ITEM-105"", ""name"": ""Salad Shirazi"", ""category"": ""Starter"", ""quantity"": 2, ""unit_price"": 55000, ""subtotal"": 110000}, {""item_id"": ""ITEM-302"", ""name"": ""Joojeh Kabab"", ""category"": ""Main Course"", ""quantity"": 2, ""unit_price"": 264000, ""subtotal"": 528000}, {""item_id"": ""ITEM-101"", ""name"": ""Mast-o Khiar"", ""category"": ""Starter"", ""quantity"": 1, ""unit_price"": 65000, ""subtotal"": 65000}, {""item_id"": ""ITEM-306"", ""name"": ""Tahchin Morgh"", ""category"": ""Main Course"", ""quantity"": 1, ""unit_price"": 214000, ""subtotal"": 214000}, {""item_id"": ""ITEM-104"", ""name"": ""Dolme Barg"", ""category"": ""Starter"", ""quantity"": 3, ""unit_price"": 114000, ""subtotal"": 342000}]",1259000.0,card,completed,2026-06-06T15:25:29.476643
ORD-20260606-238610,2026-06-06T22:38:36.476643,ZAF-TBZ-001,CUST-10046,takeaway,"[{""item_id"": ""ITEM-304"", ""name"": ""Fesenjan"", ""category"": ""Main Course"", ""quantity"": 2, ""unit_price"": 265000, ""subtotal"": 530000}, {""item_id"": ""ITEM-205"", ""name"": ""Baghali Polo"", ""category"": ""Main Course"", ""quantity"": 1, ""unit_price"": 115000, ""subtotal"": 115000}]",645000.0,cash,completed,2026-06-06T22:38:36.476643
ORD-20260607-923824,2026-06-07T15:39:42.476643,ZAF-ISF-001,CUST-10355,dine_in,"[{""item_id"": ""ITEM-105"", ""name"": ""Salad Shirazi"", ""category"": ""Starter"", ""quantity"": 2, ""unit_price"": 58000, ""subtotal"": 116000}, {""item_id"": ""ITEM-402"", ""name"": ""Barbari Bread"", ""category"": ""Bread"", ""quantity"": 1, ""unit_price"": 22000, ""subtotal"": 22000}, {""item_id"": ""ITEM-302"", ""name"": ""Joojeh Kabab"", ""category"": ""Main Course"", ""quantity"": 1, ""unit_price"": 248000, ""subtotal"": 248000}, {""item_id"": ""ITEM-602"", ""name"": ""Sharbat-e Sekanjebin"", ""category"": ""Beverage"", ""quantity"": 2, ""unit_price"": 39000, ""subtotal"": 78000}, {""item_id"": ""ITEM-301"", ""name"": ""Chelo Kabab Koobideh"", ""category"": ""Main Course"", ""quantity"": 1, ""unit_price"": 277000, ""subtotal"": 277000}]",741000.0,wallet,completed,2026-06-07T15:39:42.476643
ORD-20260607-633025,2026-06-07T17:42:37.476643,ZAF-TBZ-001,CUST-10068,dine_in,"[{""item_id"": ""ITEM-101"", ""name"": ""Mast-o Khiar"", ""category"": ""Starter"", ""quantity"": 3, ""unit_price"": 65000, ""subtotal"": 195000}, {""item_id"": ""ITEM-307"", ""name"": ""Abgoosht (Dizi)"", ""category"": ""Main Course"", ""quantity"": 2, ""unit_price"": 202000, ""subtotal"": 404000}, {""item_id"": ""ITEM-504"", ""name"": ""Zoolbia Bamieh"", ""category"": ""Dessert"", ""quantity"": 3, ""unit_price"": 60000, ""subtotal"": 180000}, {""item_id"": ""ITEM-102"", ""name"": ""Kashke Bademjan"", ""category"": ""Starter"", ""quantity"": 2, ""unit_price"": 92000, ""subtotal"": 184000}]",963000.0,wallet,delivered,2026-06-07T17:42:37.476643
ORD-20260607-963684,2026-06-07T18:47:35.476643,ZAF-THR-002,CUST-10048,takeaway,"[{""item_id"": ""ITEM-104"", ""name"": ""Dolme Barg"", ""category"": ""Starter"", ""quantity"": 1, ""unit_price"": 113000, ""subtotal"": 113000}, {""item_id"": ""ITEM-602"", ""name"": ""Sharbat-e Sekanjebin"", ""category"": ""Beverage"", ""quantity"": 1, ""unit_price"": 42000, ""subtotal"": 42000}, {""item_id"": ""ITEM-105"", ""name"": ""Salad Shirazi"", ""category"": ""Starter"", ""quantity"": 1, ""unit_price"": 55000, ""subtotal"": 55000}, {""item_id"": ""ITEM-101"", ""name"": ""Mast-o Khiar"", ""category"": ""Starter"", ""quantity"": 1, ""unit_price"": 67000, ""subtotal"": 67000}]",277000.0,card,delivered,2026-06-07T18:47:35.476643
ORD-20260607-796781,2026-06-07T20:28:09.476643,ZAF-MSH-001,CUST-10166,delivery,"[{""item_id"": ""ITEM-602"", ""name"": ""Sharbat-e Sekanjebin"", ""category"": ""Beverage"", ""quantity"": 3, ""unit_price"": 38000, ""subtotal"": 114000}]",114000.0,card,completed,2026-06-07T20:28:09.476643
ORD-20260607-327900,2026-06-07T22:08:08.476643,ZAF-SHZ-001,CUST-10308,dine_in,"[{""item_id"": ""ITEM-205"", ""name"": ""Baghali Polo"", ""category"": ""Main Course"", ""quantity"": 2, ""unit_price"": 114000, ""subtotal"": 228000}, {""item_id"": ""ITEM-603"", ""name"": ""Persian Tea (Chai)"", ""category"": ""Beverage"", ""quantity"": 3, ""unit_price"": 26000, ""subtotal"": 78000}, {""item_id"": ""ITEM-503"", ""name"": ""Sholeh Zard"", ""category"": ""Dessert"", ""quantity"": 3, ""unit_price"": 53000, ""subtotal"": 159000}, {""item_id"": ""ITEM-401"", ""name"": ""Sangak Bread"", ""category"": ""Bread"", ""quantity"": 3, ""unit_price"": 26000, ""subtotal"": 78000}, {""item_id"": ""ITEM-604"", ""name"": ""Sharbat-e Ablimoo"", ""category"": ""Beverage"", ""quantity"": 3, ""unit_price"": 37000, ""subtotal"": 111000}]",654000.0,cash,completed,2026-06-07T22:08:08.476643
ORD-20260608-308573,2026-06-08T10:46:56.476643,ZAF-MSH-001,CUST-10134,dine_in,"[{""item_id"": ""ITEM-601"", ""name"": ""Doogh"", ""category"": ""Beverage"", ""quantity"": 3, ""unit_price"": 36000, ""subtotal"": 108000}, {""item_id"": ""ITEM-201"", ""name"": ""Kuku Sabzi"", ""category"": ""Main Course"", ""quantity"": 2, ""unit_price"": 117000, ""subtotal"": 234000}, {""item_id"": ""ITEM-307"", ""name"": ""Abgoosht (Dizi)"", ""category"": ""Main Course"", ""quantity"": 3, ""unit_price"": 192000, ""subtotal"": 576000}, {""item_id"": ""ITEM-104"", ""name"": ""Dolme Barg"", ""category"": ""Starter"", ""quantity"": 3, ""unit_price"": 114000, ""subtotal"": 342000}, {""item_id"": ""ITEM-604"", ""name"": ""Sharbat-e Ablimoo"", ""category"": ""Beverage"", ""quantity"": 3, ""unit_price"": 39000, ""subtotal"": 117000}]",1377000.0,card,delivered,2026-06-08T10:46:56.476643
ORD-20260608-350385,2026-06-08T10:49:40.476643,ZAF-TBZ-001,CUST-10194,takeaway,"[{""item_id"": ""ITEM-101"", ""name"": ""Mast-o Khiar"", ""category"": ""Starter"", ""quantity"": 2, ""unit_price"": 65000, ""subtotal"": 130000}, {""item_id"": ""ITEM-403"", ""name"": ""Lavash Bread"", ""category"": ""Bread"", ""quantity"": 3, ""unit_price"": 14000, ""subtotal"": 42000}]",172000.0,wallet,delivered,2026-06-08T10:49:40.476643
ORD-20260608-265056,2026-06-08T15:10:23.476643,ZAF-ISF-001,CUST-10369,delivery,"[{""item_id"": ""ITEM-601"", ""name"": ""Doogh"", ""category"": ""Beverage"", ""quantity"": 1, ""unit_price"": 35000, ""subtotal"": 35000}, {""item_id"": ""ITEM-402"", ""name"": ""Barbari Bread"", ""category"": ""Bread"", ""quantity"": 1, ""unit_price"": 22000, ""subtotal"": 22000}, {""item_id"": ""ITEM-403"", ""name"": ""Lavash Bread"", ""category"": ""Bread"", ""quantity"": 1, ""unit_price"": 15000, ""subtotal"": 15000}]",72000.0,cash,delivered,2026-06-08T15:10:23.476643
ORD-20260608-765678,2026-06-08T17:20:37.476643,ZAF-THR-001,CUST-10444,delivery,"[{""item_id"": ""ITEM-504"", ""name"": ""Zoolbia Bamieh"", ""category"": ""Dessert"", ""quantity"": 2, ""unit_price"": 58000, ""subtotal"": 116000}]",116000.0,wallet,completed,2026-06-08T17:20:37.476643
ORD-20260608-882702,2026-06-08T20:31:07.476643,ZAF-THR-002,CUST-10365,takeaway,"[{""item_id"": ""ITEM-202"", ""name"": ""Adas Polo"", ""category"": ""Main Course"", ""quantity"": 2, ""unit_price"": 128000, ""subtotal"": 256000}, {""item_id"": ""ITEM-604"", ""name"": ""Sharbat-e Ablimoo"", ""category"": ""Beverage"", ""quantity"": 2, ""unit_price"": 38000, ""subtotal"": 76000}]",332000.0,card,delivered,2026-06-08T20:31:07.476643
ORD-20260608-103225,2026-06-08T21:01:48.476643,ZAF-THR-001,CUST-10328,takeaway,"[{""item_id"": ""ITEM-501"", ""name"": ""Bastani Sonnati"", ""category"": ""Dessert"", ""quantity"": 3, ""unit_price"": 77000, ""subtotal"": 231000}, {""item_id"": ""ITEM-305"", ""name"": ""Zereshk Polo ba Morgh"", ""category"": ""Main Course"", ""quantity"": 1, ""unit_price"": 233000, ""subtotal"": 233000}]",464000.0,cash,completed,2026-06-08T21:01:48.476643
ORD-20260608-168079,2026-06-08T21:37:23.476643,ZAF-THR-001,CUST-10047,takeaway,"[{""item_id"": ""ITEM-301"", ""name"": ""Chelo Kabab Koobideh"", ""category"": ""Main Course"", ""quantity"": 1, ""unit_price"": 277000, ""subtotal"": 277000}, {""item_id"": ""ITEM-302"", ""name"": ""Joojeh Kabab"", ""category"": ""Main Course"", ""quantity"": 2, ""unit_price"": 260000, ""subtotal"": 520000}, {""item_id"": ""ITEM-303"", ""name"": ""Ghormeh Sabzi"", ""category"": ""Main Course"", ""quantity"": 3, ""unit_price"": 233000, ""subtotal"": 699000}]",1496000.0,card,delivered,2026-06-08T21:37:23.476643
ORD-20260608-146853,2026-06-08T22:13:33.476643,ZAF-SHZ-001,CUST-10178,delivery,"[{""item_id"": ""ITEM-104"", ""name"": ""Dolme Barg"", ""category"": ""Starter"", ""quantity"": 2, ""unit_price"": 110000, ""subtotal"": 220000}, {""item_id"": ""ITEM-305"", ""name"": ""Zereshk Polo ba Morgh"", ""category"": ""Main Course"", ""quantity"": 2, ""unit_price"": 241000, ""subtotal"": 482000}, {""item_id"": ""ITEM-504"", ""name"": ""Zoolbia Bamieh"", ""category"": ""Dessert"", ""quantity"": 1, ""unit_price"": 60000, ""subtotal"": 60000}, {""item_id"": ""ITEM-503"", ""name"": ""Sholeh Zard"", ""category"": ""Dessert"", ""quantity"": 2, ""unit_price"": 53000, ""subtotal"": 106000}]",868000.0,cash,delivered,2026-06-08T22:13:33.476643
ORD-20260609-986589,2026-06-09T11:16:42.476643,ZAF-SHZ-001,CUST-10270,takeaway,"[{""item_id"": ""ITEM-403"", ""name"": ""Lavash Bread"", ""category"": ""Bread"", ""quantity"": 1, ""unit_price"": 15000, ""subtotal"": 15000}, {""item_id"": ""ITEM-303"", ""name"": ""Ghormeh Sabzi"", ""category"": ""Main Course"", ""quantity"": 2, ""unit_price"": 257000, ""subtotal"": 514000}, {""item_id"": ""ITEM-402"", ""name"": ""Barbari Bread"", ""category"": ""Bread"", ""quantity"": 2, ""unit_price"": 22000, ""subtotal"": 44000}]",573000.0,wallet,delivered,2026-06-09T11:16:42.476643
ORD-20260609-668471,2026-06-09T12:46:50.476643,ZAF-ISF-001,CUST-10086,delivery,"[{""item_id"": ""ITEM-504"", ""name"": ""Zoolbia Bamieh"", ""category"": ""Dessert"", ""quantity"": 2, ""unit_price"": 58000, ""subtotal"": 116000}, {""item_id"": ""ITEM-401"", ""name"": ""Sangak Bread"", ""category"": ""Bread"", ""quantity"": 1, ""unit_price"": 25000, ""subtotal"": 25000}]",141000.0,cash,delivered,2026-06-09T12:46:50.476643
ORD-20260609-799040,2026-06-09T16:58:42.476643,ZAF-THR-002,CUST-10357,dine_in,"[{""item_id"": ""ITEM-104"", ""name"": ""Dolme Barg"", ""category"": ""Starter"", ""quantity"": 1, ""unit_price"": 113000, ""subtotal"": 113000}, {""item_id"": ""ITEM-303"", ""name"": ""Ghormeh Sabzi"", ""category"": ""Main Course"", ""quantity"": 2, ""unit_price"": 250000, ""subtotal"": 500000}, {""item_id"": ""ITEM-503"", ""name"": ""Sholeh Zard"", ""category"": ""Dessert"", ""quantity"": 3, ""unit_price"": 54000, ""subtotal"": 162000}, {""item_id"": ""ITEM-102"", ""name"": ""Kashke Bademjan"", ""category"": ""Starter"", ""quantity"": 3, ""unit_price"": 96000, ""subtotal"": 288000}, {""item_id"": ""ITEM-203"", ""name"": ""Ash Reshteh"", ""category"": ""Main Course"", ""quantity"": 2, ""unit_price"": 106000, ""subtotal"": 212000}]",1275000.0,wallet,delivered,2026-06-09T16:58:42.476643
ORD-20260609-720647,2026-06-09T21:05:37.476643,ZAF-THR-001,CUST-10258,delivery,"[{""item_id"": ""ITEM-501"", ""name"": ""Bastani Sonnati"", ""category"": ""Dessert"", ""quantity"": 2, ""unit_price"": 77000, ""subtotal"": 154000}, {""item_id"": ""ITEM-603"", ""name"": ""Persian Tea (Chai)"", ""category"": ""Beverage"", ""quantity"": 1, ""unit_price"": 24000, ""subtotal"": 24000}]",178000.0,cash,completed,2026-06-09T21:05:37.476643
ORD-20260609-807896,2026-06-09T21:25:55.476643,ZAF-MSH-001,CUST-10494,takeaway,"[{""item_id"": ""ITEM-504"", ""name"": ""Zoolbia Bamieh"", ""category"": ""Dessert"", ""quantity"": 3, ""unit_price"": 62000, ""subtotal"": 186000}, {""item_id"": ""ITEM-306"", ""name"": ""Tahchin Morgh"", ""category"": ""Main Course"", ""quantity"": 2, ""unit_price"": 214000, ""subtotal"": 428000}, {""item_id"": ""ITEM-205"", ""name"": ""Baghali Polo"", ""category"": ""Main Course"", ""quantity"": 3, ""unit_price"": 113000, ""subtotal"": 339000}, {""item_id"": ""ITEM-403"", ""name"": ""Lavash Bread"", ""category"": ""Bread"", ""quantity"": 3, ""unit_price"": 15000, ""subtotal"": 45000}, {""item_id"": ""ITEM-603"", ""name"": ""Persian Tea (Chai)"", ""category"": ""Beverage"", ""quantity"": 3, ""unit_price"": 24000, ""subtotal"": 72000}]",1070000.0,card,delivered,2026-06-09T21:25:55.476643
ORD-20260610-477712,2026-06-10T10:06:52.476643,ZAF-THR-002,CUST-10447,delivery,"[{""item_id"": ""ITEM-604"", ""name"": ""Sharbat-e Ablimoo"", ""category"": ""Beverage"", ""quantity"": 2, ""unit_price"": 38000, ""subtotal"": 76000}]",76000.0,card,completed,2026-06-10T10:06:52.476643
ORD-20260610-196955,2026-06-10T10:35:26.476643,ZAF-SHZ-001,CUST-10285,delivery,"[{""item_id"": ""ITEM-105"", ""name"": ""Salad Shirazi"", ""category"": ""Starter"", ""quantity"": 2, ""unit_price"": 53000, ""subtotal"": 106000}, {""item_id"": ""ITEM-303"", ""name"": ""Ghormeh Sabzi"", ""category"": ""Main Course"", ""quantity"": 3, ""unit_price"": 257000, ""subtotal"": 771000}, {""item_id"": ""ITEM-203"", ""name"": ""Ash Reshteh"", ""category"": ""Main Course"", ""quantity"": 1, ""unit_price"": 106000, ""subtotal"": 106000}, {""item_id"": ""ITEM-204"", ""name"": ""Sabzi Polo"", ""category"": ""Main Course"", ""quantity"": 2, ""unit_price"": 98000, ""subtotal"": 196000}, {""item_id"": ""ITEM-202"", ""name"": ""Adas Polo"", ""category"": ""Main Course"", ""quantity"": 2, ""unit_price"": 125000, ""subtotal"": 250000}]",1429000.0,wallet,delivered,2026-06-10T10:35:26.476643
ORD-20260610-249149,2026-06-10T12:27:18.476643,ZAF-TBZ-001,CUST-10470,takeaway,"[{""item_id"": ""ITEM-503"", ""name"": ""Sholeh Zard"", ""category"": ""Dessert"", ""quantity"": 3, ""unit_price"": 53000, ""subtotal"": 159000}]",159000.0,wallet,completed,2026-06-10T12:27:18.476643
ORD-20260610-650164,2026-06-10T20:14:41.476643,ZAF-MSH-001,CUST-10365,dine_in,"[{""item_id"": ""ITEM-306"", ""name"": ""Tahchin Morgh"", ""category"": ""Main Course"", ""quantity"": 3, ""unit_price"": 214000, ""subtotal"": 642000}, {""item_id"": ""ITEM-307"", ""name"": ""Abgoosht (Dizi)"", ""category"": ""Main Course"", ""quantity"": 3, ""unit_price"": 192000, ""subtotal"": 576000}]",1218000.0,card,completed,2026-06-10T20:14:41.476643
ORD-20260610-805668,2026-06-10T21:13:28.476643,ZAF-ISF-001,CUST-10425,takeaway,"[{""item_id"": ""ITEM-603"", ""name"": ""Persian Tea (Chai)"", ""category"": ""Beverage"", ""quantity"": 2, ""unit_price"": 25000, ""subtotal"": 50000}]",50000.0,cash,completed,2026-06-10T21:13:28.476643
ORD-20260611-884149,2026-06-11T12:05:20.476643,ZAF-MSH-001,CUST-10271,takeaway,"[{""item_id"": ""ITEM-105"", ""name"": ""Salad Shirazi"", ""category"": ""Starter"", ""quantity"": 1, ""unit_price"": 55000, ""subtotal"": 55000}, {""item_id"": ""ITEM-204"", ""name"": ""Sabzi Polo"", ""category"": ""Main Course"", ""quantity"": 1, ""unit_price"": 92000, ""subtotal"": 92000}, {""item_id"": ""ITEM-104"", ""name"": ""Dolme Barg"", ""category"": ""Starter"", ""quantity"": 2, ""unit_price"": 114000, ""subtotal"": 228000}, {""item_id"": ""ITEM-301"", ""name"": ""Chelo Kabab Koobideh"", ""category"": ""Main Course"", ""quantity"": 2, ""unit_price"": 299000, ""subtotal"": 598000}]",973000.0,card,completed,2026-06-11T12:05:20.476643
ORD-20260611-817727,2026-06-11T19:08:05.476643,ZAF-MSH-001,CUST-10239,delivery,"[{""item_id"": ""ITEM-305"", ""name"": ""Zereshk Polo ba Morgh"", ""category"": ""Main Course"", ""quantity"": 2, ""unit_price"": 221000, ""subtotal"": 442000}]",442000.0,wallet,completed,2026-06-11T19:08:05.476643
ORD-20260611-147702,2026-06-11T20:50:07.476643,ZAF-MSH-001,CUST-10434,takeaway,"[{""item_id"": ""ITEM-602"", ""name"": ""Sharbat-e Sekanjebin"", ""category"": ""Beverage"", ""quantity"": 2, ""unit_price"": 38000, ""subtotal"": 76000}, {""item_id"": ""ITEM-403"", ""name"": ""Lavash Bread"", ""category"": ""Bread"", ""quantity"": 2, ""unit_price"": 15000, ""subtotal"": 30000}]",106000.0,card,delivered,2026-06-11T20:50:07.476643
ORD-20260611-517500,2026-06-11T22:35:08.476643,ZAF-TBZ-001,CUST-10452,delivery,"[{""item_id"": ""ITEM-103"", ""name"": ""Mirza Ghasemi"", ""category"": ""Starter"", ""quantity"": 2, ""unit_price"": 94000, ""subtotal"": 188000}]",188000.0,wallet,completed,2026-06-11T22:35:08.476643
ORD-20260612-575301,2026-06-12T13:14:09.476643,ZAF-TBZ-001,CUST-10132,takeaway,"[{""item_id"": ""ITEM-303"", ""name"": ""Ghormeh Sabzi"", ""category"": ""Main Course"", ""quantity"": 3, ""unit_price"": 233000, ""subtotal"": 699000}, {""item_id"": ""ITEM-201"", ""name"": ""Kuku Sabzi"", ""category"": ""Main Course"", ""quantity"": 2, ""unit_price"": 122000, ""subtotal"": 244000}, {""item_id"": ""ITEM-503"", ""name"": ""Sholeh Zard"", ""category"": ""Dessert"", ""quantity"": 2, ""unit_price"": 53000, ""subtotal"": 106000}]",1049000.0,cash,delivered,2026-06-12T13:14:09.476643
ORD-20260612-579798,2026-06-12T13:32:07.476643,ZAF-MSH-001,CUST-10195,dine_in,"[{""item_id"": ""ITEM-205"", ""name"": ""Baghali Polo"", ""category"": ""Main Course"", ""quantity"": 1, ""unit_price"": 113000, ""subtotal"": 113000}, {""item_id"": ""ITEM-304"", ""name"": ""Fesenjan"", ""category"": ""Main Course"", ""quantity"": 1, ""unit_price"": 270000, ""subtotal"": 270000}, {""item_id"": ""ITEM-102"", ""name"": ""Kashke Bademjan"", ""category"": ""Starter"", ""quantity"": 2, ""unit_price"": 95000, ""subtotal"": 190000}, {""item_id"": ""ITEM-604"", ""name"": ""Sharbat-e Ablimoo"", ""category"": ""Beverage"", ""quantity"": 2, ""unit_price"": 39000, ""subtotal"": 78000}, {""item_id"": ""ITEM-105"", ""name"": ""Salad Shirazi"", ""category"": ""Starter"", ""quantity"": 3, ""unit_price"": 55000, ""subtotal"": 165000}]",816000.0,card,delivered,2026-06-12T13:32:07.476643
ORD-20260612-285846,2026-06-12T14:53:10.476643,ZAF-THR-002,CUST-10429,takeaway,"[{""item_id"": ""ITEM-403"", ""name"": ""Lavash Bread"", ""category"": ""Bread"", ""quantity"": 1, ""unit_price"": 15000, ""subtotal"": 15000}]",15000.0,cash,completed,2026-06-12T14:53:10.476643
ORD-20260613-597643,2026-06-13T10:23:21.476643,ZAF-MSH-001,CUST-10056,takeaway,"[{""item_id"": ""ITEM-402"", ""name"": ""Barbari Bread"", ""category"": ""Bread"", ""quantity"": 3, ""unit_price"": 21000, ""subtotal"": 63000}, {""item_id"": ""ITEM-205"", ""name"": ""Baghali Polo"", ""category"": ""Main Course"", ""quantity"": 3, ""unit_price"": 113000, ""subtotal"": 339000}, {""item_id"": ""ITEM-602"", ""name"": ""Sharbat-e Sekanjebin"", ""category"": ""Beverage"", ""quantity"": 1, ""unit_price"": 38000, ""subtotal"": 38000}, {""item_id"": ""ITEM-504"", ""name"": ""Zoolbia Bamieh"", ""category"": ""Dessert"", ""quantity"": 3, ""unit_price"": 62000, ""subtotal"": 186000}]",626000.0,wallet,delivered,2026-06-13T10:23:21.476643
ORD-20260613-702593,2026-06-13T11:22:30.476643,ZAF-SHZ-001,CUST-10433,dine_in,"[{""item_id"": ""ITEM-205"", ""name"": ""Baghali Polo"", ""category"": ""Main Course"", ""quantity"": 2, ""unit_price"": 114000, ""subtotal"": 228000}, {""item_id"": ""ITEM-601"", ""name"": ""Doogh"", ""category"": ""Beverage"", ""quantity"": 3, ""unit_price"": 35000, ""subtotal"": 105000}]",333000.0,wallet,delivered,2026-06-13T11:22:30.476643
ORD-20260613-355836,2026-06-13T19:54:49.476643,ZAF-THR-001,CUST-10233,dine_in,"[{""item_id"": ""ITEM-501"", ""name"": ""Bastani Sonnati"", ""category"": ""Dessert"", ""quantity"": 3, ""unit_price"": 77000, ""subtotal"": 231000}, {""item_id"": ""ITEM-402"", ""name"": ""Barbari Bread"", ""category"": ""Bread"", ""quantity"": 2, ""unit_price"": 23000, ""subtotal"": 46000}, {""item_id"": ""ITEM-202"", ""name"": ""Adas Polo"", ""category"": ""Main Course"", ""quantity"": 2, ""unit_price"": 135000, ""subtotal"": 270000}, {""item_id"": ""ITEM-503"", ""name"": ""Sholeh Zard"", ""category"": ""Dessert"", ""quantity"": 2, ""unit_price"": 54000, ""subtotal"": 108000}]",655000.0,wallet,delivered,2026-06-13T19:54:49.476643
ORD-20260613-793805,2026-06-13T21:09:13.476643,ZAF-MSH-001,CUST-10351,dine_in,"[{""item_id"": ""ITEM-205"", ""name"": ""Baghali Polo"", ""category"": ""Main Course"", ""quantity"": 2, ""unit_price"": 113000, ""subtotal"": 226000}]",226000.0,wallet,completed,2026-06-13T21:09:13.476643
ORD-20260613-718849,2026-06-13T21:58:51.476643,ZAF-SHZ-001,CUST-10197,takeaway,"[{""item_id"": ""ITEM-306"", ""name"": ""Tahchin Morgh"", ""category"": ""Main Course"", ""quantity"": 1, ""unit_price"": 228000, ""subtotal"": 228000}, {""item_id"": ""ITEM-102"", ""name"": ""Kashke Bademjan"", ""category"": ""Starter"", ""quantity"": 3, ""unit_price"": 92000, ""subtotal"": 276000}]",504000.0,cash,completed,2026-06-13T21:58:51.476643
ORD-20260614-485416,2026-06-14T11:14:24.476643,ZAF-THR-001,CUST-10374,takeaway,"[{""item_id"": ""ITEM-104"", ""name"": ""Dolme Barg"", ""category"": ""Starter"", ""quantity"": 2, ""unit_price"": 107000, ""subtotal"": 214000}]",214000.0,cash,completed,2026-06-14T11:14:24.476643
ORD-20260614-877493,2026-06-14T13:55:58.476643,ZAF-ISF-001,CUST-10155,dine_in,"[{""item_id"": ""ITEM-202"", ""name"": ""Adas Polo"", ""category"": ""Main Course"", ""quantity"": 1, ""unit_price"": 131000, ""subtotal"": 131000}]",131000.0,wallet,completed,2026-06-14T13:55:58.476643
ORD-20260614-819796,2026-06-14T17:21:11.476643,ZAF-THR-001,CUST-10129,dine_in,"[{""item_id"": ""ITEM-104"", ""name"": ""Dolme Barg"", ""category"": ""Starter"", ""quantity"": 2, ""unit_price"": 107000, ""subtotal"": 214000}, {""item_id"": ""ITEM-603"", ""name"": ""Persian Tea (Chai)"", ""category"": ""Beverage"", ""quantity"": 1, ""unit_price"": 24000, ""subtotal"": 24000}, {""item_id"": ""ITEM-103"", ""name"": ""Mirza Ghasemi"", ""category"": ""Starter"", ""quantity"": 3, ""unit_price"": 88000, ""subtotal"": 264000}, {""item_id"": ""ITEM-303"", ""name"": ""Ghormeh Sabzi"", ""category"": ""Main Course"", ""quantity"": 3, ""unit_price"": 233000, ""subtotal"": 699000}]",1201000.0,cash,delivered,2026-06-14T17:21:11.476643
ORD-20260614-488131,2026-06-14T19:08:16.476643,ZAF-THR-001,CUST-10351,delivery,"[{""item_id"": ""ITEM-503"", ""name"": ""Sholeh Zard"", ""category"": ""Dessert"", ""quantity"": 3, ""unit_price"": 54000, ""subtotal"": 162000}, {""item_id"": ""ITEM-105"", ""name"": ""Salad Shirazi"", ""category"": ""Starter"", ""quantity"": 2, ""unit_price"": 56000, ""subtotal"": 112000}, {""item_id"": ""ITEM-502"", ""name"": ""Faloodeh Shirazi"", ""category"": ""Dessert"", ""quantity"": 1, ""unit_price"": 66000, ""subtotal"": 66000}, {""item_id"": ""ITEM-303"", ""name"": ""Ghormeh Sabzi"", ""category"": ""Main Course"", ""quantity"": 3, ""unit_price"": 233000, ""subtotal"": 699000}, {""item_id"": ""ITEM-402"", ""name"": ""Barbari Bread"", ""category"": ""Bread"", ""quantity"": 3, ""unit_price"": 23000, ""subtotal"": 69000}]",1108000.0,cash,completed,2026-06-14T19:08:16.476643
ORD-20260615-724094,2026-06-15T10:48:24.476643,ZAF-SHZ-001,CUST-10437,delivery,"[{""item_id"": ""ITEM-601"", ""name"": ""Doogh"", ""category"": ""Beverage"", ""quantity"": 2, ""unit_price"": 35000, ""subtotal"": 70000}]",70000.0,cash,delivered,2026-06-15T10:48:24.476643
ORD-20260615-975671,2026-06-15T12:40:29.476643,ZAF-TBZ-001,CUST-10458,delivery,"[{""item_id"": ""ITEM-305"", ""name"": ""Zereshk Polo ba Morgh"", ""category"": ""Main Course"", ""quantity"": 2, ""unit_price"": 219000, ""subtotal"": 438000}, {""item_id"": ""ITEM-602"", ""name"": ""Sharbat-e Sekanjebin"", ""category"": ""Beverage"", ""quantity"": 3, ""unit_price"": 41000, ""subtotal"": 123000}, {""item_id"": ""ITEM-603"", ""name"": ""Persian Tea (Chai)"", ""category"": ""Beverage"", ""quantity"": 1, ""unit_price"": 26000, ""subtotal"": 26000}]",587000.0,card,completed,2026-06-15T12:40:29.476643
ORD-20260615-439121,2026-06-15T18:12:31.476643,ZAF-SHZ-001,CUST-10333,delivery,"[{""item_id"": ""ITEM-202"", ""name"": ""Adas Polo"", ""category"": ""Main Course"", ""quantity"": 1, ""unit_price"": 125000, ""subtotal"": 125000}, {""item_id"": ""ITEM-401"", ""name"": ""Sangak Bread"", ""category"": ""Bread"", ""quantity"": 1, ""unit_price"": 26000, ""subtotal"": 26000}, {""item_id"": ""ITEM-403"", ""name"": ""Lavash Bread"", ""category"": ""Bread"", ""quantity"": 1, ""unit_price"": 15000, ""subtotal"": 15000}, {""item_id"": ""ITEM-504"", ""name"": ""Zoolbia Bamieh"", ""category"": ""Dessert"", ""quantity"": 2, ""unit_price"": 60000, ""subtotal"": 120000}, {""item_id"": ""ITEM-307"", ""name"": ""Abgoosht (Dizi)"", ""category"": ""Main Course"", ""quantity"": 2, ""unit_price"": 185000, ""subtotal"": 370000}]",656000.0,wallet,delivered,2026-06-15T18:12:31.476643
ORD-20260615-898963,2026-06-15T19:19:36.476643,ZAF-SHZ-001,CUST-10460,dine_in,"[{""item_id"": ""ITEM-602"", ""name"": ""Sharbat-e Sekanjebin"", ""category"": ""Beverage"", ""quantity"": 3, ""unit_price"": 42000, ""subtotal"": 126000}, {""item_id"": ""ITEM-303"", ""name"": ""Ghormeh Sabzi"", ""category"": ""Main Course"", ""quantity"": 3, ""unit_price"": 257000, ""subtotal"": 771000}, {""item_id"": ""ITEM-306"", ""name"": ""Tahchin Morgh"", ""category"": ""Main Course"", ""quantity"": 1, ""unit_price"": 228000, ""subtotal"": 228000}]",1125000.0,wallet,completed,2026-06-15T19:19:36.476643
ORD-20260616-153395,2026-06-16T17:01:55.476643,ZAF-SHZ-001,CUST-10299,takeaway,"[{""item_id"": ""ITEM-202"", ""name"": ""Adas Polo"", ""category"": ""Main Course"", ""quantity"": 3, ""unit_price"": 125000, ""subtotal"": 375000}, {""item_id"": ""ITEM-205"", ""name"": ""Baghali Polo"", ""category"": ""Main Course"", ""quantity"": 2, ""unit_price"": 114000, ""subtotal"": 228000}]",603000.0,cash,delivered,2026-06-16T17:01:55.476643
ORD-20260616-916814,2026-06-16T18:07:04.476643,ZAF-THR-002,CUST-10369,dine_in,"[{""item_id"": ""ITEM-402"", ""name"": ""Barbari Bread"", ""category"": ""Bread"", ""quantity"": 3, ""unit_price"": 21000, ""subtotal"": 63000}, {""item_id"": ""ITEM-301"", ""name"": ""Chelo Kabab Koobideh"", ""category"": ""Main Course"", ""quantity"": 3, ""unit_price"": 295000, ""subtotal"": 885000}, {""item_id"": ""ITEM-304"", ""name"": ""Fesenjan"", ""category"": ""Main Course"", ""quantity"": 2, ""unit_price"": 258000, ""subtotal"": 516000}, {""item_id"": ""ITEM-202"", ""name"": ""Adas Polo"", ""category"": ""Main Course"", ""quantity"": 1, ""unit_price"": 128000, ""subtotal"": 128000}]",1592000.0,card,delivered,2026-06-16T18:07:04.476643
ORD-20260616-983687,2026-06-16T22:01:03.476643,ZAF-THR-001,CUST-10160,dine_in,"[{""item_id"": ""ITEM-205"", ""name"": ""Baghali Polo"", ""category"": ""Main Course"", ""quantity"": 3, ""unit_price"": 110000, ""subtotal"": 330000}, {""item_id"": ""ITEM-604"", ""name"": ""Sharbat-e Ablimoo"", ""category"": ""Beverage"", ""quantity"": 3, ""unit_price"": 36000, ""subtotal"": 108000}, {""item_id"": ""ITEM-103"", ""name"": ""Mirza Ghasemi"", ""category"": ""Starter"", ""quantity"": 1, ""unit_price"": 88000, ""subtotal"": 88000}, {""item_id"": ""ITEM-304"", ""name"": ""Fesenjan"", ""category"": ""Main Course"", ""quantity"": 2, ""unit_price"": 262000, ""subtotal"": 524000}, {""item_id"": ""ITEM-302"", ""name"": ""Joojeh Kabab"", ""category"": ""Main Course"", ""quantity"": 3, ""unit_price"": 260000, ""subtotal"": 780000}]",1830000.0,cash,delivered,2026-06-16T22:01:03.476643
ORD-20260617-432799,2026-06-17T10:21:27.476643,ZAF-THR-002,CUST-10212,takeaway,"[{""item_id"": ""ITEM-604"", ""name"": ""Sharbat-e Ablimoo"", ""category"": ""Beverage"", ""quantity"": 3, ""unit_price"": 38000, ""subtotal"": 114000}]",114000.0,card,delivered,2026-06-17T10:21:27.476643
ORD-20260617-188923,2026-06-17T12:07:14.476643,ZAF-THR-001,CUST-10489,dine_in,"[{""item_id"": ""ITEM-302"", ""name"": ""Joojeh Kabab"", ""category"": ""Main Course"", ""quantity"": 2, ""unit_price"": 260000, ""subtotal"": 520000}, {""item_id"": ""ITEM-103"", ""name"": ""Mirza Ghasemi"", ""category"": ""Starter"", ""quantity"": 1, ""unit_price"": 88000, ""subtotal"": 88000}, {""item_id"": ""ITEM-403"", ""name"": ""Lavash Bread"", ""category"": ""Bread"", ""quantity"": 2, ""unit_price"": 14000, ""subtotal"": 28000}]",636000.0,wallet,delivered,2026-06-17T12:07:14.476643
ORD-20260617-667036,2026-06-17T12:48:58.476643,ZAF-TBZ-001,CUST-10143,dine_in,"[{""item_id"": ""ITEM-203"", ""name"": ""Ash Reshteh"", ""category"": ""Main Course"", ""quantity"": 1, ""unit_price"": 101000, ""subtotal"": 101000}, {""item_id"": ""ITEM-601"", ""name"": ""Doogh"", ""category"": ""Beverage"", ""quantity"": 3, ""unit_price"": 33000, ""subtotal"": 99000}, {""item_id"": ""ITEM-402"", ""name"": ""Barbari Bread"", ""category"": ""Bread"", ""quantity"": 2, ""unit_price"": 22000, ""subtotal"": 44000}, {""item_id"": ""ITEM-105"", ""name"": ""Salad Shirazi"", ""category"": ""Starter"", ""quantity"": 2, ""unit_price"": 54000, ""subtotal"": 108000}]",352000.0,wallet,completed,2026-06-17T12:48:58.476643
ORD-20260617-629146,2026-06-17T15:48:12.476643,ZAF-THR-002,CUST-10485,dine_in,"[{""item_id"": ""ITEM-101"", ""name"": ""Mast-o Khiar"", ""category"": ""Starter"", ""quantity"": 1, ""unit_price"": 67000, ""subtotal"": 67000}, {""item_id"": ""ITEM-203"", ""name"": ""Ash Reshteh"", ""category"": ""Main Course"", ""quantity"": 3, ""unit_price"": 106000, ""subtotal"": 318000}, {""item_id"": ""ITEM-504"", ""name"": ""Zoolbia Bamieh"", ""category"": ""Dessert"", ""quantity"": 1, ""unit_price"": 58000, ""subtotal"": 58000}, {""item_id"": ""ITEM-105"", ""name"": ""Salad Shirazi"", ""category"": ""Starter"", ""quantity"": 3, ""unit_price"": 55000, ""subtotal"": 165000}]",608000.0,cash,completed,2026-06-17T15:48:12.476643
ORD-20260617-665593,2026-06-17T16:08:19.476643,ZAF-MSH-001,CUST-10199,delivery,"[{""item_id"": ""ITEM-601"", ""name"": ""Doogh"", ""category"": ""Beverage"", ""quantity"": 2, ""unit_price"": 36000, ""subtotal"": 72000}, {""item_id"": ""ITEM-104"", ""name"": ""Dolme Barg"", ""category"": ""Starter"", ""quantity"": 3, ""unit_price"": 114000, ""subtotal"": 342000}, {""item_id"": ""ITEM-402"", ""name"": ""Barbari Bread"", ""category"": ""Bread"", ""quantity"": 3, ""unit_price"": 21000, ""subtotal"": 63000}, {""item_id"": ""ITEM-502"", ""name"": ""Faloodeh Shirazi"", ""category"": ""Dessert"", ""quantity"": 3, ""unit_price"": 66000, ""subtotal"": 198000}]",675000.0,card,completed,2026-06-17T16:08:19.476643
ORD-20260617-951331,2026-06-17T16:47:10.476643,ZAF-THR-001,CUST-10177,dine_in,"[{""item_id"": ""ITEM-302"", ""name"": ""Joojeh Kabab"", ""category"": ""Main Course"", ""quantity"": 1, ""unit_price"": 260000, ""subtotal"": 260000}, {""item_id"": ""ITEM-501"", ""name"": ""Bastani Sonnati"", ""category"": ""Dessert"", ""quantity"": 3, ""unit_price"": 77000, ""subtotal"": 231000}, {""item_id"": ""ITEM-205"", ""name"": ""Baghali Polo"", ""category"": ""Main Course"", ""quantity"": 2, ""unit_price"": 110000, ""subtotal"": 220000}]",711000.0,wallet,completed,2026-06-17T16:47:10.476643
ORD-20260617-546711,2026-06-17T17:56:24.476643,ZAF-SHZ-001,CUST-10137,dine_in,"[{""item_id"": ""ITEM-403"", ""name"": ""Lavash Bread"", ""category"": ""Bread"", ""quantity"": 2, ""unit_price"": 15000, ""subtotal"": 30000}, {""item_id"": ""ITEM-304"", ""name"": ""Fesenjan"", ""category"": ""Main Course"", ""quantity"": 3, ""unit_price"": 271000, ""subtotal"": 813000}, {""item_id"": ""ITEM-103"", ""name"": ""Mirza Ghasemi"", ""category"": ""Starter"", ""quantity"": 1, ""unit_price"": 94000, ""subtotal"": 94000}, {""item_id"": ""ITEM-601"", ""name"": ""Doogh"", ""category"": ""Beverage"", ""quantity"": 2, ""unit_price"": 35000, ""subtotal"": 70000}, {""item_id"": ""ITEM-602"", ""name"": ""Sharbat-e Sekanjebin"", ""category"": ""Beverage"", ""quantity"": 3, ""unit_price"": 42000, ""subtotal"": 126000}]",1133000.0,cash,completed,2026-06-17T17:56:24.476643
ORD-20260617-114760,2026-06-17T22:48:49.476643,ZAF-THR-001,CUST-10066,takeaway,"[{""item_id"": ""ITEM-304"", ""name"": ""Fesenjan"", ""category"": ""Main Course"", ""quantity"": 1, ""unit_price"": 262000, ""subtotal"": 262000}, {""item_id"": ""ITEM-501"", ""name"": ""Bastani Sonnati"", ""category"": ""Dessert"", ""quantity"": 3, ""unit_price"": 77000, ""subtotal"": 231000}, {""item_id"": ""ITEM-303"", ""name"": ""Ghormeh Sabzi"", ""category"": ""Main Course"", ""quantity"": 1, ""unit_price"": 233000, ""subtotal"": 233000}, {""item_id"": ""ITEM-306"", ""name"": ""Tahchin Morgh"", ""category"": ""Main Course"", ""quantity"": 3, ""unit_price"": 221000, ""subtotal"": 663000}, {""item_id"": ""ITEM-101"", ""name"": ""Mast-o Khiar"", ""category"": ""Starter"", ""quantity"": 2, ""unit_price"": 66000, ""subtotal"": 132000}]",1521000.0,wallet,delivered,2026-06-17T22:48:49.476643
ORD-20260618-570665,2026-06-18T15:33:48.476643,ZAF-THR-001,CUST-10452,takeaway,"[{""item_id"": ""ITEM-102"", ""name"": ""Kashke Bademjan"", ""category"": ""Starter"", ""quantity"": 2, ""unit_price"": 90000, ""subtotal"": 180000}, {""item_id"": ""ITEM-204"", ""name"": ""Sabzi Polo"", ""category"": ""Main Course"", ""quantity"": 3, ""unit_price"": 94000, ""subtotal"": 282000}]",462000.0,cash,completed,2026-06-18T15:33:48.476643
ORD-20260618-628896,2026-06-18T16:48:35.476643,ZAF-THR-001,CUST-10188,takeaway,"[{""item_id"": ""ITEM-601"", ""name"": ""Doogh"", ""category"": ""Beverage"", ""quantity"": 1, ""unit_price"": 37000, ""subtotal"": 37000}]",37000.0,card,completed,2026-06-18T16:48:35.476643
ORD-20260619-815551,2026-06-19T12:55:13.476643,ZAF-TBZ-001,CUST-10487,delivery,"[{""item_id"": ""ITEM-205"", ""name"": ""Baghali Polo"", ""category"": ""Main Course"", ""quantity"": 2, ""unit_price"": 115000, ""subtotal"": 230000}]",230000.0,cash,completed,2026-06-19T12:55:13.476643
ORD-20260619-727127,2026-06-19T14:12:09.476643,ZAF-SHZ-001,CUST-10104,takeaway,"[{""item_id"": ""ITEM-203"", ""name"": ""Ash Reshteh"", ""category"": ""Main Course"", ""quantity"": 3, ""unit_price"": 106000, ""subtotal"": 318000}]",318000.0,wallet,completed,2026-06-19T14:12:09.476643
ORD-20260619-183262,2026-06-19T17:34:51.476643,ZAF-THR-001,CUST-10311,delivery,"[{""item_id"": ""ITEM-203"", ""name"": ""Ash Reshteh"", ""category"": ""Main Course"", ""quantity"": 2, ""unit_price"": 101000, ""subtotal"": 202000}, {""item_id"": ""ITEM-202"", ""name"": ""Adas Polo"", ""category"": ""Main Course"", ""quantity"": 2, ""unit_price"": 135000, ""subtotal"": 270000}, {""item_id"": ""ITEM-402"", ""name"": ""Barbari Bread"", ""category"": ""Bread"", ""quantity"": 2, ""unit_price"": 23000, ""subtotal"": 46000}, {""item_id"": ""ITEM-502"", ""name"": ""Faloodeh Shirazi"", ""category"": ""Dessert"", ""quantity"": 2, ""unit_price"": 66000, ""subtotal"": 132000}]",650000.0,wallet,delivered,2026-06-19T17:34:51.476643
ORD-20260619-977634,2026-06-19T20:06:56.476643,ZAF-ISF-001,CUST-10013,takeaway,"[{""item_id"": ""ITEM-502"", ""name"": ""Faloodeh Shirazi"", ""category"": ""Dessert"", ""quantity"": 2, ""unit_price"": 65000, ""subtotal"": 130000}, {""item_id"": ""ITEM-104"", ""name"": ""Dolme Barg"", ""category"": ""Starter"", ""quantity"": 3, ""unit_price"": 109000, ""subtotal"": 327000}, {""item_id"": ""ITEM-303"", ""name"": ""Ghormeh Sabzi"", ""category"": ""Main Course"", ""quantity"": 1, ""unit_price"": 240000, ""subtotal"": 240000}]",697000.0,cash,delivered,2026-06-19T20:06:56.476643
ORD-20260619-728492,2026-06-19T21:18:32.476643,ZAF-MSH-001,CUST-10139,delivery,"[{""item_id"": ""ITEM-603"", ""name"": ""Persian Tea (Chai)"", ""category"": ""Beverage"", ""quantity"": 3, ""unit_price"": 24000, ""subtotal"": 72000}, {""item_id"": ""ITEM-306"", ""name"": ""Tahchin Morgh"", ""category"": ""Main Course"", ""quantity"": 1, ""unit_price"": 214000, ""subtotal"": 214000}, {""item_id"": ""ITEM-203"", ""name"": ""Ash Reshteh"", ""category"": ""Main Course"", ""quantity"": 2, ""unit_price"": 107000, ""subtotal"": 214000}, {""item_id"": ""ITEM-305"", ""name"": ""Zereshk Polo ba Morgh"", ""category"": ""Main Course"", ""quantity"": 1, ""unit_price"": 221000, ""subtotal"": 221000}]",721000.0,wallet,delivered,2026-06-19T21:18:32.476643
ORD-20260620-359778,2026-06-20T12:03:28.476643,ZAF-THR-001,CUST-10415,delivery,"[{""item_id"": ""ITEM-503"", ""name"": ""Sholeh Zard"", ""category"": ""Dessert"", ""quantity"": 3, ""unit_price"": 54000, ""subtotal"": 162000}, {""item_id"": ""ITEM-103"", ""name"": ""Mirza Ghasemi"", ""category"": ""Starter"", ""quantity"": 1, ""unit_price"": 88000, ""subtotal"": 88000}, {""item_id"": ""ITEM-307"", ""name"": ""Abgoosht (Dizi)"", ""category"": ""Main Course"", ""quantity"": 1, ""unit_price"": 190000, ""subtotal"": 190000}]",440000.0,card,completed,2026-06-20T12:03:28.476643
ORD-20260620-859767,2026-06-20T12:12:21.476643,ZAF-SHZ-001,CUST-10375,dine_in,"[{""item_id"": ""ITEM-205"", ""name"": ""Baghali Polo"", ""category"": ""Main Course"", ""quantity"": 1, ""unit_price"": 114000, ""subtotal"": 114000}, {""item_id"": ""ITEM-601"", ""name"": ""Doogh"", ""category"": ""Beverage"", ""quantity"": 3, ""unit_price"": 35000, ""subtotal"": 105000}, {""item_id"": ""ITEM-301"", ""name"": ""Chelo Kabab Koobideh"", ""category"": ""Main Course"", ""quantity"": 3, ""unit_price"": 273000, ""subtotal"": 819000}, {""item_id"": ""ITEM-105"", ""name"": ""Salad Shirazi"", ""category"": ""Starter"", ""quantity"": 1, ""unit_price"": 53000, ""subtotal"": 53000}, {""item_id"": ""ITEM-604"", ""name"": ""Sharbat-e Ablimoo"", ""category"": ""Beverage"", ""quantity"": 1, ""unit_price"": 37000, ""subtotal"": 37000}]",1128000.0,card,completed,2026-06-20T12:12:21.476643
ORD-20260620-793223,2026-06-20T12:28:10.476643,ZAF-THR-002,CUST-10039,dine_in,"[{""item_id"": ""ITEM-501"", ""name"": ""Bastani Sonnati"", ""category"": ""Dessert"", ""quantity"": 1, ""unit_price"": 76000, ""subtotal"": 76000}, {""item_id"": ""ITEM-204"", ""name"": ""Sabzi Polo"", ""category"": ""Main Course"", ""quantity"": 2, ""unit_price"": 98000, ""subtotal"": 196000}, {""item_id"": ""ITEM-202"", ""name"": ""Adas Polo"", ""category"": ""Main Course"", ""quantity"": 3, ""unit_price"": 128000, ""subtotal"": 384000}, {""item_id"": ""ITEM-105"", ""name"": ""Salad Shirazi"", ""category"": ""Starter"", ""quantity"": 3, ""unit_price"": 55000, ""subtotal"": 165000}, {""item_id"": ""ITEM-201"", ""name"": ""Kuku Sabzi"", ""category"": ""Main Course"", ""quantity"": 1, ""unit_price"": 126000, ""subtotal"": 126000}]",947000.0,card,completed,2026-06-20T12:28:10.476643
ORD-20260620-454019,2026-06-20T20:10:37.476643,ZAF-TBZ-001,CUST-10078,delivery,"[{""item_id"": ""ITEM-502"", ""name"": ""Faloodeh Shirazi"", ""category"": ""Dessert"", ""quantity"": 3, ""unit_price"": 68000, ""subtotal"": 204000}, {""item_id"": ""ITEM-403"", ""name"": ""Lavash Bread"", ""category"": ""Bread"", ""quantity"": 3, ""unit_price"": 14000, ""subtotal"": 42000}]",246000.0,cash,delivered,2026-06-20T20:10:37.476643
ORD-20260621-285006,2026-06-21T11:27:46.476643,ZAF-SHZ-001,CUST-10159,delivery,"[{""item_id"": ""ITEM-504"", ""name"": ""Zoolbia Bamieh"", ""category"": ""Dessert"", ""quantity"": 1, ""unit_price"": 60000, ""subtotal"": 60000}, {""item_id"": ""ITEM-202"", ""name"": ""Adas Polo"", ""category"": ""Main Course"", ""quantity"": 2, ""unit_price"": 125000, ""subtotal"": 250000}]",310000.0,cash,completed,2026-06-21T11:27:46.476643
ORD-20260621-105466,2026-06-21T11:46:03.476643,ZAF-ISF-001,CUST-10132,takeaway,"[{""item_id"": ""ITEM-302"", ""name"": ""Joojeh Kabab"", ""category"": ""Main Course"", ""quantity"": 1, ""unit_price"": 248000, ""subtotal"": 248000}, {""item_id"": ""ITEM-104"", ""name"": ""Dolme Barg"", ""category"": ""Starter"", ""quantity"": 2, ""unit_price"": 109000, ""subtotal"": 218000}, {""item_id"": ""ITEM-102"", ""name"": ""Kashke Bademjan"", ""category"": ""Starter"", ""quantity"": 2, ""unit_price"": 97000, ""subtotal"": 194000}, {""item_id"": ""ITEM-601"", ""name"": ""Doogh"", ""category"": ""Beverage"", ""quantity"": 3, ""unit_price"": 35000, ""subtotal"": 105000}, {""item_id"": ""ITEM-501"", ""name"": ""Bastani Sonnati"", ""category"": ""Dessert"", ""quantity"": 3, ""unit_price"": 78000, ""subtotal"": 234000}]",999000.0,card,delivered,2026-06-21T11:46:03.476643
ORD-20260621-661762,2026-06-21T17:23:03.476643,ZAF-TBZ-001,CUST-10326,takeaway,"[{""item_id"": ""ITEM-306"", ""name"": ""Tahchin Morgh"", ""category"": ""Main Course"", ""quantity"": 1, ""unit_price"": 229000, ""subtotal"": 229000}, {""item_id"": ""ITEM-502"", ""name"": ""Faloodeh Shirazi"", ""category"": ""Dessert"", ""quantity"": 1, ""unit_price"": 68000, ""subtotal"": 68000}, {""item_id"": ""ITEM-101"", ""name"": ""Mast-o Khiar"", ""category"": ""Starter"", ""quantity"": 3, ""unit_price"": 65000, ""subtotal"": 195000}, {""item_id"": ""ITEM-401"", ""name"": ""Sangak Bread"", ""category"": ""Bread"", ""quantity"": 3, ""unit_price"": 26000, ""subtotal"": 78000}, {""item_id"": ""ITEM-304"", ""name"": ""Fesenjan"", ""category"": ""Main Course"", ""quantity"": 2, ""unit_price"": 265000, ""subtotal"": 530000}]",1100000.0,cash,completed,2026-06-21T17:23:03.476643
ORD-20260621-458143,2026-06-21T18:54:03.476643,ZAF-SHZ-001,CUST-10176,dine_in,"[{""item_id"": ""ITEM-202"", ""name"": ""Adas Polo"", ""category"": ""Main Course"", ""quantity"": 1, ""unit_price"": 125000, ""subtotal"": 125000}, {""item_id"": ""ITEM-501"", ""name"": ""Bastani Sonnati"", ""category"": ""Dessert"", ""quantity"": 1, ""unit_price"": 73000, ""subtotal"": 73000}]",198000.0,wallet,completed,2026-06-21T18:54:03.476643
ORD-20260621-284692,2026-06-21T20:21:00.476643,ZAF-SHZ-001,CUST-10421,delivery,"[{""item_id"": ""ITEM-104"", ""name"": ""Dolme Barg"", ""category"": ""Starter"", ""quantity"": 2, ""unit_price"": 110000, ""subtotal"": 220000}, {""item_id"": ""ITEM-304"", ""name"": ""Fesenjan"", ""category"": ""Main Course"", ""quantity"": 3, ""unit_price"": 271000, ""subtotal"": 813000}, {""item_id"": ""ITEM-302"", ""name"": ""Joojeh Kabab"", ""category"": ""Main Course"", ""quantity"": 1, ""unit_price"": 257000, ""subtotal"": 257000}, {""item_id"": ""ITEM-501"", ""name"": ""Bastani Sonnati"", ""category"": ""Dessert"", ""quantity"": 2, ""unit_price"": 73000, ""subtotal"": 146000}]",1436000.0,wallet,completed,2026-06-21T20:21:00.476643
ORD-20260622-687360,2026-06-22T18:13:41.476643,ZAF-MSH-001,CUST-10233,delivery,"[{""item_id"": ""ITEM-302"", ""name"": ""Joojeh Kabab"", ""category"": ""Main Course"", ""quantity"": 1, ""unit_price"": 264000, ""subtotal"": 264000}, {""item_id"": ""ITEM-603"", ""name"": ""Persian Tea (Chai)"", ""category"": ""Beverage"", ""quantity"": 2, ""unit_price"": 24000, ""subtotal"": 48000}, {""item_id"": ""ITEM-102"", ""name"": ""Kashke Bademjan"", ""category"": ""Starter"", ""quantity"": 2, ""unit_price"": 95000, ""subtotal"": 190000}]",502000.0,wallet,completed,2026-06-22T18:13:41.476643
ORD-20260622-359409,2026-06-22T21:06:57.476643,ZAF-ISF-001,CUST-10248,delivery,"[{""item_id"": ""ITEM-401"", ""name"": ""Sangak Bread"", ""category"": ""Bread"", ""quantity"": 2, ""unit_price"": 25000, ""subtotal"": 50000}, {""item_id"": ""ITEM-103"", ""name"": ""Mirza Ghasemi"", ""category"": ""Starter"", ""quantity"": 3, ""unit_price"": 87000, ""subtotal"": 261000}, {""item_id"": ""ITEM-201"", ""name"": ""Kuku Sabzi"", ""category"": ""Main Course"", ""quantity"": 3, ""unit_price"": 122000, ""subtotal"": 366000}, {""item_id"": ""ITEM-202"", ""name"": ""Adas Polo"", ""category"": ""Main Course"", ""quantity"": 1, ""unit_price"": 131000, ""subtotal"": 131000}, {""item_id"": ""ITEM-307"", ""name"": ""Abgoosht (Dizi)"", ""category"": ""Main Course"", ""quantity"": 1, ""unit_price"": 202000, ""subtotal"": 202000}]",1010000.0,card,completed,2026-06-22T21:06:57.476643
ORD-20260622-536801,2026-06-22T22:50:51.476643,ZAF-MSH-001,CUST-10147,delivery,"[{""item_id"": ""ITEM-303"", ""name"": ""Ghormeh Sabzi"", ""category"": ""Main Course"", ""quantity"": 2, ""unit_price"": 243000, ""subtotal"": 486000}]",486000.0,card,delivered,2026-06-22T22:50:51.476643
ORD-20260623-535050,2026-06-23T12:53:27.476643,ZAF-THR-001,CUST-10484,dine_in,"[{""item_id"": ""ITEM-603"", ""name"": ""Persian Tea (Chai)"", ""category"": ""Beverage"", ""quantity"": 2, ""unit_price"": 24000, ""subtotal"": 48000}, {""item_id"": ""ITEM-305"", ""name"": ""Zereshk Polo ba Morgh"", ""category"": ""Main Course"", ""quantity"": 1, ""unit_price"": 233000, ""subtotal"": 233000}]",281000.0,card,completed,2026-06-23T12:53:27.476643
ORD-20260623-254511,2026-06-23T20:40:39.476643,ZAF-ISF-001,CUST-10047,dine_in,"[{""item_id"": ""ITEM-502"", ""name"": ""Faloodeh Shirazi"", ""category"": ""Dessert"", ""quantity"": 1, ""unit_price"": 65000, ""subtotal"": 65000}, {""item_id"": ""ITEM-205"", ""name"": ""Baghali Polo"", ""category"": ""Main Course"", ""quantity"": 1, ""unit_price"": 118000, ""subtotal"": 118000}]",183000.0,cash,delivered,2026-06-23T20:40:39.476643
ORD-20260624-578933,2026-06-24T10:25:04.476643,ZAF-SHZ-001,CUST-10443,dine_in,"[{""item_id"": ""ITEM-601"", ""name"": ""Doogh"", ""category"": ""Beverage"", ""quantity"": 2, ""unit_price"": 35000, ""subtotal"": 70000}, {""item_id"": ""ITEM-604"", ""name"": ""Sharbat-e Ablimoo"", ""category"": ""Beverage"", ""quantity"": 1, ""unit_price"": 37000, ""subtotal"": 37000}, {""item_id"": ""ITEM-205"", ""name"": ""Baghali Polo"", ""category"": ""Main Course"", ""quantity"": 3, ""unit_price"": 114000, ""subtotal"": 342000}]",449000.0,card,delivered,2026-06-24T10:25:04.476643
ORD-20260624-861411,2026-06-24T10:47:45.476643,ZAF-THR-001,CUST-10470,delivery,"[{""item_id"": ""ITEM-401"", ""name"": ""Sangak Bread"", ""category"": ""Bread"", ""quantity"": 2, ""unit_price"": 25000, ""subtotal"": 50000}]",50000.0,wallet,completed,2026-06-24T10:47:45.476643
ORD-20260624-801200,2026-06-24T11:33:56.476643,ZAF-TBZ-001,CUST-10045,dine_in,"[{""item_id"": ""ITEM-306"", ""name"": ""Tahchin Morgh"", ""category"": ""Main Course"", ""quantity"": 3, ""unit_price"": 229000, ""subtotal"": 687000}, {""item_id"": ""ITEM-501"", ""name"": ""Bastani Sonnati"", ""category"": ""Dessert"", ""quantity"": 3, ""unit_price"": 78000, ""subtotal"": 234000}]",921000.0,wallet,completed,2026-06-24T11:33:56.476643
ORD-20260624-170825,2026-06-24T15:37:12.476643,ZAF-THR-001,CUST-10052,delivery,"[{""item_id"": ""ITEM-403"", ""name"": ""Lavash Bread"", ""category"": ""Bread"", ""quantity"": 3, ""unit_price"": 14000, ""subtotal"": 42000}]",42000.0,cash,delivered,2026-06-24T15:37:12.476643
ORD-20260624-832168,2026-06-24T15:39:48.476643,ZAF-SHZ-001,CUST-10320,takeaway,"[{""item_id"": ""ITEM-601"", ""name"": ""Doogh"", ""category"": ""Beverage"", ""quantity"": 3, ""unit_price"": 35000, ""subtotal"": 105000}, {""item_id"": ""ITEM-102"", ""name"": ""Kashke Bademjan"", ""category"": ""Starter"", ""quantity"": 1, ""unit_price"": 92000, ""subtotal"": 92000}, {""item_id"": ""ITEM-202"", ""name"": ""Adas Polo"", ""category"": ""Main Course"", ""quantity"": 2, ""unit_price"": 125000, ""subtotal"": 250000}, {""item_id"": ""ITEM-204"", ""name"": ""Sabzi Polo"", ""category"": ""Main Course"", ""quantity"": 2, ""unit_price"": 98000, ""subtotal"": 196000}]",643000.0,cash,delivered,2026-06-24T15:39:48.476643
ORD-20260624-522979,2026-06-24T15:52:03.476643,ZAF-TBZ-001,CUST-10405,dine_in,"[{""item_id"": ""ITEM-103"", ""name"": ""Mirza Ghasemi"", ""category"": ""Starter"", ""quantity"": 3, ""unit_price"": 94000, ""subtotal"": 282000}, {""item_id"": ""ITEM-205"", ""name"": ""Baghali Polo"", ""category"": ""Main Course"", ""quantity"": 3, ""unit_price"": 115000, ""subtotal"": 345000}]",627000.0,wallet,delivered,2026-06-24T15:52:03.476643
ORD-20260624-319765,2026-06-24T19:50:35.476643,ZAF-SHZ-001,CUST-10369,takeaway,"[{""item_id"": ""ITEM-301"", ""name"": ""Chelo Kabab Koobideh"", ""category"": ""Main Course"", ""quantity"": 1, ""unit_price"": 273000, ""subtotal"": 273000}, {""item_id"": ""ITEM-602"", ""name"": ""Sharbat-e Sekanjebin"", ""category"": ""Beverage"", ""quantity"": 2, ""unit_price"": 42000, ""subtotal"": 84000}, {""item_id"": ""ITEM-103"", ""name"": ""Mirza Ghasemi"", ""category"": ""Starter"", ""quantity"": 3, ""unit_price"": 94000, ""subtotal"": 282000}, {""item_id"": ""ITEM-604"", ""name"": ""Sharbat-e Ablimoo"", ""category"": ""Beverage"", ""quantity"": 2, ""unit_price"": 37000, ""subtotal"": 74000}]",713000.0,card,delivered,2026-06-24T19:50:35.476643
ORD-20260625-123572,2026-06-25T11:00:19.476643,ZAF-THR-001,CUST-10351,delivery,"[{""item_id"": ""ITEM-604"", ""name"": ""Sharbat-e Ablimoo"", ""category"": ""Beverage"", ""quantity"": 1, ""unit_price"": 36000, ""subtotal"": 36000}, {""item_id"": ""ITEM-103"", ""name"": ""Mirza Ghasemi"", ""category"": ""Starter"", ""quantity"": 3, ""unit_price"": 88000, ""subtotal"": 264000}, {""item_id"": ""ITEM-301"", ""name"": ""Chelo Kabab Koobideh"", ""category"": ""Main Course"", ""quantity"": 3, ""unit_price"": 277000, ""subtotal"": 831000}, {""item_id"": ""ITEM-305"", ""name"": ""Zereshk Polo ba Morgh"", ""category"": ""Main Course"", ""quantity"": 3, ""unit_price"": 233000, ""subtotal"": 699000}, {""item_id"": ""ITEM-102"", ""name"": ""Kashke Bademjan"", ""category"": ""Starter"", ""quantity"": 2, ""unit_price"": 90000, ""subtotal"": 180000}]",2010000.0,card,delivered,2026-06-25T11:00:19.476643
ORD-20260625-704106,2026-06-25T16:23:55.476643,ZAF-THR-001,CUST-10357,dine_in,"[{""item_id"": ""ITEM-304"", ""name"": ""Fesenjan"", ""category"": ""Main Course"", ""quantity"": 2, ""unit_price"": 262000, ""subtotal"": 524000}, {""item_id"": ""ITEM-203"", ""name"": ""Ash Reshteh"", ""category"": ""Main Course"", ""quantity"": 2, ""unit_price"": 101000, ""subtotal"": 202000}, {""item_id"": ""ITEM-602"", ""name"": ""Sharbat-e Sekanjebin"", ""category"": ""Beverage"", ""quantity"": 3, ""unit_price"": 39000, ""subtotal"": 117000}, {""item_id"": ""ITEM-306"", ""name"": ""Tahchin Morgh"", ""category"": ""Main Course"", ""quantity"": 3, ""unit_price"": 221000, ""subtotal"": 663000}, {""item_id"": ""ITEM-601"", ""name"": ""Doogh"", ""category"": ""Beverage"", ""quantity"": 3, ""unit_price"": 37000, ""subtotal"": 111000}]",1617000.0,card,delivered,2026-06-25T16:23:55.476643
ORD-20260625-710981,2026-06-25T17:58:55.476643,ZAF-THR-001,CUST-10402,dine_in,"[{""item_id"": ""ITEM-402"", ""name"": ""Barbari Bread"", ""category"": ""Bread"", ""quantity"": 2, ""unit_price"": 23000, ""subtotal"": 46000}, {""item_id"": ""ITEM-307"", ""name"": ""Abgoosht (Dizi)"", ""category"": ""Main Course"", ""quantity"": 1, ""unit_price"": 190000, ""subtotal"": 190000}, {""item_id"": ""ITEM-602"", ""name"": ""Sharbat-e Sekanjebin"", ""category"": ""Beverage"", ""quantity"": 1, ""unit_price"": 39000, ""subtotal"": 39000}, {""item_id"": ""ITEM-304"", ""name"": ""Fesenjan"", ""category"": ""Main Course"", ""quantity"": 3, ""unit_price"": 262000, ""subtotal"": 786000}, {""item_id"": ""ITEM-104"", ""name"": ""Dolme Barg"", ""category"": ""Starter"", ""quantity"": 3, ""unit_price"": 107000, ""subtotal"": 321000}]",1382000.0,cash,delivered,2026-06-25T17:58:55.476643
ORD-20260625-371256,2026-06-25T18:18:13.476643,ZAF-THR-001,CUST-10261,dine_in,"[{""item_id"": ""ITEM-205"", ""name"": ""Baghali Polo"", ""category"": ""Main Course"", ""quantity"": 1, ""unit_price"": 110000, ""subtotal"": 110000}, {""item_id"": ""ITEM-307"", ""name"": ""Abgoosht (Dizi)"", ""category"": ""Main Course"", ""quantity"": 1, ""unit_price"": 190000, ""subtotal"": 190000}, {""item_id"": ""ITEM-301"", ""name"": ""Chelo Kabab Koobideh"", ""category"": ""Main Course"", ""quantity"": 1, ""unit_price"": 277000, ""subtotal"": 277000}, {""item_id"": ""ITEM-601"", ""name"": ""Doogh"", ""category"": ""Beverage"", ""quantity"": 3, ""unit_price"": 37000, ""subtotal"": 111000}, {""item_id"": ""ITEM-501"", ""name"": ""Bastani Sonnati"", ""category"": ""Dessert"", ""quantity"": 3, ""unit_price"": 77000, ""subtotal"": 231000}]",919000.0,card,completed,2026-06-25T18:18:13.476643
ORD-20260625-935527,2026-06-25T19:50:54.476643,ZAF-MSH-001,CUST-10258,dine_in,"[{""item_id"": ""ITEM-105"", ""name"": ""Salad Shirazi"", ""category"": ""Starter"", ""quantity"": 2, ""unit_price"": 55000, ""subtotal"": 110000}]",110000.0,card,completed,2026-06-25T19:50:54.476643
ORD-20260625-302957,2026-06-25T21:40:31.476643,ZAF-SHZ-001,CUST-10413,dine_in,"[{""item_id"": ""ITEM-403"", ""name"": ""Lavash Bread"", ""category"": ""Bread"", ""quantity"": 3, ""unit_price"": 15000, ""subtotal"": 45000}, {""item_id"": ""ITEM-203"", ""name"": ""Ash Reshteh"", ""category"": ""Main Course"", ""quantity"": 2, ""unit_price"": 106000, ""subtotal"": 212000}]",257000.0,cash,delivered,2026-06-25T21:40:31.476643
ORD-20260625-488796,2026-06-25T22:00:24.476643,ZAF-TBZ-001,CUST-10266,delivery,"[{""item_id"": ""ITEM-306"", ""name"": ""Tahchin Morgh"", ""category"": ""Main Course"", ""quantity"": 3, ""unit_price"": 229000, ""subtotal"": 687000}, {""item_id"": ""ITEM-601"", ""name"": ""Doogh"", ""category"": ""Beverage"", ""quantity"": 2, ""unit_price"": 33000, ""subtotal"": 66000}, {""item_id"": ""ITEM-301"", ""name"": ""Chelo Kabab Koobideh"", ""category"": ""Main Course"", ""quantity"": 2, ""unit_price"": 293000, ""subtotal"": 586000}]",1339000.0,card,completed,2026-06-25T22:00:24.476643
ORD-20260626-121722,2026-06-26T12:46:48.476643,ZAF-THR-001,CUST-10308,dine_in,"[{""item_id"": ""ITEM-303"", ""name"": ""Ghormeh Sabzi"", ""category"": ""Main Course"", ""quantity"": 2, ""unit_price"": 233000, ""subtotal"": 466000}]",466000.0,cash,delivered,2026-06-26T12:46:48.476643
ORD-20260626-990598,2026-06-26T15:44:26.476643,ZAF-SHZ-001,CUST-10076,dine_in,"[{""item_id"": ""ITEM-303"", ""name"": ""Ghormeh Sabzi"", ""category"": ""Main Course"", ""quantity"": 3, ""unit_price"": 257000, ""subtotal"": 771000}, {""item_id"": ""ITEM-201"", ""name"": ""Kuku Sabzi"", ""category"": ""Main Course"", ""quantity"": 2, ""unit_price"": 115000, ""subtotal"": 230000}, {""item_id"": ""ITEM-601"", ""name"": ""Doogh"", ""category"": ""Beverage"", ""quantity"": 1, ""unit_price"": 35000, ""subtotal"": 35000}]",1036000.0,card,delivered,2026-06-26T15:44:26.476643
ORD-20260626-739711,2026-06-26T16:20:11.476643,ZAF-SHZ-001,CUST-10467,takeaway,"[{""item_id"": ""ITEM-301"", ""name"": ""Chelo Kabab Koobideh"", ""category"": ""Main Course"", ""quantity"": 3, ""unit_price"": 273000, ""subtotal"": 819000}, {""item_id"": ""ITEM-401"", ""name"": ""Sangak Bread"", ""category"": ""Bread"", ""quantity"": 3, ""unit_price"": 26000, ""subtotal"": 78000}, {""item_id"": ""ITEM-302"", ""name"": ""Joojeh Kabab"", ""category"": ""Main Course"", ""quantity"": 3, ""unit_price"": 257000, ""subtotal"": 771000}, {""item_id"": ""ITEM-502"", ""name"": ""Faloodeh Shirazi"", ""category"": ""Dessert"", ""quantity"": 3, ""unit_price"": 66000, ""subtotal"": 198000}, {""item_id"": ""ITEM-601"", ""name"": ""Doogh"", ""category"": ""Beverage"", ""quantity"": 2, ""unit_price"": 35000, ""subtotal"": 70000}]",1936000.0,cash,delivered,2026-06-26T16:20:11.476643
ORD-20260626-588461,2026-06-26T16:49:26.476643,ZAF-TBZ-001,CUST-10037,delivery,"[{""item_id"": ""ITEM-301"", ""name"": ""Chelo Kabab Koobideh"", ""category"": ""Main Course"", ""quantity"": 1, ""unit_price"": 293000, ""subtotal"": 293000}, {""item_id"": ""ITEM-501"", ""name"": ""Bastani Sonnati"", ""category"": ""Dessert"", ""quantity"": 2, ""unit_price"": 78000, ""subtotal"": 156000}]",449000.0,wallet,completed,2026-06-26T16:49:26.476643
ORD-20260626-154909,2026-06-26T18:39:10.476643,ZAF-ISF-001,CUST-10190,delivery,"[{""item_id"": ""ITEM-303"", ""name"": ""Ghormeh Sabzi"", ""category"": ""Main Course"", ""quantity"": 2, ""unit_price"": 240000, ""subtotal"": 480000}, {""item_id"": ""ITEM-304"", ""name"": ""Fesenjan"", ""category"": ""Main Course"", ""quantity"": 3, ""unit_price"": 264000, ""subtotal"": 792000}, {""item_id"": ""ITEM-601"", ""name"": ""Doogh"", ""category"": ""Beverage"", ""quantity"": 3, ""unit_price"": 35000, ""subtotal"": 105000}]",1377000.0,wallet,completed,2026-06-26T18:39:10.476643
ORD-20260626-108105,2026-06-26T20:19:02.476643,ZAF-THR-002,CUST-10202,takeaway,"[{""item_id"": ""ITEM-102"", ""name"": ""Kashke Bademjan"", ""category"": ""Starter"", ""quantity"": 1, ""unit_price"": 96000, ""subtotal"": 96000}, {""item_id"": ""ITEM-101"", ""name"": ""Mast-o Khiar"", ""category"": ""Starter"", ""quantity"": 2, ""unit_price"": 67000, ""subtotal"": 134000}, {""item_id"": ""ITEM-202"", ""name"": ""Adas Polo"", ""category"": ""Main Course"", ""quantity"": 2, ""unit_price"": 128000, ""subtotal"": 256000}, {""item_id"": ""ITEM-205"", ""name"": ""Baghali Polo"", ""category"": ""Main Course"", ""quantity"": 2, ""unit_price"": 116000, ""subtotal"": 232000}, {""item_id"": ""ITEM-601"", ""name"": ""Doogh"", ""category"": ""Beverage"", ""quantity"": 1, ""unit_price"": 34000, ""subtotal"": 34000}]",752000.0,wallet,completed,2026-06-26T20:19:02.476643
ORD-20260626-483551,2026-06-26T20:40:34.476643,ZAF-ISF-001,CUST-10465,takeaway,"[{""item_id"": ""ITEM-306"", ""name"": ""Tahchin Morgh"", ""category"": ""Main Course"", ""quantity"": 1, ""unit_price"": 230000, ""subtotal"": 230000}, {""item_id"": ""ITEM-401"", ""name"": ""Sangak Bread"", ""category"": ""Bread"", ""quantity"": 2, ""unit_price"": 25000, ""subtotal"": 50000}, {""item_id"": ""ITEM-203"", ""name"": ""Ash Reshteh"", ""category"": ""Main Course"", ""quantity"": 2, ""unit_price"": 107000, ""subtotal"": 214000}]",494000.0,card,delivered,2026-06-26T20:40:34.476643
ORD-20260626-237148,2026-06-26T22:39:56.476643,ZAF-SHZ-001,CUST-10449,dine_in,"[{""item_id"": ""ITEM-104"", ""name"": ""Dolme Barg"", ""category"": ""Starter"", ""quantity"": 1, ""unit_price"": 110000, ""subtotal"": 110000}]",110000.0,cash,completed,2026-06-26T22:39:56.476643
ORD-20260627-318217,2026-06-27T11:39:23.476643,ZAF-TBZ-001,CUST-10259,takeaway,"[{""item_id"": ""ITEM-305"", ""name"": ""Zereshk Polo ba Morgh"", ""category"": ""Main Course"", ""quantity"": 3, ""unit_price"": 219000, ""subtotal"": 657000}, {""item_id"": ""ITEM-601"", ""name"": ""Doogh"", ""category"": ""Beverage"", ""quantity"": 3, ""unit_price"": 33000, ""subtotal"": 99000}]",756000.0,cash,delivered,2026-06-27T11:39:23.476643
ORD-20260627-342716,2026-06-27T13:26:31.476643,ZAF-THR-001,CUST-10497,delivery,"[{""item_id"": ""ITEM-503"", ""name"": ""Sholeh Zard"", ""category"": ""Dessert"", ""quantity"": 1, ""unit_price"": 54000, ""subtotal"": 54000}, {""item_id"": ""ITEM-204"", ""name"": ""Sabzi Polo"", ""category"": ""Main Course"", ""quantity"": 1, ""unit_price"": 94000, ""subtotal"": 94000}]",148000.0,card,completed,2026-06-27T13:26:31.476643
ORD-20260627-816318,2026-06-27T16:36:43.476643,ZAF-THR-002,CUST-10087,dine_in,"[{""item_id"": ""ITEM-103"", ""name"": ""Mirza Ghasemi"", ""category"": ""Starter"", ""quantity"": 2, ""unit_price"": 93000, ""subtotal"": 186000}, {""item_id"": ""ITEM-403"", ""name"": ""Lavash Bread"", ""category"": ""Bread"", ""quantity"": 3, ""unit_price"": 15000, ""subtotal"": 45000}]",231000.0,card,delivered,2026-06-27T16:36:43.476643
ORD-20260627-492491,2026-06-27T18:57:09.476643,ZAF-SHZ-001,CUST-10063,takeaway,"[{""item_id"": ""ITEM-101"", ""name"": ""Mast-o Khiar"", ""category"": ""Starter"", ""quantity"": 2, ""unit_price"": 64000, ""subtotal"": 128000}, {""item_id"": ""ITEM-105"", ""name"": ""Salad Shirazi"", ""category"": ""Starter"", ""quantity"": 1, ""unit_price"": 53000, ""subtotal"": 53000}, {""item_id"": ""ITEM-601"", ""name"": ""Doogh"", ""category"": ""Beverage"", ""quantity"": 2, ""unit_price"": 35000, ""subtotal"": 70000}, {""item_id"": ""ITEM-502"", ""name"": ""Faloodeh Shirazi"", ""category"": ""Dessert"", ""quantity"": 2, ""unit_price"": 66000, ""subtotal"": 132000}]",383000.0,card,completed,2026-06-27T18:57:09.476643
ORD-20260627-383457,2026-06-27T20:02:06.476643,ZAF-TBZ-001,CUST-10326,takeaway,"[{""item_id"": ""ITEM-604"", ""name"": ""Sharbat-e Ablimoo"", ""category"": ""Beverage"", ""quantity"": 3, ""unit_price"": 37000, ""subtotal"": 111000}, {""item_id"": ""ITEM-304"", ""name"": ""Fesenjan"", ""category"": ""Main Course"", ""quantity"": 2, ""unit_price"": 265000, ""subtotal"": 530000}, {""item_id"": ""ITEM-403"", ""name"": ""Lavash Bread"", ""category"": ""Bread"", ""quantity"": 2, ""unit_price"": 14000, ""subtotal"": 28000}]",669000.0,cash,completed,2026-06-27T20:02:06.476643
ORD-20260627-630041,2026-06-27T21:23:04.476643,ZAF-TBZ-001,CUST-10057,dine_in,"[{""item_id"": ""ITEM-603"", ""name"": ""Persian Tea (Chai)"", ""category"": ""Beverage"", ""quantity"": 3, ""unit_price"": 26000, ""subtotal"": 78000}]",78000.0,wallet,delivered,2026-06-27T21:23:04.476643
ORD-20260628-242175,2026-06-28T14:38:34.476643,ZAF-THR-002,CUST-10165,takeaway,"[{""item_id"": ""ITEM-205"", ""name"": ""Baghali Polo"", ""category"": ""Main Course"", ""quantity"": 3, ""unit_price"": 116000, ""subtotal"": 348000}, {""item_id"": ""ITEM-402"", ""name"": ""Barbari Bread"", ""category"": ""Bread"", ""quantity"": 3, ""unit_price"": 21000, ""subtotal"": 63000}, {""item_id"": ""ITEM-204"", ""name"": ""Sabzi Polo"", ""category"": ""Main Course"", ""quantity"": 1, ""unit_price"": 98000, ""subtotal"": 98000}]",509000.0,cash,completed,2026-06-28T14:38:34.476643
ORD-20260628-948799,2026-06-28T16:52:14.476643,ZAF-THR-002,CUST-10235,delivery,"[{""item_id"": ""ITEM-105"", ""name"": ""Salad Shirazi"", ""category"": ""Starter"", ""quantity"": 3, ""unit_price"": 55000, ""subtotal"": 165000}, {""item_id"": ""ITEM-204"", ""name"": ""Sabzi Polo"", ""category"": ""Main Course"", ""quantity"": 1, ""unit_price"": 98000, ""subtotal"": 98000}, {""item_id"": ""ITEM-202"", ""name"": ""Adas Polo"", ""category"": ""Main Course"", ""quantity"": 1, ""unit_price"": 128000, ""subtotal"": 128000}]",391000.0,card,delivered,2026-06-28T16:52:14.476643
ORD-20260628-532007,2026-06-28T19:22:52.476643,ZAF-THR-002,CUST-10006,takeaway,"[{""item_id"": ""ITEM-307"", ""name"": ""Abgoosht (Dizi)"", ""category"": ""Main Course"", ""quantity"": 2, ""unit_price"": 187000, ""subtotal"": 374000}, {""item_id"": ""ITEM-205"", ""name"": ""Baghali Polo"", ""category"": ""Main Course"", ""quantity"": 2, ""unit_price"": 116000, ""subtotal"": 232000}]",606000.0,cash,delivered,2026-06-28T19:22:52.476643
ORD-20260628-551504,2026-06-28T19:28:59.476643,ZAF-ISF-001,CUST-10462,delivery,"[{""item_id"": ""ITEM-401"", ""name"": ""Sangak Bread"", ""category"": ""Bread"", ""quantity"": 2, ""unit_price"": 25000, ""subtotal"": 50000}, {""item_id"": ""ITEM-301"", ""name"": ""Chelo Kabab Koobideh"", ""category"": ""Main Course"", ""quantity"": 2, ""unit_price"": 277000, ""subtotal"": 554000}, {""item_id"": ""ITEM-604"", ""name"": ""Sharbat-e Ablimoo"", ""category"": ""Beverage"", ""quantity"": 3, ""unit_price"": 40000, ""subtotal"": 120000}]",724000.0,card,delivered,2026-06-28T19:28:59.476643
ORD-20260629-838797,2026-06-29T11:59:24.476643,ZAF-THR-001,CUST-10282,dine_in,"[{""item_id"": ""ITEM-603"", ""name"": ""Persian Tea (Chai)"", ""category"": ""Beverage"", ""quantity"": 2, ""unit_price"": 24000, ""subtotal"": 48000}, {""item_id"": ""ITEM-501"", ""name"": ""Bastani Sonnati"", ""category"": ""Dessert"", ""quantity"": 3, ""unit_price"": 77000, ""subtotal"": 231000}, {""item_id"": ""ITEM-403"", ""name"": ""Lavash Bread"", ""category"": ""Bread"", ""quantity"": 1, ""unit_price"": 14000, ""subtotal"": 14000}]",293000.0,cash,delivered,2026-06-29T11:59:24.476643
ORD-20260629-832697,2026-06-29T13:13:34.476643,ZAF-TBZ-001,CUST-10384,delivery,"[{""item_id"": ""ITEM-401"", ""name"": ""Sangak Bread"", ""category"": ""Bread"", ""quantity"": 3, ""unit_price"": 26000, ""subtotal"": 78000}, {""item_id"": ""ITEM-306"", ""name"": ""Tahchin Morgh"", ""category"": ""Main Course"", ""quantity"": 1, ""unit_price"": 229000, ""subtotal"": 229000}, {""item_id"": ""ITEM-403"", ""name"": ""Lavash Bread"", ""category"": ""Bread"", ""quantity"": 3, ""unit_price"": 14000, ""subtotal"": 42000}]",349000.0,cash,completed,2026-06-29T13:13:34.476643
ORD-20260629-974244,2026-06-29T13:32:16.476643,ZAF-THR-002,CUST-10477,delivery,"[{""item_id"": ""ITEM-103"", ""name"": ""Mirza Ghasemi"", ""category"": ""Starter"", ""quantity"": 2, ""unit_price"": 93000, ""subtotal"": 186000}, {""item_id"": ""ITEM-203"", ""name"": ""Ash Reshteh"", ""category"": ""Main Course"", ""quantity"": 1, ""unit_price"": 106000, ""subtotal"": 106000}, {""item_id"": ""ITEM-302"", ""name"": ""Joojeh Kabab"", ""category"": ""Main Course"", ""quantity"": 2, ""unit_price"": 262000, ""subtotal"": 524000}]",816000.0,wallet,completed,2026-06-29T13:32:16.476643
ORD-20260629-123316,2026-06-29T15:02:29.476643,ZAF-MSH-001,CUST-10442,takeaway,"[{""item_id"": ""ITEM-402"", ""name"": ""Barbari Bread"", ""category"": ""Bread"", ""quantity"": 1, ""unit_price"": 21000, ""subtotal"": 21000}, {""item_id"": ""ITEM-307"", ""name"": ""Abgoosht (Dizi)"", ""category"": ""Main Course"", ""quantity"": 3, ""unit_price"": 192000, ""subtotal"": 576000}, {""item_id"": ""ITEM-304"", ""name"": ""Fesenjan"", ""category"": ""Main Course"", ""quantity"": 2, ""unit_price"": 270000, ""subtotal"": 540000}, {""item_id"": ""ITEM-204"", ""name"": ""Sabzi Polo"", ""category"": ""Main Course"", ""quantity"": 3, ""unit_price"": 92000, ""subtotal"": 276000}]",1413000.0,card,completed,2026-06-29T15:02:29.476643
ORD-20260629-558737,2026-06-29T15:25:37.476643,ZAF-MSH-001,CUST-10390,delivery,"[{""item_id"": ""ITEM-205"", ""name"": ""Baghali Polo"", ""category"": ""Main Course"", ""quantity"": 3, ""unit_price"": 113000, ""subtotal"": 339000}]",339000.0,cash,delivered,2026-06-29T15:25:37.476643
ORD-20260629-412856,2026-06-29T16:33:08.476643,ZAF-MSH-001,CUST-10114,takeaway,"[{""item_id"": ""ITEM-601"", ""name"": ""Doogh"", ""category"": ""Beverage"", ""quantity"": 1, ""unit_price"": 36000, ""subtotal"": 36000}]",36000.0,wallet,completed,2026-06-29T16:33:08.476643
ORD-20260629-995420,2026-06-29T20:55:59.476643,ZAF-SHZ-001,CUST-10293,delivery,"[{""item_id"": ""ITEM-306"", ""name"": ""Tahchin Morgh"", ""category"": ""Main Course"", ""quantity"": 1, ""unit_price"": 228000, ""subtotal"": 228000}, {""item_id"": ""ITEM-205"", ""name"": ""Baghali Polo"", ""category"": ""Main Course"", ""quantity"": 2, ""unit_price"": 114000, ""subtotal"": 228000}]",456000.0,cash,delivered,2026-06-29T20:55:59.476643
ORD-20260630-475644,2026-06-30T14:51:11.476643,ZAF-THR-001,CUST-10338,dine_in,"[{""item_id"": ""ITEM-105"", ""name"": ""Salad Shirazi"", ""category"": ""Starter"", ""quantity"": 1, ""unit_price"": 56000, ""subtotal"": 56000}]",56000.0,wallet,completed,2026-06-30T14:51:11.476643
ORD-20260630-375581,2026-06-30T22:02:48.476643,ZAF-MSH-001,CUST-10225,takeaway,"[{""item_id"": ""ITEM-202"", ""name"": ""Adas Polo"", ""category"": ""Main Course"", ""quantity"": 3, ""unit_price"": 131000, ""subtotal"": 393000}, {""item_id"": ""ITEM-304"", ""name"": ""Fesenjan"", ""category"": ""Main Course"", ""quantity"": 1, ""unit_price"": 270000, ""subtotal"": 270000}, {""item_id"": ""ITEM-104"", ""name"": ""Dolme Barg"", ""category"": ""Starter"", ""quantity"": 2, ""unit_price"": 114000, ""subtotal"": 228000}, {""item_id"": ""ITEM-504"", ""name"": ""Zoolbia Bamieh"", ""category"": ""Dessert"", ""quantity"": 1, ""unit_price"": 62000, ""subtotal"": 62000}, {""item_id"": ""ITEM-603"", ""name"": ""Persian Tea (Chai)"", ""category"": ""Beverage"", ""quantity"": 2, ""unit_price"": 24000, ""subtotal"": 48000}]",1001000.0,cash,completed,2026-06-30T22:02:48.476643
ORD-20260630-160738,2026-06-30T22:59:33.476643,ZAF-THR-001,CUST-10306,dine_in,"[{""item_id"": ""ITEM-306"", ""name"": ""Tahchin Morgh"", ""category"": ""Main Course"", ""quantity"": 2, ""unit_price"": 221000, ""subtotal"": 442000}, {""item_id"": ""ITEM-101"", ""name"": ""Mast-o Khiar"", ""category"": ""Starter"", ""quantity"": 2, ""unit_price"": 66000, ""subtotal"": 132000}, {""item_id"": ""ITEM-104"", ""name"": ""Dolme Barg"", ""category"": ""Starter"", ""quantity"": 1, ""unit_price"": 107000, ""subtotal"": 107000}]",681000.0,wallet,delivered,2026-06-30T22:59:33.476643
ORD-20260701-407835,2026-07-01T18:25:05.476643,ZAF-ISF-001,CUST-10113,dine_in,"[{""item_id"": ""ITEM-502"", ""name"": ""Faloodeh Shirazi"", ""category"": ""Dessert"", ""quantity"": 2, ""unit_price"": 65000, ""subtotal"": 130000}, {""item_id"": ""ITEM-301"", ""name"": ""Chelo Kabab Koobideh"", ""category"": ""Main Course"", ""quantity"": 2, ""unit_price"": 277000, ""subtotal"": 554000}]",684000.0,wallet,completed,2026-07-01T18:25:05.476643
ORD-20260701-180674,2026-07-01T19:42:02.476643,ZAF-THR-002,CUST-10475,takeaway,"[{""item_id"": ""ITEM-101"", ""name"": ""Mast-o Khiar"", ""category"": ""Starter"", ""quantity"": 1, ""unit_price"": 67000, ""subtotal"": 67000}, {""item_id"": ""ITEM-202"", ""name"": ""Adas Polo"", ""category"": ""Main Course"", ""quantity"": 3, ""unit_price"": 128000, ""subtotal"": 384000}, {""item_id"": ""ITEM-402"", ""name"": ""Barbari Bread"", ""category"": ""Bread"", ""quantity"": 2, ""unit_price"": 21000, ""subtotal"": 42000}]",493000.0,cash,delivered,2026-07-01T19:42:02.476643
ORD-20260702-307007,2026-07-02T17:41:35.476643,ZAF-THR-001,CUST-10148,delivery,"[{""item_id"": ""ITEM-204"", ""name"": ""Sabzi Polo"", ""category"": ""Main Course"", ""quantity"": 1, ""unit_price"": 94000, ""subtotal"": 94000}]",94000.0,wallet,completed,2026-07-02T17:41:35.476643
ORD-20260702-347428,2026-07-02T18:07:16.476643,ZAF-SHZ-001,CUST-10326,delivery,"[{""item_id"": ""ITEM-202"", ""name"": ""Adas Polo"", ""category"": ""Main Course"", ""quantity"": 3, ""unit_price"": 125000, ""subtotal"": 375000}, {""item_id"": ""ITEM-302"", ""name"": ""Joojeh Kabab"", ""category"": ""Main Course"", ""quantity"": 1, ""unit_price"": 257000, ""subtotal"": 257000}, {""item_id"": ""ITEM-102"", ""name"": ""Kashke Bademjan"", ""category"": ""Starter"", ""quantity"": 1, ""unit_price"": 92000, ""subtotal"": 92000}]",724000.0,card,completed,2026-07-02T18:07:16.476643
ORD-20260702-621533,2026-07-02T20:24:25.476643,ZAF-THR-002,CUST-10040,delivery,"[{""item_id"": ""ITEM-305"", ""name"": ""Zereshk Polo ba Morgh"", ""category"": ""Main Course"", ""quantity"": 2, ""unit_price"": 224000, ""subtotal"": 448000}, {""item_id"": ""ITEM-602"", ""name"": ""Sharbat-e Sekanjebin"", ""category"": ""Beverage"", ""quantity"": 2, ""unit_price"": 42000, ""subtotal"": 84000}, {""item_id"": ""ITEM-402"", ""name"": ""Barbari Bread"", ""category"": ""Bread"", ""quantity"": 2, ""unit_price"": 21000, ""subtotal"": 42000}, {""item_id"": ""ITEM-103"", ""name"": ""Mirza Ghasemi"", ""category"": ""Starter"", ""quantity"": 1, ""unit_price"": 93000, ""subtotal"": 93000}]",667000.0,wallet,delivered,2026-07-02T20:24:25.476643
ORD-20260703-344762,2026-07-03T11:10:00.476643,ZAF-SHZ-001,CUST-10230,takeaway,"[{""item_id"": ""ITEM-306"", ""name"": ""Tahchin Morgh"", ""category"": ""Main Course"", ""quantity"": 2, ""unit_price"": 228000, ""subtotal"": 456000}, {""item_id"": ""ITEM-205"", ""name"": ""Baghali Polo"", ""category"": ""Main Course"", ""quantity"": 3, ""unit_price"": 114000, ""subtotal"": 342000}, {""item_id"": ""ITEM-102"", ""name"": ""Kashke Bademjan"", ""category"": ""Starter"", ""quantity"": 2, ""unit_price"": 92000, ""subtotal"": 184000}, {""item_id"": ""ITEM-203"", ""name"": ""Ash Reshteh"", ""category"": ""Main Course"", ""quantity"": 1, ""unit_price"": 106000, ""subtotal"": 106000}, {""item_id"": ""ITEM-503"", ""name"": ""Sholeh Zard"", ""category"": ""Dessert"", ""quantity"": 3, ""unit_price"": 53000, ""subtotal"": 159000}]",1247000.0,wallet,delivered,2026-07-03T11:10:00.476643
ORD-20260703-900185,2026-07-03T11:45:54.476643,ZAF-TBZ-001,CUST-10435,dine_in,"[{""item_id"": ""ITEM-205"", ""name"": ""Baghali Polo"", ""category"": ""Main Course"", ""quantity"": 1, ""unit_price"": 115000, ""subtotal"": 115000}]",115000.0,card,completed,2026-07-03T11:45:54.476643
ORD-20260703-185741,2026-07-03T11:58:02.476643,ZAF-TBZ-001,CUST-10055,delivery,"[{""item_id"": ""ITEM-304"", ""name"": ""Fesenjan"", ""category"": ""Main Course"", ""quantity"": 3, ""unit_price"": 265000, ""subtotal"": 795000}, {""item_id"": ""ITEM-104"", ""name"": ""Dolme Barg"", ""category"": ""Starter"", ""quantity"": 2, ""unit_price"": 114000, ""subtotal"": 228000}, {""item_id"": ""ITEM-305"", ""name"": ""Zereshk Polo ba Morgh"", ""category"": ""Main Course"", ""quantity"": 2, ""unit_price"": 219000, ""subtotal"": 438000}, {""item_id"": ""ITEM-502"", ""name"": ""Faloodeh Shirazi"", ""category"": ""Dessert"", ""quantity"": 2, ""unit_price"": 68000, ""subtotal"": 136000}, {""item_id"": ""ITEM-504"", ""name"": ""Zoolbia Bamieh"", ""category"": ""Dessert"", ""quantity"": 3, ""unit_price"": 60000, ""subtotal"": 180000}]",1777000.0,cash,delivered,2026-07-03T11:58:02.476643
ORD-20260703-684929,2026-07-03T14:04:24.476643,ZAF-TBZ-001,CUST-10230,takeaway,"[{""item_id"": ""ITEM-204"", ""name"": ""Sabzi Polo"", ""category"": ""Main Course"", ""quantity"": 1, ""unit_price"": 97000, ""subtotal"": 97000}, {""item_id"": ""ITEM-603"", ""name"": ""Persian Tea (Chai)"", ""category"": ""Beverage"", ""quantity"": 1, ""unit_price"": 26000, ""subtotal"": 26000}, {""item_id"": ""ITEM-403"", ""name"": ""Lavash Bread"", ""category"": ""Bread"", ""quantity"": 2, ""unit_price"": 14000, ""subtotal"": 28000}, {""item_id"": ""ITEM-502"", ""name"": ""Faloodeh Shirazi"", ""category"": ""Dessert"", ""quantity"": 2, ""unit_price"": 68000, ""subtotal"": 136000}, {""item_id"": ""ITEM-104"", ""name"": ""Dolme Barg"", ""category"": ""Starter"", ""quantity"": 2, ""unit_price"": 114000, ""subtotal"": 228000}]",515000.0,cash,delivered,2026-07-03T14:04:24.476643
ORD-20260704-608149,2026-07-04T12:31:18.476643,ZAF-THR-002,CUST-10095,dine_in,"[{""item_id"": ""ITEM-603"", ""name"": ""Persian Tea (Chai)"", ""category"": ""Beverage"", ""quantity"": 1, ""unit_price"": 25000, ""subtotal"": 25000}, {""item_id"": ""ITEM-305"", ""name"": ""Zereshk Polo ba Morgh"", ""category"": ""Main Course"", ""quantity"": 2, ""unit_price"": 224000, ""subtotal"": 448000}, {""item_id"": ""ITEM-403"", ""name"": ""Lavash Bread"", ""category"": ""Bread"", ""quantity"": 1, ""unit_price"": 15000, ""subtotal"": 15000}]",488000.0,cash,completed,2026-07-04T12:31:18.476643
ORD-20260704-261169,2026-07-04T14:08:10.476643,ZAF-TBZ-001,CUST-10433,takeaway,"[{""item_id"": ""ITEM-101"", ""name"": ""Mast-o Khiar"", ""category"": ""Starter"", ""quantity"": 3, ""unit_price"": 65000, ""subtotal"": 195000}, {""item_id"": ""ITEM-301"", ""name"": ""Chelo Kabab Koobideh"", ""category"": ""Main Course"", ""quantity"": 1, ""unit_price"": 293000, ""subtotal"": 293000}, {""item_id"": ""ITEM-305"", ""name"": ""Zereshk Polo ba Morgh"", ""category"": ""Main Course"", ""quantity"": 1, ""unit_price"": 219000, ""subtotal"": 219000}]",707000.0,wallet,delivered,2026-07-04T14:08:10.476643
ORD-20260704-805000,2026-07-04T15:05:50.476643,ZAF-SHZ-001,CUST-10007,takeaway,"[{""item_id"": ""ITEM-401"", ""name"": ""Sangak Bread"", ""category"": ""Bread"", ""quantity"": 2, ""unit_price"": 26000, ""subtotal"": 52000}, {""item_id"": ""ITEM-104"", ""name"": ""Dolme Barg"", ""category"": ""Starter"", ""quantity"": 3, ""unit_price"": 110000, ""subtotal"": 330000}, {""item_id"": ""ITEM-305"", ""name"": ""Zereshk Polo ba Morgh"", ""category"": ""Main Course"", ""quantity"": 3, ""unit_price"": 241000, ""subtotal"": 723000}]",1105000.0,wallet,completed,2026-07-04T15:05:50.476643
ORD-20260704-560905,2026-07-04T16:33:48.476643,ZAF-MSH-001,CUST-10492,takeaway,"[{""item_id"": ""ITEM-202"", ""name"": ""Adas Polo"", ""category"": ""Main Course"", ""quantity"": 2, ""unit_price"": 131000, ""subtotal"": 262000}]",262000.0,card,completed,2026-07-04T16:33:48.476643
ORD-20260704-779885,2026-07-04T16:53:59.476643,ZAF-ISF-001,CUST-10430,dine_in,"[{""item_id"": ""ITEM-105"", ""name"": ""Salad Shirazi"", ""category"": ""Starter"", ""quantity"": 1, ""unit_price"": 58000, ""subtotal"": 58000}, {""item_id"": ""ITEM-205"", ""name"": ""Baghali Polo"", ""category"": ""Main Course"", ""quantity"": 1, ""unit_price"": 118000, ""subtotal"": 118000}, {""item_id"": ""ITEM-604"", ""name"": ""Sharbat-e Ablimoo"", ""category"": ""Beverage"", ""quantity"": 1, ""unit_price"": 40000, ""subtotal"": 40000}, {""item_id"": ""ITEM-502"", ""name"": ""Faloodeh Shirazi"", ""category"": ""Dessert"", ""quantity"": 1, ""unit_price"": 65000, ""subtotal"": 65000}]",281000.0,cash,completed,2026-07-04T16:53:59.476643
ORD-20260704-498619,2026-07-04T17:02:00.476643,ZAF-SHZ-001,CUST-10492,takeaway,"[{""item_id"": ""ITEM-205"", ""name"": ""Baghali Polo"", ""category"": ""Main Course"", ""quantity"": 2, ""unit_price"": 114000, ""subtotal"": 228000}, {""item_id"": ""ITEM-501"", ""name"": ""Bastani Sonnati"", ""category"": ""Dessert"", ""quantity"": 2, ""unit_price"": 73000, ""subtotal"": 146000}, {""item_id"": ""ITEM-201"", ""name"": ""Kuku Sabzi"", ""category"": ""Main Course"", ""quantity"": 3, ""unit_price"": 115000, ""subtotal"": 345000}, {""item_id"": ""ITEM-101"", ""name"": ""Mast-o Khiar"", ""category"": ""Starter"", ""quantity"": 2, ""unit_price"": 64000, ""subtotal"": 128000}, {""item_id"": ""ITEM-102"", ""name"": ""Kashke Bademjan"", ""category"": ""Starter"", ""quantity"": 3, ""unit_price"": 92000, ""subtotal"": 276000}]",1123000.0,wallet,delivered,2026-07-04T17:02:00.476643
ORD-20260704-455627,2026-07-04T18:01:13.476643,ZAF-TBZ-001,CUST-10350,takeaway,"[{""item_id"": ""ITEM-602"", ""name"": ""Sharbat-e Sekanjebin"", ""category"": ""Beverage"", ""quantity"": 1, ""unit_price"": 41000, ""subtotal"": 41000}, {""item_id"": ""ITEM-302"", ""name"": ""Joojeh Kabab"", ""category"": ""Main Course"", ""quantity"": 2, ""unit_price"": 261000, ""subtotal"": 522000}, {""item_id"": ""ITEM-103"", ""name"": ""Mirza Ghasemi"", ""category"": ""Starter"", ""quantity"": 1, ""unit_price"": 94000, ""subtotal"": 94000}]",657000.0,wallet,delivered,2026-07-04T18:01:13.476643
ORD-20260704-197584,2026-07-04T18:32:26.476643,ZAF-THR-001,CUST-10013,delivery,"[{""item_id"": ""ITEM-302"", ""name"": ""Joojeh Kabab"", ""category"": ""Main Course"", ""quantity"": 3, ""unit_price"": 260000, ""subtotal"": 780000}]",780000.0,wallet,completed,2026-07-04T18:32:26.476643
ORD-20260704-531228,2026-07-04T18:46:07.476643,ZAF-THR-002,CUST-10162,takeaway,"[{""item_id"": ""ITEM-504"", ""name"": ""Zoolbia Bamieh"", ""category"": ""Dessert"", ""quantity"": 2, ""unit_price"": 58000, ""subtotal"": 116000}, {""item_id"": ""ITEM-101"", ""name"": ""Mast-o Khiar"", ""category"": ""Starter"", ""quantity"": 2, ""unit_price"": 67000, ""subtotal"": 134000}]",250000.0,card,completed,2026-07-04T18:46:07.476643
ORD-20260704-579142,2026-07-04T21:02:05.476643,ZAF-ISF-001,CUST-10252,delivery,"[{""item_id"": ""ITEM-303"", ""name"": ""Ghormeh Sabzi"", ""category"": ""Main Course"", ""quantity"": 2, ""unit_price"": 240000, ""subtotal"": 480000}]",480000.0,wallet,completed,2026-07-04T21:02:05.476643
ORD-20260704-629208,2026-07-04T21:35:26.476643,ZAF-MSH-001,CUST-10054,takeaway,"[{""item_id"": ""ITEM-302"", ""name"": ""Joojeh Kabab"", ""category"": ""Main Course"", ""quantity"": 1, ""unit_price"": 264000, ""subtotal"": 264000}, {""item_id"": ""ITEM-502"", ""name"": ""Faloodeh Shirazi"", ""category"": ""Dessert"", ""quantity"": 1, ""unit_price"": 66000, ""subtotal"": 66000}, {""item_id"": ""ITEM-305"", ""name"": ""Zereshk Polo ba Morgh"", ""category"": ""Main Course"", ""quantity"": 1, ""unit_price"": 221000, ""subtotal"": 221000}, {""item_id"": ""ITEM-503"", ""name"": ""Sholeh Zard"", ""category"": ""Dessert"", ""quantity"": 3, ""unit_price"": 54000, ""subtotal"": 162000}, {""item_id"": ""ITEM-304"", ""name"": ""Fesenjan"", ""category"": ""Main Course"", ""quantity"": 2, ""unit_price"": 270000, ""subtotal"": 540000}]",1253000.0,wallet,delivered,2026-07-04T21:35:26.476643
ORD-20260705-129514,2026-07-05T12:32:03.476643,ZAF-SHZ-001,CUST-10134,delivery,"[{""item_id"": ""ITEM-402"", ""name"": ""Barbari Bread"", ""category"": ""Bread"", ""quantity"": 2, ""unit_price"": 22000, ""subtotal"": 44000}, {""item_id"": ""ITEM-303"", ""name"": ""Ghormeh Sabzi"", ""category"": ""Main Course"", ""quantity"": 2, ""unit_price"": 257000, ""subtotal"": 514000}, {""item_id"": ""ITEM-403"", ""name"": ""Lavash Bread"", ""category"": ""Bread"", ""quantity"": 2, ""unit_price"": 15000, ""subtotal"": 30000}, {""item_id"": ""ITEM-502"", ""name"": ""Faloodeh Shirazi"", ""category"": ""Dessert"", ""quantity"": 1, ""unit_price"": 66000, ""subtotal"": 66000}]",654000.0,cash,delivered,2026-07-05T12:32:03.476643
ORD-20260705-481219,2026-07-05T14:54:48.476643,ZAF-THR-001,CUST-10043,delivery,"[{""item_id"": ""ITEM-307"", ""name"": ""Abgoosht (Dizi)"", ""category"": ""Main Course"", ""quantity"": 2, ""unit_price"": 190000, ""subtotal"": 380000}]",380000.0,cash,completed,2026-07-05T14:54:48.476643
ORD-20260705-489511,2026-07-05T15:58:07.476643,ZAF-TBZ-001,CUST-10436,takeaway,"[{""item_id"": ""ITEM-104"", ""name"": ""Dolme Barg"", ""category"": ""Starter"", ""quantity"": 1, ""unit_price"": 114000, ""subtotal"": 114000}, {""item_id"": ""ITEM-302"", ""name"": ""Joojeh Kabab"", ""category"": ""Main Course"", ""quantity"": 3, ""unit_price"": 261000, ""subtotal"": 783000}, {""item_id"": ""ITEM-402"", ""name"": ""Barbari Bread"", ""category"": ""Bread"", ""quantity"": 1, ""unit_price"": 22000, ""subtotal"": 22000}, {""item_id"": ""ITEM-205"", ""name"": ""Baghali Polo"", ""category"": ""Main Course"", ""quantity"": 1, ""unit_price"": 115000, ""subtotal"": 115000}]",1034000.0,card,completed,2026-07-05T15:58:07.476643
ORD-20260705-211642,2026-07-05T17:37:36.476643,ZAF-MSH-001,CUST-10363,dine_in,"[{""item_id"": ""ITEM-502"", ""name"": ""Faloodeh Shirazi"", ""category"": ""Dessert"", ""quantity"": 2, ""unit_price"": 66000, ""subtotal"": 132000}, {""item_id"": ""ITEM-504"", ""name"": ""Zoolbia Bamieh"", ""category"": ""Dessert"", ""quantity"": 2, ""unit_price"": 62000, ""subtotal"": 124000}, {""item_id"": ""ITEM-603"", ""name"": ""Persian Tea (Chai)"", ""category"": ""Beverage"", ""quantity"": 1, ""unit_price"": 24000, ""subtotal"": 24000}, {""item_id"": ""ITEM-401"", ""name"": ""Sangak Bread"", ""category"": ""Bread"", ""quantity"": 3, ""unit_price"": 25000, ""subtotal"": 75000}]",355000.0,card,delivered,2026-07-05T17:37:36.476643
ORD-20260705-132359,2026-07-05T18:41:31.476643,ZAF-SHZ-001,CUST-10350,dine_in,"[{""item_id"": ""ITEM-304"", ""name"": ""Fesenjan"", ""category"": ""Main Course"", ""quantity"": 2, ""unit_price"": 271000, ""subtotal"": 542000}, {""item_id"": ""ITEM-503"", ""name"": ""Sholeh Zard"", ""category"": ""Dessert"", ""quantity"": 1, ""unit_price"": 53000, ""subtotal"": 53000}, {""item_id"": ""ITEM-603"", ""name"": ""Persian Tea (Chai)"", ""category"": ""Beverage"", ""quantity"": 1, ""unit_price"": 26000, ""subtotal"": 26000}, {""item_id"": ""ITEM-305"", ""name"": ""Zereshk Polo ba Morgh"", ""category"": ""Main Course"", ""quantity"": 3, ""unit_price"": 241000, ""subtotal"": 723000}]",1344000.0,card,delivered,2026-07-05T18:41:31.476643
ORD-20260705-141814,2026-07-05T22:41:00.476643,ZAF-THR-001,CUST-10342,delivery,"[{""item_id"": ""ITEM-305"", ""name"": ""Zereshk Polo ba Morgh"", ""category"": ""Main Course"", ""quantity"": 3, ""unit_price"": 233000, ""subtotal"": 699000}, {""item_id"": ""ITEM-203"", ""name"": ""Ash Reshteh"", ""category"": ""Main Course"", ""quantity"": 3, ""unit_price"": 101000, ""subtotal"": 303000}, {""item_id"": ""ITEM-501"", ""name"": ""Bastani Sonnati"", ""category"": ""Dessert"", ""quantity"": 1, ""unit_price"": 77000, ""subtotal"": 77000}]",1079000.0,card,completed,2026-07-05T22:41:00.476643
ORD-20260706-384263,2026-07-06T11:57:33.476643,ZAF-THR-001,CUST-10117,dine_in,"[{""item_id"": ""ITEM-604"", ""name"": ""Sharbat-e Ablimoo"", ""category"": ""Beverage"", ""quantity"": 3, ""unit_price"": 36000, ""subtotal"": 108000}, {""item_id"": ""ITEM-503"", ""name"": ""Sholeh Zard"", ""category"": ""Dessert"", ""quantity"": 2, ""unit_price"": 54000, ""subtotal"": 108000}]",216000.0,cash,completed,2026-07-06T11:57:33.476643
ORD-20260706-426147,2026-07-06T13:29:44.476643,ZAF-ISF-001,CUST-10392,dine_in,"[{""item_id"": ""ITEM-201"", ""name"": ""Kuku Sabzi"", ""category"": ""Main Course"", ""quantity"": 3, ""unit_price"": 122000, ""subtotal"": 366000}, {""item_id"": ""ITEM-403"", ""name"": ""Lavash Bread"", ""category"": ""Bread"", ""quantity"": 1, ""unit_price"": 15000, ""subtotal"": 15000}, {""item_id"": ""ITEM-504"", ""name"": ""Zoolbia Bamieh"", ""category"": ""Dessert"", ""quantity"": 1, ""unit_price"": 58000, ""subtotal"": 58000}]",439000.0,wallet,delivered,2026-07-06T13:29:44.476643
ORD-20260706-411797,2026-07-06T14:05:15.476643,ZAF-THR-001,CUST-10285,delivery,"[{""item_id"": ""ITEM-403"", ""name"": ""Lavash Bread"", ""category"": ""Bread"", ""quantity"": 3, ""unit_price"": 14000, ""subtotal"": 42000}, {""item_id"": ""ITEM-602"", ""name"": ""Sharbat-e Sekanjebin"", ""category"": ""Beverage"", ""quantity"": 2, ""unit_price"": 39000, ""subtotal"": 78000}, {""item_id"": ""ITEM-203"", ""name"": ""Ash Reshteh"", ""category"": ""Main Course"", ""quantity"": 2, ""unit_price"": 101000, ""subtotal"": 202000}, {""item_id"": ""ITEM-601"", ""name"": ""Doogh"", ""category"": ""Beverage"", ""quantity"": 2, ""unit_price"": 37000, ""subtotal"": 74000}]",396000.0,card,completed,2026-07-06T14:05:15.476643
ORD-20260706-398301,2026-07-06T18:13:24.476643,ZAF-TBZ-001,CUST-10474,delivery,"[{""item_id"": ""ITEM-302"", ""name"": ""Joojeh Kabab"", ""category"": ""Main Course"", ""quantity"": 1, ""unit_price"": 261000, ""subtotal"": 261000}, {""item_id"": ""ITEM-305"", ""name"": ""Zereshk Polo ba Morgh"", ""category"": ""Main Course"", ""quantity"": 3, ""unit_price"": 219000, ""subtotal"": 657000}, {""item_id"": ""ITEM-303"", ""name"": ""Ghormeh Sabzi"", ""category"": ""Main Course"", ""quantity"": 1, ""unit_price"": 233000, ""subtotal"": 233000}]",1151000.0,cash,delivered,2026-07-06T18:13:24.476643
ORD-20260706-656251,2026-07-06T20:25:04.476643,ZAF-THR-002,CUST-10379,dine_in,"[{""item_id"": ""ITEM-103"", ""name"": ""Mirza Ghasemi"", ""category"": ""Starter"", ""quantity"": 3, ""unit_price"": 93000, ""subtotal"": 279000}]",279000.0,card,completed,2026-07-06T20:25:04.476643
ORD-20260706-289340,2026-07-06T20:37:13.476643,ZAF-TBZ-001,CUST-10497,takeaway,"[{""item_id"": ""ITEM-307"", ""name"": ""Abgoosht (Dizi)"", ""category"": ""Main Course"", ""quantity"": 3, ""unit_price"": 202000, ""subtotal"": 606000}]",606000.0,cash,delivered,2026-07-06T20:37:13.476643
ORD-20260707-463656,2026-07-07T10:11:38.476643,ZAF-ISF-001,CUST-10471,takeaway,"[{""item_id"": ""ITEM-203"", ""name"": ""Ash Reshteh"", ""category"": ""Main Course"", ""quantity"": 1, ""unit_price"": 107000, ""subtotal"": 107000}, {""item_id"": ""ITEM-501"", ""name"": ""Bastani Sonnati"", ""category"": ""Dessert"", ""quantity"": 2, ""unit_price"": 78000, ""subtotal"": 156000}, {""item_id"": ""ITEM-402"", ""name"": ""Barbari Bread"", ""category"": ""Bread"", ""quantity"": 3, ""unit_price"": 22000, ""subtotal"": 66000}, {""item_id"": ""ITEM-104"", ""name"": ""Dolme Barg"", ""category"": ""Starter"", ""quantity"": 1, ""unit_price"": 109000, ""subtotal"": 109000}, {""item_id"": ""ITEM-306"", ""name"": ""Tahchin Morgh"", ""category"": ""Main Course"", ""quantity"": 1, ""unit_price"": 230000, ""subtotal"": 230000}]",668000.0,cash,delivered,2026-07-07T10:11:38.476643
ORD-20260707-141761,2026-07-07T16:23:34.476643,ZAF-MSH-001,CUST-10088,dine_in,"[{""item_id"": ""ITEM-601"", ""name"": ""Doogh"", ""category"": ""Beverage"", ""quantity"": 1, ""unit_price"": 36000, ""subtotal"": 36000}, {""item_id"": ""ITEM-103"", ""name"": ""Mirza Ghasemi"", ""category"": ""Starter"", ""quantity"": 1, ""unit_price"": 88000, ""subtotal"": 88000}, {""item_id"": ""ITEM-101"", ""name"": ""Mast-o Khiar"", ""category"": ""Starter"", ""quantity"": 2, ""unit_price"": 65000, ""subtotal"": 130000}, {""item_id"": ""ITEM-402"", ""name"": ""Barbari Bread"", ""category"": ""Bread"", ""quantity"": 1, ""unit_price"": 21000, ""subtotal"": 21000}]",275000.0,card,completed,2026-07-07T16:23:34.476643
ORD-20260707-881667,2026-07-07T16:43:57.476643,ZAF-TBZ-001,CUST-10169,takeaway,"[{""item_id"": ""ITEM-601"", ""name"": ""Doogh"", ""category"": ""Beverage"", ""quantity"": 3, ""unit_price"": 33000, ""subtotal"": 99000}, {""item_id"": ""ITEM-504"", ""name"": ""Zoolbia Bamieh"", ""category"": ""Dessert"", ""quantity"": 3, ""unit_price"": 60000, ""subtotal"": 180000}, {""item_id"": ""ITEM-105"", ""name"": ""Salad Shirazi"", ""category"": ""Starter"", ""quantity"": 1, ""unit_price"": 54000, ""subtotal"": 54000}, {""item_id"": ""ITEM-602"", ""name"": ""Sharbat-e Sekanjebin"", ""category"": ""Beverage"", ""quantity"": 3, ""unit_price"": 41000, ""subtotal"": 123000}]",456000.0,cash,delivered,2026-07-07T16:43:57.476643
ORD-20260707-185131,2026-07-07T19:03:39.476643,ZAF-MSH-001,CUST-10050,dine_in,"[{""item_id"": ""ITEM-501"", ""name"": ""Bastani Sonnati"", ""category"": ""Dessert"", ""quantity"": 2, ""unit_price"": 72000, ""subtotal"": 144000}, {""item_id"": ""ITEM-202"", ""name"": ""Adas Polo"", ""category"": ""Main Course"", ""quantity"": 3, ""unit_price"": 131000, ""subtotal"": 393000}]",537000.0,cash,delivered,2026-07-07T19:03:39.476643
ORD-20260707-665158,2026-07-07T21:20:13.476643,ZAF-MSH-001,CUST-10255,takeaway,"[{""item_id"": ""ITEM-501"", ""name"": ""Bastani Sonnati"", ""category"": ""Dessert"", ""quantity"": 1, ""unit_price"": 72000, ""subtotal"": 72000}, {""item_id"": ""ITEM-305"", ""name"": ""Zereshk Polo ba Morgh"", ""category"": ""Main Course"", ""quantity"": 1, ""unit_price"": 221000, ""subtotal"": 221000}, {""item_id"": ""ITEM-105"", ""name"": ""Salad Shirazi"", ""category"": ""Starter"", ""quantity"": 3, ""unit_price"": 55000, ""subtotal"": 165000}, {""item_id"": ""ITEM-204"", ""name"": ""Sabzi Polo"", ""category"": ""Main Course"", ""quantity"": 3, ""unit_price"": 92000, ""subtotal"": 276000}]",734000.0,wallet,completed,2026-07-07T21:20:13.476643
ORD-20260708-768595,2026-07-08T12:03:10.476643,ZAF-ISF-001,CUST-10472,dine_in,"[{""item_id"": ""ITEM-307"", ""name"": ""Abgoosht (Dizi)"", ""category"": ""Main Course"", ""quantity"": 3, ""unit_price"": 202000, ""subtotal"": 606000}, {""item_id"": ""ITEM-303"", ""name"": ""Ghormeh Sabzi"", ""category"": ""Main Course"", ""quantity"": 3, ""unit_price"": 240000, ""subtotal"": 720000}]",1326000.0,wallet,completed,2026-07-08T12:03:10.476643
ORD-20260708-988268,2026-07-08T15:08:54.476643,ZAF-ISF-001,CUST-10488,takeaway,"[{""item_id"": ""ITEM-402"", ""name"": ""Barbari Bread"", ""category"": ""Bread"", ""quantity"": 1, ""unit_price"": 22000, ""subtotal"": 22000}, {""item_id"": ""ITEM-504"", ""name"": ""Zoolbia Bamieh"", ""category"": ""Dessert"", ""quantity"": 3, ""unit_price"": 58000, ""subtotal"": 174000}, {""item_id"": ""ITEM-101"", ""name"": ""Mast-o Khiar"", ""category"": ""Starter"", ""quantity"": 3, ""unit_price"": 63000, ""subtotal"": 189000}, {""item_id"": ""ITEM-205"", ""name"": ""Baghali Polo"", ""category"": ""Main Course"", ""quantity"": 1, ""unit_price"": 118000, ""subtotal"": 118000}]",503000.0,card,completed,2026-07-08T15:08:54.476643
ORD-20260708-533973,2026-07-08T19:24:11.476643,ZAF-TBZ-001,CUST-10059,dine_in,"[{""item_id"": ""ITEM-503"", ""name"": ""Sholeh Zard"", ""category"": ""Dessert"", ""quantity"": 3, ""unit_price"": 53000, ""subtotal"": 159000}, {""item_id"": ""ITEM-604"", ""name"": ""Sharbat-e Ablimoo"", ""category"": ""Beverage"", ""quantity"": 1, ""unit_price"": 37000, ""subtotal"": 37000}, {""item_id"": ""ITEM-301"", ""name"": ""Chelo Kabab Koobideh"", ""category"": ""Main Course"", ""quantity"": 2, ""unit_price"": 293000, ""subtotal"": 586000}]",782000.0,card,delivered,2026-07-08T19:24:11.476643
ORD-20260708-679720,2026-07-08T20:46:07.476643,ZAF-THR-002,CUST-10379,delivery,"[{""item_id"": ""ITEM-101"", ""name"": ""Mast-o Khiar"", ""category"": ""Starter"", ""quantity"": 2, ""unit_price"": 67000, ""subtotal"": 134000}, {""item_id"": ""ITEM-102"", ""name"": ""Kashke Bademjan"", ""category"": ""Starter"", ""quantity"": 2, ""unit_price"": 96000, ""subtotal"": 192000}, {""item_id"": ""ITEM-604"", ""name"": ""Sharbat-e Ablimoo"", ""category"": ""Beverage"", ""quantity"": 1, ""unit_price"": 38000, ""subtotal"": 38000}, {""item_id"": ""ITEM-203"", ""name"": ""Ash Reshteh"", ""category"": ""Main Course"", ""quantity"": 1, ""unit_price"": 106000, ""subtotal"": 106000}, {""item_id"": ""ITEM-306"", ""name"": ""Tahchin Morgh"", ""category"": ""Main Course"", ""quantity"": 1, ""unit_price"": 215000, ""subtotal"": 215000}]",685000.0,wallet,completed,2026-07-08T20:46:07.476643
ORD-20260708-555596,2026-07-08T21:03:35.476643,ZAF-SHZ-001,CUST-10134,delivery,"[{""item_id"": ""ITEM-303"", ""name"": ""Ghormeh Sabzi"", ""category"": ""Main Course"", ""quantity"": 3, ""unit_price"": 257000, ""subtotal"": 771000}]",771000.0,cash,delivered,2026-07-08T21:03:35.476643
ORD-20260708-972765,2026-07-08T21:32:59.476643,ZAF-THR-001,CUST-10267,delivery,"[{""item_id"": ""ITEM-601"", ""name"": ""Doogh"", ""category"": ""Beverage"", ""quantity"": 1, ""unit_price"": 37000, ""subtotal"": 37000}, {""item_id"": ""ITEM-307"", ""name"": ""Abgoosht (Dizi)"", ""category"": ""Main Course"", ""quantity"": 3, ""unit_price"": 190000, ""subtotal"": 570000}, {""item_id"": ""ITEM-204"", ""name"": ""Sabzi Polo"", ""category"": ""Main Course"", ""quantity"": 1, ""unit_price"": 94000, ""subtotal"": 94000}, {""item_id"": ""ITEM-306"", ""name"": ""Tahchin Morgh"", ""category"": ""Main Course"", ""quantity"": 2, ""unit_price"": 221000, ""subtotal"": 442000}, {""item_id"": ""ITEM-103"", ""name"": ""Mirza Ghasemi"", ""category"": ""Starter"", ""quantity"": 2, ""unit_price"": 88000, ""subtotal"": 176000}]",1319000.0,wallet,completed,2026-07-08T21:32:59.476643
ORD-20260709-155021,2026-07-09T11:43:50.476643,ZAF-THR-002,CUST-10192,dine_in,"[{""item_id"": ""ITEM-502"", ""name"": ""Faloodeh Shirazi"", ""category"": ""Dessert"", ""quantity"": 1, ""unit_price"": 64000, ""subtotal"": 64000}, {""item_id"": ""ITEM-603"", ""name"": ""Persian Tea (Chai)"", ""category"": ""Beverage"", ""quantity"": 2, ""unit_price"": 25000, ""subtotal"": 50000}, {""item_id"": ""ITEM-201"", ""name"": ""Kuku Sabzi"", ""category"": ""Main Course"", ""quantity"": 2, ""unit_price"": 126000, ""subtotal"": 252000}, {""item_id"": ""ITEM-102"", ""name"": ""Kashke Bademjan"", ""category"": ""Starter"", ""quantity"": 1, ""unit_price"": 96000, ""subtotal"": 96000}]",462000.0,wallet,completed,2026-07-09T11:43:50.476643
ORD-20260709-881369,2026-07-09T14:44:18.476643,ZAF-THR-001,CUST-10424,takeaway,"[{""item_id"": ""ITEM-204"", ""name"": ""Sabzi Polo"", ""category"": ""Main Course"", ""quantity"": 3, ""unit_price"": 94000, ""subtotal"": 282000}, {""item_id"": ""ITEM-101"", ""name"": ""Mast-o Khiar"", ""category"": ""Starter"", ""quantity"": 3, ""unit_price"": 66000, ""subtotal"": 198000}, {""item_id"": ""ITEM-402"", ""name"": ""Barbari Bread"", ""category"": ""Bread"", ""quantity"": 1, ""unit_price"": 23000, ""subtotal"": 23000}, {""item_id"": ""ITEM-604"", ""name"": ""Sharbat-e Ablimoo"", ""category"": ""Beverage"", ""quantity"": 3, ""unit_price"": 36000, ""subtotal"": 108000}]",611000.0,card,delivered,2026-07-09T14:44:18.476643
ORD-20260709-972442,2026-07-09T16:36:25.476643,ZAF-MSH-001,CUST-10327,delivery,"[{""item_id"": ""ITEM-205"", ""name"": ""Baghali Polo"", ""category"": ""Main Course"", ""quantity"": 2, ""unit_price"": 113000, ""subtotal"": 226000}, {""item_id"": ""ITEM-104"", ""name"": ""Dolme Barg"", ""category"": ""Starter"", ""quantity"": 1, ""unit_price"": 114000, ""subtotal"": 114000}, {""item_id"": ""ITEM-303"", ""name"": ""Ghormeh Sabzi"", ""category"": ""Main Course"", ""quantity"": 3, ""unit_price"": 243000, ""subtotal"": 729000}, {""item_id"": ""ITEM-101"", ""name"": ""Mast-o Khiar"", ""category"": ""Starter"", ""quantity"": 2, ""unit_price"": 65000, ""subtotal"": 130000}]",1199000.0,card,delivered,2026-07-09T16:36:25.476643
ORD-20260709-757203,2026-07-09T17:13:42.476643,ZAF-MSH-001,CUST-10480,dine_in,"[{""item_id"": ""ITEM-204"", ""name"": ""Sabzi Polo"", ""category"": ""Main Course"", ""quantity"": 3, ""unit_price"": 92000, ""subtotal"": 276000}, {""item_id"": ""ITEM-501"", ""name"": ""Bastani Sonnati"", ""category"": ""Dessert"", ""quantity"": 2, ""unit_price"": 72000, ""subtotal"": 144000}, {""item_id"": ""ITEM-401"", ""name"": ""Sangak Bread"", ""category"": ""Bread"", ""quantity"": 3, ""unit_price"": 25000, ""subtotal"": 75000}, {""item_id"": ""ITEM-602"", ""name"": ""Sharbat-e Sekanjebin"", ""category"": ""Beverage"", ""quantity"": 3, ""unit_price"": 38000, ""subtotal"": 114000}]",609000.0,wallet,delivered,2026-07-09T17:13:42.476643
ORD-20260709-209812,2026-07-09T20:48:43.476643,ZAF-THR-002,CUST-10083,dine_in,"[{""item_id"": ""ITEM-103"", ""name"": ""Mirza Ghasemi"", ""category"": ""Starter"", ""quantity"": 2, ""unit_price"": 93000, ""subtotal"": 186000}, {""item_id"": ""ITEM-602"", ""name"": ""Sharbat-e Sekanjebin"", ""category"": ""Beverage"", ""quantity"": 1, ""unit_price"": 42000, ""subtotal"": 42000}, {""item_id"": ""ITEM-604"", ""name"": ""Sharbat-e Ablimoo"", ""category"": ""Beverage"", ""quantity"": 2, ""unit_price"": 38000, ""subtotal"": 76000}, {""item_id"": ""ITEM-102"", ""name"": ""Kashke Bademjan"", ""category"": ""Starter"", ""quantity"": 2, ""unit_price"": 96000, ""subtotal"": 192000}]",496000.0,card,delivered,2026-07-09T20:48:43.476643
ORD-20260710-924718,2026-07-10T15:46:08.476643,ZAF-THR-001,CUST-10465,delivery,"[{""item_id"": ""ITEM-301"", ""name"": ""Chelo Kabab Koobideh"", ""category"": ""Main Course"", ""quantity"": 1, ""unit_price"": 277000, ""subtotal"": 277000}, {""item_id"": ""ITEM-504"", ""name"": ""Zoolbia Bamieh"", ""category"": ""Dessert"", ""quantity"": 1, ""unit_price"": 58000, ""subtotal"": 58000}, {""item_id"": ""ITEM-304"", ""name"": ""Fesenjan"", ""category"": ""Main Course"", ""quantity"": 1, ""unit_price"": 262000, ""subtotal"": 262000}]",597000.0,card,completed,2026-07-10T15:46:08.476643
ORD-20260710-669868,2026-07-10T19:25:49.476643,ZAF-TBZ-001,CUST-10108,delivery,"[{""item_id"": ""ITEM-401"", ""name"": ""Sangak Bread"", ""category"": ""Bread"", ""quantity"": 2, ""unit_price"": 26000, ""subtotal"": 52000}]",52000.0,card,delivered,2026-07-10T19:25:49.476643
ORD-20260710-246770,2026-07-10T19:45:57.476643,ZAF-MSH-001,CUST-10340,delivery,"[{""item_id"": ""ITEM-604"", ""name"": ""Sharbat-e Ablimoo"", ""category"": ""Beverage"", ""quantity"": 2, ""unit_price"": 39000, ""subtotal"": 78000}, {""item_id"": ""ITEM-403"", ""name"": ""Lavash Bread"", ""category"": ""Bread"", ""quantity"": 3, ""unit_price"": 15000, ""subtotal"": 45000}, {""item_id"": ""ITEM-203"", ""name"": ""Ash Reshteh"", ""category"": ""Main Course"", ""quantity"": 3, ""unit_price"": 107000, ""subtotal"": 321000}, {""item_id"": ""ITEM-302"", ""name"": ""Joojeh Kabab"", ""category"": ""Main Course"", ""quantity"": 3, ""unit_price"": 264000, ""subtotal"": 792000}, {""item_id"": ""ITEM-205"", ""name"": ""Baghali Polo"", ""category"": ""Main Course"", ""quantity"": 3, ""unit_price"": 113000, ""subtotal"": 339000}]",1575000.0,card,delivered,2026-07-10T19:45:57.476643
ORD-20260710-587192,2026-07-10T21:48:21.476643,ZAF-THR-002,CUST-10022,delivery,"[{""item_id"": ""ITEM-401"", ""name"": ""Sangak Bread"", ""category"": ""Bread"", ""quantity"": 3, ""unit_price"": 24000, ""subtotal"": 72000}, {""item_id"": ""ITEM-301"", ""name"": ""Chelo Kabab Koobideh"", ""category"": ""Main Course"", ""quantity"": 1, ""unit_price"": 295000, ""subtotal"": 295000}, {""item_id"": ""ITEM-603"", ""name"": ""Persian Tea (Chai)"", ""category"": ""Beverage"", ""quantity"": 3, ""unit_price"": 25000, ""subtotal"": 75000}]",442000.0,card,delivered,2026-07-10T21:48:21.476643
ORD-20260711-962057,2026-07-11T10:44:54.476643,ZAF-THR-001,CUST-10183,delivery,"[{""item_id"": ""ITEM-104"", ""name"": ""Dolme Barg"", ""category"": ""Starter"", ""quantity"": 1, ""unit_price"": 107000, ""subtotal"": 107000}, {""item_id"": ""ITEM-205"", ""name"": ""Baghali Polo"", ""category"": ""Main Course"", ""quantity"": 2, ""unit_price"": 110000, ""subtotal"": 220000}, {""item_id"": ""ITEM-602"", ""name"": ""Sharbat-e Sekanjebin"", ""category"": ""Beverage"", ""quantity"": 2, ""unit_price"": 39000, ""subtotal"": 78000}, {""item_id"": ""ITEM-502"", ""name"": ""Faloodeh Shirazi"", ""category"": ""Dessert"", ""quantity"": 2, ""unit_price"": 66000, ""subtotal"": 132000}, {""item_id"": ""ITEM-403"", ""name"": ""Lavash Bread"", ""category"": ""Bread"", ""quantity"": 2, ""unit_price"": 14000, ""subtotal"": 28000}]",565000.0,cash,completed,2026-07-11T10:44:54.476643
ORD-20260711-930555,2026-07-11T16:23:14.476643,ZAF-THR-002,CUST-10260,delivery,"[{""item_id"": ""ITEM-103"", ""name"": ""Mirza Ghasemi"", ""category"": ""Starter"", ""quantity"": 1, ""unit_price"": 93000, ""subtotal"": 93000}, {""item_id"": ""ITEM-601"", ""name"": ""Doogh"", ""category"": ""Beverage"", ""quantity"": 1, ""unit_price"": 34000, ""subtotal"": 34000}, {""item_id"": ""ITEM-102"", ""name"": ""Kashke Bademjan"", ""category"": ""Starter"", ""quantity"": 3, ""unit_price"": 96000, ""subtotal"": 288000}, {""item_id"": ""ITEM-604"", ""name"": ""Sharbat-e Ablimoo"", ""category"": ""Beverage"", ""quantity"": 1, ""unit_price"": 38000, ""subtotal"": 38000}]",453000.0,card,delivered,2026-07-11T16:23:14.476643
ORD-20260711-992697,2026-07-11T17:32:58.476643,ZAF-TBZ-001,CUST-10080,dine_in,"[{""item_id"": ""ITEM-307"", ""name"": ""Abgoosht (Dizi)"", ""category"": ""Main Course"", ""quantity"": 1, ""unit_price"": 202000, ""subtotal"": 202000}]",202000.0,cash,delivered,2026-07-11T17:32:58.476643
ORD-20260711-552945,2026-07-11T18:18:02.476643,ZAF-THR-002,CUST-10378,dine_in,"[{""item_id"": ""ITEM-402"", ""name"": ""Barbari Bread"", ""category"": ""Bread"", ""quantity"": 1, ""unit_price"": 21000, ""subtotal"": 21000}, {""item_id"": ""ITEM-103"", ""name"": ""Mirza Ghasemi"", ""category"": ""Starter"", ""quantity"": 1, ""unit_price"": 93000, ""subtotal"": 93000}, {""item_id"": ""ITEM-205"", ""name"": ""Baghali Polo"", ""category"": ""Main Course"", ""quantity"": 3, ""unit_price"": 116000, ""subtotal"": 348000}, {""item_id"": ""ITEM-303"", ""name"": ""Ghormeh Sabzi"", ""category"": ""Main Course"", ""quantity"": 3, ""unit_price"": 250000, ""subtotal"": 750000}, {""item_id"": ""ITEM-503"", ""name"": ""Sholeh Zard"", ""category"": ""Dessert"", ""quantity"": 2, ""unit_price"": 54000, ""subtotal"": 108000}]",1320000.0,wallet,completed,2026-07-11T18:18:02.476643
ORD-20260711-564971,2026-07-11T19:16:58.476643,ZAF-THR-001,CUST-10011,dine_in,"[{""item_id"": ""ITEM-202"", ""name"": ""Adas Polo"", ""category"": ""Main Course"", ""quantity"": 3, ""unit_price"": 135000, ""subtotal"": 405000}]",405000.0,cash,completed,2026-07-11T19:16:58.476643
ORD-20260711-927524,2026-07-11T20:33:02.476643,ZAF-ISF-001,CUST-10087,delivery,"[{""item_id"": ""ITEM-205"", ""name"": ""Baghali Polo"", ""category"": ""Main Course"", ""quantity"": 1, ""unit_price"": 118000, ""subtotal"": 118000}]",118000.0,wallet,completed,2026-07-11T20:33:02.476643
ORD-20260712-780714,2026-07-12T11:21:19.476643,ZAF-ISF-001,CUST-10069,takeaway,"[{""item_id"": ""ITEM-504"", ""name"": ""Zoolbia Bamieh"", ""category"": ""Dessert"", ""quantity"": 3, ""unit_price"": 58000, ""subtotal"": 174000}, {""item_id"": ""ITEM-304"", ""name"": ""Fesenjan"", ""category"": ""Main Course"", ""quantity"": 2, ""unit_price"": 264000, ""subtotal"": 528000}]",702000.0,cash,completed,2026-07-12T11:21:19.476643
ORD-20260712-700426,2026-07-12T14:46:26.476643,ZAF-MSH-001,CUST-10445,takeaway,"[{""item_id"": ""ITEM-104"", ""name"": ""Dolme Barg"", ""category"": ""Starter"", ""quantity"": 3, ""unit_price"": 114000, ""subtotal"": 342000}]",342000.0,cash,completed,2026-07-12T14:46:26.476643
ORD-20260712-346024,2026-07-12T18:28:26.476643,ZAF-THR-002,CUST-10094,delivery,"[{""item_id"": ""ITEM-105"", ""name"": ""Salad Shirazi"", ""category"": ""Starter"", ""quantity"": 3, ""unit_price"": 55000, ""subtotal"": 165000}]",165000.0,card,delivered,2026-07-12T18:28:26.476643
ORD-20260712-289448,2026-07-12T22:31:06.476643,ZAF-TBZ-001,CUST-10178,takeaway,"[{""item_id"": ""ITEM-604"", ""name"": ""Sharbat-e Ablimoo"", ""category"": ""Beverage"", ""quantity"": 1, ""unit_price"": 37000, ""subtotal"": 37000}, {""item_id"": ""ITEM-205"", ""name"": ""Baghali Polo"", ""category"": ""Main Course"", ""quantity"": 1, ""unit_price"": 115000, ""subtotal"": 115000}, {""item_id"": ""ITEM-401"", ""name"": ""Sangak Bread"", ""category"": ""Bread"", ""quantity"": 1, ""unit_price"": 26000, ""subtotal"": 26000}, {""item_id"": ""ITEM-204"", ""name"": ""Sabzi Polo"", ""category"": ""Main Course"", ""quantity"": 2, ""unit_price"": 97000, ""subtotal"": 194000}, {""item_id"": ""ITEM-403"", ""name"": ""Lavash Bread"", ""category"": ""Bread"", ""quantity"": 2, ""unit_price"": 14000, ""subtotal"": 28000}]",400000.0,wallet,completed,2026-07-12T22:31:06.476643
ORD-20260713-187298,2026-07-13T15:17:08.476643,ZAF-MSH-001,CUST-10318,takeaway,"[{""item_id"": ""ITEM-103"", ""name"": ""Mirza Ghasemi"", ""category"": ""Starter"", ""quantity"": 3, ""unit_price"": 88000, ""subtotal"": 264000}, {""item_id"": ""ITEM-401"", ""name"": ""Sangak Bread"", ""category"": ""Bread"", ""quantity"": 1, ""unit_price"": 25000, ""subtotal"": 25000}, {""item_id"": ""ITEM-204"", ""name"": ""Sabzi Polo"", ""category"": ""Main Course"", ""quantity"": 2, ""unit_price"": 92000, ""subtotal"": 184000}, {""item_id"": ""ITEM-303"", ""name"": ""Ghormeh Sabzi"", ""category"": ""Main Course"", ""quantity"": 2, ""unit_price"": 243000, ""subtotal"": 486000}]",959000.0,wallet,completed,2026-07-13T15:17:08.476643
ORD-20260713-284084,2026-07-13T15:51:47.476643,ZAF-MSH-001,CUST-10183,takeaway,"[{""item_id"": ""ITEM-101"", ""name"": ""Mast-o Khiar"", ""category"": ""Starter"", ""quantity"": 3, ""unit_price"": 65000, ""subtotal"": 195000}, {""item_id"": ""ITEM-503"", ""name"": ""Sholeh Zard"", ""category"": ""Dessert"", ""quantity"": 1, ""unit_price"": 54000, ""subtotal"": 54000}, {""item_id"": ""ITEM-302"", ""name"": ""Joojeh Kabab"", ""category"": ""Main Course"", ""quantity"": 2, ""unit_price"": 264000, ""subtotal"": 528000}, {""item_id"": ""ITEM-402"", ""name"": ""Barbari Bread"", ""category"": ""Bread"", ""quantity"": 3, ""unit_price"": 21000, ""subtotal"": 63000}, {""item_id"": ""ITEM-105"", ""name"": ""Salad Shirazi"", ""category"": ""Starter"", ""quantity"": 2, ""unit_price"": 55000, ""subtotal"": 110000}]",950000.0,cash,delivered,2026-07-13T15:51:47.476643
ORD-20260713-612361,2026-07-13T16:09:40.476643,ZAF-MSH-001,CUST-10206,takeaway,"[{""item_id"": ""ITEM-102"", ""name"": ""Kashke Bademjan"", ""category"": ""Starter"", ""quantity"": 1, ""unit_price"": 95000, ""subtotal"": 95000}, {""item_id"": ""ITEM-104"", ""name"": ""Dolme Barg"", ""category"": ""Starter"", ""quantity"": 2, ""unit_price"": 114000, ""subtotal"": 228000}]",323000.0,wallet,delivered,2026-07-13T16:09:40.476643
ORD-20260713-253311,2026-07-13T20:40:09.476643,ZAF-THR-002,CUST-10061,takeaway,"[{""item_id"": ""ITEM-303"", ""name"": ""Ghormeh Sabzi"", ""category"": ""Main Course"", ""quantity"": 2, ""unit_price"": 250000, ""subtotal"": 500000}, {""item_id"": ""ITEM-102"", ""name"": ""Kashke Bademjan"", ""category"": ""Starter"", ""quantity"": 1, ""unit_price"": 96000, ""subtotal"": 96000}]",596000.0,cash,delivered,2026-07-13T20:40:09.476643
ORD-20260713-608473,2026-07-13T21:09:42.476643,ZAF-SHZ-001,CUST-10189,dine_in,"[{""item_id"": ""ITEM-204"", ""name"": ""Sabzi Polo"", ""category"": ""Main Course"", ""quantity"": 3, ""unit_price"": 98000, ""subtotal"": 294000}, {""item_id"": ""ITEM-602"", ""name"": ""Sharbat-e Sekanjebin"", ""category"": ""Beverage"", ""quantity"": 1, ""unit_price"": 42000, ""subtotal"": 42000}]",336000.0,wallet,delivered,2026-07-13T21:09:42.476643
ORD-20260714-240600,2026-07-14T13:14:43.476643,ZAF-THR-001,CUST-10183,delivery,"[{""item_id"": ""ITEM-503"", ""name"": ""Sholeh Zard"", ""category"": ""Dessert"", ""quantity"": 2, ""unit_price"": 54000, ""subtotal"": 108000}]",108000.0,wallet,completed,2026-07-14T13:14:43.476643
ORD-20260714-362035,2026-07-14T13:50:00.476643,ZAF-TBZ-001,CUST-10191,dine_in,"[{""item_id"": ""ITEM-304"", ""name"": ""Fesenjan"", ""category"": ""Main Course"", ""quantity"": 2, ""unit_price"": 265000, ""subtotal"": 530000}, {""item_id"": ""ITEM-401"", ""name"": ""Sangak Bread"", ""category"": ""Bread"", ""quantity"": 2, ""unit_price"": 26000, ""subtotal"": 52000}]",582000.0,wallet,completed,2026-07-14T13:50:00.476643
ORD-20260714-593808,2026-07-14T14:04:06.476643,ZAF-TBZ-001,CUST-10030,takeaway,"[{""item_id"": ""ITEM-301"", ""name"": ""Chelo Kabab Koobideh"", ""category"": ""Main Course"", ""quantity"": 1, ""unit_price"": 293000, ""subtotal"": 293000}]",293000.0,wallet,delivered,2026-07-14T14:04:06.476643
ORD-20260714-645175,2026-07-14T16:22:46.476643,ZAF-ISF-001,CUST-10223,delivery,"[{""item_id"": ""ITEM-307"", ""name"": ""Abgoosht (Dizi)"", ""category"": ""Main Course"", ""quantity"": 2, ""unit_price"": 202000, ""subtotal"": 404000}, {""item_id"": ""ITEM-104"", ""name"": ""Dolme Barg"", ""category"": ""Starter"", ""quantity"": 1, ""unit_price"": 109000, ""subtotal"": 109000}, {""item_id"": ""ITEM-303"", ""name"": ""Ghormeh Sabzi"", ""category"": ""Main Course"", ""quantity"": 3, ""unit_price"": 240000, ""subtotal"": 720000}, {""item_id"": ""ITEM-402"", ""name"": ""Barbari Bread"", ""category"": ""Bread"", ""quantity"": 2, ""unit_price"": 22000, ""subtotal"": 44000}, {""item_id"": ""ITEM-202"", ""name"": ""Adas Polo"", ""category"": ""Main Course"", ""quantity"": 1, ""unit_price"": 131000, ""subtotal"": 131000}]",1408000.0,wallet,delivered,2026-07-14T16:22:46.476643
ORD-20260715-708979,2026-07-15T11:43:52.476643,ZAF-TBZ-001,CUST-10394,delivery,"[{""item_id"": ""ITEM-301"", ""name"": ""Chelo Kabab Koobideh"", ""category"": ""Main Course"", ""quantity"": 1, ""unit_price"": 293000, ""subtotal"": 293000}, {""item_id"": ""ITEM-306"", ""name"": ""Tahchin Morgh"", ""category"": ""Main Course"", ""quantity"": 1, ""unit_price"": 229000, ""subtotal"": 229000}, {""item_id"": ""ITEM-501"", ""name"": ""Bastani Sonnati"", ""category"": ""Dessert"", ""quantity"": 1, ""unit_price"": 78000, ""subtotal"": 78000}, {""item_id"": ""ITEM-502"", ""name"": ""Faloodeh Shirazi"", ""category"": ""Dessert"", ""quantity"": 1, ""unit_price"": 68000, ""subtotal"": 68000}]",668000.0,cash,delivered,2026-07-15T11:43:52.476643
ORD-20260715-365641,2026-07-15T20:07:45.476643,ZAF-THR-001,CUST-10044,takeaway,"[{""item_id"": ""ITEM-105"", ""name"": ""Salad Shirazi"", ""category"": ""Starter"", ""quantity"": 3, ""unit_price"": 56000, ""subtotal"": 168000}, {""item_id"": ""ITEM-303"", ""name"": ""Ghormeh Sabzi"", ""category"": ""Main Course"", ""quantity"": 1, ""unit_price"": 233000, ""subtotal"": 233000}, {""item_id"": ""ITEM-502"", ""name"": ""Faloodeh Shirazi"", ""category"": ""Dessert"", ""quantity"": 1, ""unit_price"": 66000, ""subtotal"": 66000}, {""item_id"": ""ITEM-601"", ""name"": ""Doogh"", ""category"": ""Beverage"", ""quantity"": 3, ""unit_price"": 37000, ""subtotal"": 111000}, {""item_id"": ""ITEM-501"", ""name"": ""Bastani Sonnati"", ""category"": ""Dessert"", ""quantity"": 1, ""unit_price"": 77000, ""subtotal"": 77000}]",655000.0,card,delivered,2026-07-15T20:07:45.476643
ORD-20260715-831871,2026-07-15T22:10:34.476643,ZAF-ISF-001,CUST-10446,delivery,"[{""item_id"": ""ITEM-603"", ""name"": ""Persian Tea (Chai)"", ""category"": ""Beverage"", ""quantity"": 2, ""unit_price"": 25000, ""subtotal"": 50000}, {""item_id"": ""ITEM-604"", ""name"": ""Sharbat-e Ablimoo"", ""category"": ""Beverage"", ""quantity"": 2, ""unit_price"": 40000, ""subtotal"": 80000}, {""item_id"": ""ITEM-502"", ""name"": ""Faloodeh Shirazi"", ""category"": ""Dessert"", ""quantity"": 3, ""unit_price"": 65000, ""subtotal"": 195000}]",325000.0,card,delivered,2026-07-15T22:10:34.476643
ORD-20260716-449218,2026-07-16T18:25:32.476643,ZAF-THR-001,CUST-10023,takeaway,"[{""item_id"": ""ITEM-105"", ""name"": ""Salad Shirazi"", ""category"": ""Starter"", ""quantity"": 3, ""unit_price"": 56000, ""subtotal"": 168000}]",168000.0,wallet,completed,2026-07-16T18:25:32.476643
ORD-20260717-468074,2026-07-17T20:53:44.476643,ZAF-ISF-001,CUST-10014,dine_in,"[{""item_id"": ""ITEM-204"", ""name"": ""Sabzi Polo"", ""category"": ""Main Course"", ""quantity"": 2, ""unit_price"": 98000, ""subtotal"": 196000}, {""item_id"": ""ITEM-503"", ""name"": ""Sholeh Zard"", ""category"": ""Dessert"", ""quantity"": 2, ""unit_price"": 54000, ""subtotal"": 108000}]",304000.0,cash,delivered,2026-07-17T20:53:44.476643
ORD-20260717-141337,2026-07-17T22:22:14.476643,ZAF-MSH-001,CUST-10097,takeaway,"[{""item_id"": ""ITEM-204"", ""name"": ""Sabzi Polo"", ""category"": ""Main Course"", ""quantity"": 1, ""unit_price"": 92000, ""subtotal"": 92000}, {""item_id"": ""ITEM-502"", ""name"": ""Faloodeh Shirazi"", ""category"": ""Dessert"", ""quantity"": 3, ""unit_price"": 66000, ""subtotal"": 198000}, {""item_id"": ""ITEM-601"", ""name"": ""Doogh"", ""category"": ""Beverage"", ""quantity"": 1, ""unit_price"": 36000, ""subtotal"": 36000}, {""item_id"": ""ITEM-504"", ""name"": ""Zoolbia Bamieh"", ""category"": ""Dessert"", ""quantity"": 3, ""unit_price"": 62000, ""subtotal"": 186000}, {""item_id"": ""ITEM-603"", ""name"": ""Persian Tea (Chai)"", ""category"": ""Beverage"", ""quantity"": 3, ""unit_price"": 24000, ""subtotal"": 72000}]",584000.0,card,delivered,2026-07-17T22:22:14.476643
ORD-20260718-637566,2026-07-18T10:57:21.476643,ZAF-TBZ-001,CUST-10398,takeaway,"[{""item_id"": ""ITEM-306"", ""name"": ""Tahchin Morgh"", ""category"": ""Main Course"", ""quantity"": 2, ""unit_price"": 229000, ""subtotal"": 458000}]",458000.0,wallet,completed,2026-07-18T10:57:21.476643
ORD-20260718-705711,2026-07-18T14:43:25.476643,ZAF-THR-002,CUST-10211,takeaway,"[{""item_id"": ""ITEM-602"", ""name"": ""Sharbat-e Sekanjebin"", ""category"": ""Beverage"", ""quantity"": 3, ""unit_price"": 42000, ""subtotal"": 126000}, {""item_id"": ""ITEM-401"", ""name"": ""Sangak Bread"", ""category"": ""Bread"", ""quantity"": 3, ""unit_price"": 24000, ""subtotal"": 72000}, {""item_id"": ""ITEM-306"", ""name"": ""Tahchin Morgh"", ""category"": ""Main Course"", ""quantity"": 2, ""unit_price"": 215000, ""subtotal"": 430000}, {""item_id"": ""ITEM-201"", ""name"": ""Kuku Sabzi"", ""category"": ""Main Course"", ""quantity"": 2, ""unit_price"": 126000, ""subtotal"": 252000}, {""item_id"": ""ITEM-302"", ""name"": ""Joojeh Kabab"", ""category"": ""Main Course"", ""quantity"": 2, ""unit_price"": 262000, ""subtotal"": 524000}]",1404000.0,wallet,completed,2026-07-18T14:43:25.476643
ORD-20260718-995825,2026-07-18T15:23:11.476643,ZAF-SHZ-001,CUST-10217,takeaway,"[{""item_id"": ""ITEM-304"", ""name"": ""Fesenjan"", ""category"": ""Main Course"", ""quantity"": 2, ""unit_price"": 271000, ""subtotal"": 542000}, {""item_id"": ""ITEM-503"", ""name"": ""Sholeh Zard"", ""category"": ""Dessert"", ""quantity"": 2, ""unit_price"": 53000, ""subtotal"": 106000}]",648000.0,card,completed,2026-07-18T15:23:11.476643
ORD-20260718-133653,2026-07-18T17:11:24.476643,ZAF-ISF-001,CUST-10069,delivery,"[{""item_id"": ""ITEM-504"", ""name"": ""Zoolbia Bamieh"", ""category"": ""Dessert"", ""quantity"": 2, ""unit_price"": 58000, ""subtotal"": 116000}, {""item_id"": ""ITEM-202"", ""name"": ""Adas Polo"", ""category"": ""Main Course"", ""quantity"": 1, ""unit_price"": 131000, ""subtotal"": 131000}, {""item_id"": ""ITEM-501"", ""name"": ""Bastani Sonnati"", ""category"": ""Dessert"", ""quantity"": 2, ""unit_price"": 78000, ""subtotal"": 156000}, {""item_id"": ""ITEM-302"", ""name"": ""Joojeh Kabab"", ""category"": ""Main Course"", ""quantity"": 1, ""unit_price"": 248000, ""subtotal"": 248000}]",651000.0,wallet,delivered,2026-07-18T17:11:24.476643
ORD-20260718-687234,2026-07-18T18:25:54.476643,ZAF-THR-002,CUST-10436,takeaway,"[{""item_id"": ""ITEM-102"", ""name"": ""Kashke Bademjan"", ""category"": ""Starter"", ""quantity"": 1, ""unit_price"": 96000, ""subtotal"": 96000}, {""item_id"": ""ITEM-302"", ""name"": ""Joojeh Kabab"", ""category"": ""Main Course"", ""quantity"": 1, ""unit_price"": 262000, ""subtotal"": 262000}, {""item_id"": ""ITEM-401"", ""name"": ""Sangak Bread"", ""category"": ""Bread"", ""quantity"": 3, ""unit_price"": 24000, ""subtotal"": 72000}]",430000.0,cash,completed,2026-07-18T18:25:54.476643
ORD-20260718-406313,2026-07-18T19:50:54.476643,ZAF-THR-001,CUST-10421,delivery,"[{""item_id"": ""ITEM-102"", ""name"": ""Kashke Bademjan"", ""category"": ""Starter"", ""quantity"": 1, ""unit_price"": 90000, ""subtotal"": 90000}, {""item_id"": ""ITEM-307"", ""name"": ""Abgoosht (Dizi)"", ""category"": ""Main Course"", ""quantity"": 1, ""unit_price"": 190000, ""subtotal"": 190000}, {""item_id"": ""ITEM-104"", ""name"": ""Dolme Barg"", ""category"": ""Starter"", ""quantity"": 2, ""unit_price"": 107000, ""subtotal"": 214000}, {""item_id"": ""ITEM-201"", ""name"": ""Kuku Sabzi"", ""category"": ""Main Course"", ""quantity"": 1, ""unit_price"": 122000, ""subtotal"": 122000}, {""item_id"": ""ITEM-501"", ""name"": ""Bastani Sonnati"", ""category"": ""Dessert"", ""quantity"": 3, ""unit_price"": 77000, ""subtotal"": 231000}]",847000.0,card,completed,2026-07-18T19:50:54.476643
ORD-20260718-600646,2026-07-18T20:57:25.476643,ZAF-SHZ-001,CUST-10263,takeaway,"[{""item_id"": ""ITEM-103"", ""name"": ""Mirza Ghasemi"", ""category"": ""Starter"", ""quantity"": 1, ""unit_price"": 94000, ""subtotal"": 94000}, {""item_id"": ""ITEM-303"", ""name"": ""Ghormeh Sabzi"", ""category"": ""Main Course"", ""quantity"": 1, ""unit_price"": 257000, ""subtotal"": 257000}, {""item_id"": ""ITEM-502"", ""name"": ""Faloodeh Shirazi"", ""category"": ""Dessert"", ""quantity"": 1, ""unit_price"": 66000, ""subtotal"": 66000}]",417000.0,cash,delivered,2026-07-18T20:57:25.476643
ORD-20260718-385577,2026-07-18T22:41:33.476643,ZAF-THR-001,CUST-10341,takeaway,"[{""item_id"": ""ITEM-205"", ""name"": ""Baghali Polo"", ""category"": ""Main Course"", ""quantity"": 1, ""unit_price"": 110000, ""subtotal"": 110000}, {""item_id"": ""ITEM-502"", ""name"": ""Faloodeh Shirazi"", ""category"": ""Dessert"", ""quantity"": 1, ""unit_price"": 66000, ""subtotal"": 66000}, {""item_id"": ""ITEM-104"", ""name"": ""Dolme Barg"", ""category"": ""Starter"", ""quantity"": 3, ""unit_price"": 107000, ""subtotal"": 321000}, {""item_id"": ""ITEM-105"", ""name"": ""Salad Shirazi"", ""category"": ""Starter"", ""quantity"": 3, ""unit_price"": 56000, ""subtotal"": 168000}, {""item_id"": ""ITEM-204"", ""name"": ""Sabzi Polo"", ""category"": ""Main Course"", ""quantity"": 1, ""unit_price"": 94000, ""subtotal"": 94000}]",759000.0,wallet,delivered,2026-07-18T22:41:33.476643
ORD-20260719-546980,2026-07-19T10:46:50.476643,ZAF-MSH-001,CUST-10266,delivery,"[{""item_id"": ""ITEM-305"", ""name"": ""Zereshk Polo ba Morgh"", ""category"": ""Main Course"", ""quantity"": 1, ""unit_price"": 221000, ""subtotal"": 221000}, {""item_id"": ""ITEM-501"", ""name"": ""Bastani Sonnati"", ""category"": ""Dessert"", ""quantity"": 2, ""unit_price"": 72000, ""subtotal"": 144000}, {""item_id"": ""ITEM-101"", ""name"": ""Mast-o Khiar"", ""category"": ""Starter"", ""quantity"": 2, ""unit_price"": 65000, ""subtotal"": 130000}]",495000.0,cash,completed,2026-07-19T10:46:50.476643
ORD-20260719-476224,2026-07-19T20:10:48.476643,ZAF-TBZ-001,CUST-10071,dine_in,"[{""item_id"": ""ITEM-201"", ""name"": ""Kuku Sabzi"", ""category"": ""Main Course"", ""quantity"": 1, ""unit_price"": 122000, ""subtotal"": 122000}, {""item_id"": ""ITEM-402"", ""name"": ""Barbari Bread"", ""category"": ""Bread"", ""quantity"": 3, ""unit_price"": 22000, ""subtotal"": 66000}, {""item_id"": ""ITEM-502"", ""name"": ""Faloodeh Shirazi"", ""category"": ""Dessert"", ""quantity"": 3, ""unit_price"": 68000, ""subtotal"": 204000}, {""item_id"": ""ITEM-604"", ""name"": ""Sharbat-e Ablimoo"", ""category"": ""Beverage"", ""quantity"": 2, ""unit_price"": 37000, ""subtotal"": 74000}]",466000.0,cash,completed,2026-07-19T20:10:48.476643
ORD-20260719-309385,2026-07-19T22:28:39.476643,ZAF-THR-002,CUST-10225,delivery,"[{""item_id"": ""ITEM-603"", ""name"": ""Persian Tea (Chai)"", ""category"": ""Beverage"", ""quantity"": 1, ""unit_price"": 25000, ""subtotal"": 25000}]",25000.0,card,delivered,2026-07-19T22:28:39.476643
ORD-20260719-572700,2026-07-19T22:58:34.476643,ZAF-SHZ-001,CUST-10238,dine_in,"[{""item_id"": ""ITEM-603"", ""name"": ""Persian Tea (Chai)"", ""category"": ""Beverage"", ""quantity"": 2, ""unit_price"": 26000, ""subtotal"": 52000}, {""item_id"": ""ITEM-504"", ""name"": ""Zoolbia Bamieh"", ""category"": ""Dessert"", ""quantity"": 1, ""unit_price"": 60000, ""subtotal"": 60000}, {""item_id"": ""ITEM-402"", ""name"": ""Barbari Bread"", ""category"": ""Bread"", ""quantity"": 1, ""unit_price"": 22000, ""subtotal"": 22000}, {""item_id"": ""ITEM-204"", ""name"": ""Sabzi Polo"", ""category"": ""Main Course"", ""quantity"": 2, ""unit_price"": 98000, ""subtotal"": 196000}]",330000.0,card,completed,2026-07-19T22:58:34.476643
ORD-20260720-838083,2026-07-20T11:15:40.476643,ZAF-MSH-001,CUST-10471,dine_in,"[{""item_id"": ""ITEM-203"", ""name"": ""Ash Reshteh"", ""category"": ""Main Course"", ""quantity"": 2, ""unit_price"": 107000, ""subtotal"": 214000}, {""item_id"": ""ITEM-504"", ""name"": ""Zoolbia Bamieh"", ""category"": ""Dessert"", ""quantity"": 1, ""unit_price"": 62000, ""subtotal"": 62000}, {""item_id"": ""ITEM-103"", ""name"": ""Mirza Ghasemi"", ""category"": ""Starter"", ""quantity"": 3, ""unit_price"": 88000, ""subtotal"": 264000}]",540000.0,card,delivered,2026-07-20T11:15:40.476643
ORD-20260720-322526,2026-07-20T17:58:15.476643,ZAF-ISF-001,CUST-10298,delivery,"[{""item_id"": ""ITEM-103"", ""name"": ""Mirza Ghasemi"", ""category"": ""Starter"", ""quantity"": 2, ""unit_price"": 87000, ""subtotal"": 174000}, {""item_id"": ""ITEM-101"", ""name"": ""Mast-o Khiar"", ""category"": ""Starter"", ""quantity"": 3, ""unit_price"": 63000, ""subtotal"": 189000}, {""item_id"": ""ITEM-306"", ""name"": ""Tahchin Morgh"", ""category"": ""Main Course"", ""quantity"": 2, ""unit_price"": 230000, ""subtotal"": 460000}, {""item_id"": ""ITEM-105"", ""name"": ""Salad Shirazi"", ""category"": ""Starter"", ""quantity"": 3, ""unit_price"": 58000, ""subtotal"": 174000}]",997000.0,card,completed,2026-07-20T17:58:15.476643
ORD-20260721-785761,2026-07-21T13:59:34.476643,ZAF-SHZ-001,CUST-10480,takeaway,"[{""item_id"": ""ITEM-104"", ""name"": ""Dolme Barg"", ""category"": ""Starter"", ""quantity"": 2, ""unit_price"": 110000, ""subtotal"": 220000}, {""item_id"": ""ITEM-203"", ""name"": ""Ash Reshteh"", ""category"": ""Main Course"", ""quantity"": 1, ""unit_price"": 106000, ""subtotal"": 106000}, {""item_id"": ""ITEM-202"", ""name"": ""Adas Polo"", ""category"": ""Main Course"", ""quantity"": 1, ""unit_price"": 125000, ""subtotal"": 125000}, {""item_id"": ""ITEM-302"", ""name"": ""Joojeh Kabab"", ""category"": ""Main Course"", ""quantity"": 2, ""unit_price"": 257000, ""subtotal"": 514000}]",965000.0,cash,completed,2026-07-21T13:59:34.476643
ORD-20260721-701969,2026-07-21T18:32:06.476643,ZAF-THR-002,CUST-10277,dine_in,"[{""item_id"": ""ITEM-401"", ""name"": ""Sangak Bread"", ""category"": ""Bread"", ""quantity"": 1, ""unit_price"": 24000, ""subtotal"": 24000}, {""item_id"": ""ITEM-301"", ""name"": ""Chelo Kabab Koobideh"", ""category"": ""Main Course"", ""quantity"": 3, ""unit_price"": 295000, ""subtotal"": 885000}, {""item_id"": ""ITEM-204"", ""name"": ""Sabzi Polo"", ""category"": ""Main Course"", ""quantity"": 2, ""unit_price"": 98000, ""subtotal"": 196000}]",1105000.0,cash,delivered,2026-07-21T18:32:06.476643
ORD-20260721-747703,2026-07-21T19:44:08.476643,ZAF-SHZ-001,CUST-10425,dine_in,"[{""item_id"": ""ITEM-307"", ""name"": ""Abgoosht (Dizi)"", ""category"": ""Main Course"", ""quantity"": 3, ""unit_price"": 185000, ""subtotal"": 555000}]",555000.0,card,delivered,2026-07-21T19:44:08.476643
ORD-20260721-853629,2026-07-21T21:25:41.476643,ZAF-THR-001,CUST-10436,takeaway,"[{""item_id"": ""ITEM-604"", ""name"": ""Sharbat-e Ablimoo"", ""category"": ""Beverage"", ""quantity"": 2, ""unit_price"": 36000, ""subtotal"": 72000}, {""item_id"": ""ITEM-502"", ""name"": ""Faloodeh Shirazi"", ""category"": ""Dessert"", ""quantity"": 2, ""unit_price"": 66000, ""subtotal"": 132000}, {""item_id"": ""ITEM-401"", ""name"": ""Sangak Bread"", ""category"": ""Bread"", ""quantity"": 3, ""unit_price"": 25000, ""subtotal"": 75000}]",279000.0,wallet,delivered,2026-07-21T21:25:41.476643
ORD-20260722-925954,2026-07-22T11:24:57.476643,ZAF-MSH-001,CUST-10170,delivery,"[{""item_id"": ""ITEM-102"", ""name"": ""Kashke Bademjan"", ""category"": ""Starter"", ""quantity"": 3, ""unit_price"": 95000, ""subtotal"": 285000}, {""item_id"": ""ITEM-205"", ""name"": ""Baghali Polo"", ""category"": ""Main Course"", ""quantity"": 3, ""unit_price"": 113000, ""subtotal"": 339000}, {""item_id"": ""ITEM-304"", ""name"": ""Fesenjan"", ""category"": ""Main Course"", ""quantity"": 3, ""unit_price"": 270000, ""subtotal"": 810000}, {""item_id"": ""ITEM-601"", ""name"": ""Doogh"", ""category"": ""Beverage"", ""quantity"": 3, ""unit_price"": 36000, ""subtotal"": 108000}, {""item_id"": ""ITEM-204"", ""name"": ""Sabzi Polo"", ""category"": ""Main Course"", ""quantity"": 1, ""unit_price"": 92000, ""subtotal"": 92000}]",1634000.0,cash,completed,2026-07-22T11:24:57.476643
ORD-20260722-101139,2026-07-22T14:46:44.476643,ZAF-THR-002,CUST-10219,dine_in,"[{""item_id"": ""ITEM-503"", ""name"": ""Sholeh Zard"", ""category"": ""Dessert"", ""quantity"": 1, ""unit_price"": 54000, ""subtotal"": 54000}]",54000.0,card,delivered,2026-07-22T14:46:44.476643
ORD-20260722-886224,2026-07-22T16:24:28.476643,ZAF-THR-001,CUST-10324,takeaway,"[{""item_id"": ""ITEM-303"", ""name"": ""Ghormeh Sabzi"", ""category"": ""Main Course"", ""quantity"": 3, ""unit_price"": 233000, ""subtotal"": 699000}]",699000.0,wallet,completed,2026-07-22T16:24:28.476643
ORD-20260722-171488,2026-07-22T19:53:42.476643,ZAF-ISF-001,CUST-10251,delivery,"[{""item_id"": ""ITEM-401"", ""name"": ""Sangak Bread"", ""category"": ""Bread"", ""quantity"": 2, ""unit_price"": 25000, ""subtotal"": 50000}, {""item_id"": ""ITEM-302"", ""name"": ""Joojeh Kabab"", ""category"": ""Main Course"", ""quantity"": 3, ""unit_price"": 248000, ""subtotal"": 744000}, {""item_id"": ""ITEM-103"", ""name"": ""Mirza Ghasemi"", ""category"": ""Starter"", ""quantity"": 1, ""unit_price"": 87000, ""subtotal"": 87000}, {""item_id"": ""ITEM-602"", ""name"": ""Sharbat-e Sekanjebin"", ""category"": ""Beverage"", ""quantity"": 1, ""unit_price"": 39000, ""subtotal"": 39000}, {""item_id"": ""ITEM-503"", ""name"": ""Sholeh Zard"", ""category"": ""Dessert"", ""quantity"": 3, ""unit_price"": 54000, ""subtotal"": 162000}]",1082000.0,cash,completed,2026-07-22T19:53:42.476643
ORD-20260722-583439,2026-07-22T20:30:44.476643,ZAF-THR-001,CUST-10191,delivery,"[{""item_id"": ""ITEM-504"", ""name"": ""Zoolbia Bamieh"", ""category"": ""Dessert"", ""quantity"": 1, ""unit_price"": 58000, ""subtotal"": 58000}, {""item_id"": ""ITEM-402"", ""name"": ""Barbari Bread"", ""category"": ""Bread"", ""quantity"": 3, ""unit_price"": 23000, ""subtotal"": 69000}, {""item_id"": ""ITEM-101"", ""name"": ""Mast-o Khiar"", ""category"": ""Starter"", ""quantity"": 1, ""unit_price"": 66000, ""subtotal"": 66000}, {""item_id"": ""ITEM-604"", ""name"": ""Sharbat-e Ablimoo"", ""category"": ""Beverage"", ""quantity"": 1, ""unit_price"": 36000, ""subtotal"": 36000}, {""item_id"": ""ITEM-204"", ""name"": ""Sabzi Polo"", ""category"": ""Main Course"", ""quantity"": 2, ""unit_price"": 94000, ""subtotal"": 188000}]",417000.0,cash,completed,2026-07-22T20:30:44.476643
ORD-20260722-182860,2026-07-22T21:32:49.476643,ZAF-SHZ-001,CUST-10216,delivery,"[{""item_id"": ""ITEM-103"", ""name"": ""Mirza Ghasemi"", ""category"": ""Starter"", ""quantity"": 1, ""unit_price"": 94000, ""subtotal"": 94000}, {""item_id"": ""ITEM-501"", ""name"": ""Bastani Sonnati"", ""category"": ""Dessert"", ""quantity"": 2, ""unit_price"": 73000, ""subtotal"": 146000}, {""item_id"": ""ITEM-401"", ""name"": ""Sangak Bread"", ""category"": ""Bread"", ""quantity"": 1, ""unit_price"": 26000, ""subtotal"": 26000}, {""item_id"": ""ITEM-403"", ""name"": ""Lavash Bread"", ""category"": ""Bread"", ""quantity"": 2, ""unit_price"": 15000, ""subtotal"": 30000}]",296000.0,cash,delivered,2026-07-22T21:32:49.476643
ORD-20260723-963185,2026-07-23T15:56:51.476643,ZAF-MSH-001,CUST-10208,takeaway,"[{""item_id"": ""ITEM-204"", ""name"": ""Sabzi Polo"", ""category"": ""Main Course"", ""quantity"": 1, ""unit_price"": 92000, ""subtotal"": 92000}]",92000.0,card,completed,2026-07-23T15:56:51.476643
ORD-20260723-772580,2026-07-23T16:27:20.476643,ZAF-THR-001,CUST-10199,delivery,"[{""item_id"": ""ITEM-401"", ""name"": ""Sangak Bread"", ""category"": ""Bread"", ""quantity"": 1, ""unit_price"": 25000, ""subtotal"": 25000}]",25000.0,wallet,delivered,2026-07-23T16:27:20.476643
ORD-20260723-583863,2026-07-23T19:51:15.476643,ZAF-MSH-001,CUST-10081,dine_in,"[{""item_id"": ""ITEM-401"", ""name"": ""Sangak Bread"", ""category"": ""Bread"", ""quantity"": 1, ""unit_price"": 25000, ""subtotal"": 25000}, {""item_id"": ""ITEM-101"", ""name"": ""Mast-o Khiar"", ""category"": ""Starter"", ""quantity"": 1, ""unit_price"": 65000, ""subtotal"": 65000}, {""item_id"": ""ITEM-304"", ""name"": ""Fesenjan"", ""category"": ""Main Course"", ""quantity"": 1, ""unit_price"": 270000, ""subtotal"": 270000}]",360000.0,wallet,delivered,2026-07-23T19:51:15.476643
ORD-20260723-612982,2026-07-23T20:28:23.476643,ZAF-THR-001,CUST-10061,delivery,"[{""item_id"": ""ITEM-103"", ""name"": ""Mirza Ghasemi"", ""category"": ""Starter"", ""quantity"": 1, ""unit_price"": 88000, ""subtotal"": 88000}]",88000.0,wallet,delivered,2026-07-23T20:28:23.476643
ORD-20260723-859813,2026-07-23T21:27:26.476643,ZAF-SHZ-001,CUST-10377,delivery,"[{""item_id"": ""ITEM-403"", ""name"": ""Lavash Bread"", ""category"": ""Bread"", ""quantity"": 2, ""unit_price"": 15000, ""subtotal"": 30000}, {""item_id"": ""ITEM-504"", ""name"": ""Zoolbia Bamieh"", ""category"": ""Dessert"", ""quantity"": 2, ""unit_price"": 60000, ""subtotal"": 120000}, {""item_id"": ""ITEM-401"", ""name"": ""Sangak Bread"", ""category"": ""Bread"", ""quantity"": 2, ""unit_price"": 26000, ""subtotal"": 52000}, {""item_id"": ""ITEM-205"", ""name"": ""Baghali Polo"", ""category"": ""Main Course"", ""quantity"": 3, ""unit_price"": 114000, ""subtotal"": 342000}, {""item_id"": ""ITEM-102"", ""name"": ""Kashke Bademjan"", ""category"": ""Starter"", ""quantity"": 3, ""unit_price"": 92000, ""subtotal"": 276000}]",820000.0,wallet,completed,2026-07-23T21:27:26.476643
ORD-20260723-856601,2026-07-23T21:51:42.476643,ZAF-TBZ-001,CUST-10498,delivery,"[{""item_id"": ""ITEM-304"", ""name"": ""Fesenjan"", ""category"": ""Main Course"", ""quantity"": 3, ""unit_price"": 265000, ""subtotal"": 795000}, {""item_id"": ""ITEM-303"", ""name"": ""Ghormeh Sabzi"", ""category"": ""Main Course"", ""quantity"": 3, ""unit_price"": 233000, ""subtotal"": 699000}, {""item_id"": ""ITEM-502"", ""name"": ""Faloodeh Shirazi"", ""category"": ""Dessert"", ""quantity"": 2, ""unit_price"": 68000, ""subtotal"": 136000}]",1630000.0,card,completed,2026-07-23T21:51:42.476643
ORD-20260724-663658,2026-07-24T17:58:44.476643,ZAF-ISF-001,CUST-10332,dine_in,"[{""item_id"": ""ITEM-104"", ""name"": ""Dolme Barg"", ""category"": ""Starter"", ""quantity"": 2, ""unit_price"": 109000, ""subtotal"": 218000}, {""item_id"": ""ITEM-105"", ""name"": ""Salad Shirazi"", ""category"": ""Starter"", ""quantity"": 1, ""unit_price"": 58000, ""subtotal"": 58000}, {""item_id"": ""ITEM-102"", ""name"": ""Kashke Bademjan"", ""category"": ""Starter"", ""quantity"": 1, ""unit_price"": 97000, ""subtotal"": 97000}, {""item_id"": ""ITEM-205"", ""name"": ""Baghali Polo"", ""category"": ""Main Course"", ""quantity"": 1, ""unit_price"": 118000, ""subtotal"": 118000}]",491000.0,card,completed,2026-07-24T17:58:44.476643
ORD-20260724-152973,2026-07-24T22:40:24.476643,ZAF-THR-001,CUST-10156,delivery,"[{""item_id"": ""ITEM-102"", ""name"": ""Kashke Bademjan"", ""category"": ""Starter"", ""quantity"": 2, ""unit_price"": 90000, ""subtotal"": 180000}, {""item_id"": ""ITEM-301"", ""name"": ""Chelo Kabab Koobideh"", ""category"": ""Main Course"", ""quantity"": 3, ""unit_price"": 277000, ""subtotal"": 831000}, {""item_id"": ""ITEM-401"", ""name"": ""Sangak Bread"", ""category"": ""Bread"", ""quantity"": 3, ""unit_price"": 25000, ""subtotal"": 75000}, {""item_id"": ""ITEM-402"", ""name"": ""Barbari Bread"", ""category"": ""Bread"", ""quantity"": 1, ""unit_price"": 23000, ""subtotal"": 23000}, {""item_id"": ""ITEM-105"", ""name"": ""Salad Shirazi"", ""category"": ""Starter"", ""quantity"": 1, ""unit_price"": 56000, ""subtotal"": 56000}]",1165000.0,wallet,completed,2026-07-24T22:40:24.476643
ORD-20260725-876646,2026-07-25T11:01:47.476643,ZAF-ISF-001,CUST-10125,delivery,"[{""item_id"": ""ITEM-105"", ""name"": ""Salad Shirazi"", ""category"": ""Starter"", ""quantity"": 1, ""unit_price"": 58000, ""subtotal"": 58000}, {""item_id"": ""ITEM-504"", ""name"": ""Zoolbia Bamieh"", ""category"": ""Dessert"", ""quantity"": 3, ""unit_price"": 58000, ""subtotal"": 174000}]",232000.0,cash,completed,2026-07-25T11:01:47.476643
ORD-20260725-784607,2026-07-25T13:03:06.476643,ZAF-SHZ-001,CUST-10169,takeaway,"[{""item_id"": ""ITEM-104"", ""name"": ""Dolme Barg"", ""category"": ""Starter"", ""quantity"": 1, ""unit_price"": 110000, ""subtotal"": 110000}, {""item_id"": ""ITEM-502"", ""name"": ""Faloodeh Shirazi"", ""category"": ""Dessert"", ""quantity"": 3, ""unit_price"": 66000, ""subtotal"": 198000}, {""item_id"": ""ITEM-601"", ""name"": ""Doogh"", ""category"": ""Beverage"", ""quantity"": 1, ""unit_price"": 35000, ""subtotal"": 35000}, {""item_id"": ""ITEM-105"", ""name"": ""Salad Shirazi"", ""category"": ""Starter"", ""quantity"": 2, ""unit_price"": 53000, ""subtotal"": 106000}]",449000.0,card,delivered,2026-07-25T13:03:06.476643
ORD-20260725-443939,2026-07-25T15:06:43.476643,ZAF-THR-002,CUST-10241,delivery,"[{""item_id"": ""ITEM-403"", ""name"": ""Lavash Bread"", ""category"": ""Bread"", ""quantity"": 3, ""unit_price"": 15000, ""subtotal"": 45000}]",45000.0,cash,delivered,2026-07-25T15:06:43.476643
ORD-20260725-501393,2026-07-25T17:59:17.476643,ZAF-SHZ-001,CUST-10354,takeaway,"[{""item_id"": ""ITEM-204"", ""name"": ""Sabzi Polo"", ""category"": ""Main Course"", ""quantity"": 1, ""unit_price"": 98000, ""subtotal"": 98000}, {""item_id"": ""ITEM-201"", ""name"": ""Kuku Sabzi"", ""category"": ""Main Course"", ""quantity"": 2, ""unit_price"": 115000, ""subtotal"": 230000}, {""item_id"": ""ITEM-601"", ""name"": ""Doogh"", ""category"": ""Beverage"", ""quantity"": 1, ""unit_price"": 35000, ""subtotal"": 35000}]",363000.0,card,delivered,2026-07-25T17:59:17.476643
ORD-20260725-557019,2026-07-25T18:16:22.476643,ZAF-SHZ-001,CUST-10246,delivery,"[{""item_id"": ""ITEM-305"", ""name"": ""Zereshk Polo ba Morgh"", ""category"": ""Main Course"", ""quantity"": 1, ""unit_price"": 241000, ""subtotal"": 241000}, {""item_id"": ""ITEM-201"", ""name"": ""Kuku Sabzi"", ""category"": ""Main Course"", ""quantity"": 1, ""unit_price"": 115000, ""subtotal"": 115000}, {""item_id"": ""ITEM-203"", ""name"": ""Ash Reshteh"", ""category"": ""Main Course"", ""quantity"": 1, ""unit_price"": 106000, ""subtotal"": 106000}, {""item_id"": ""ITEM-105"", ""name"": ""Salad Shirazi"", ""category"": ""Starter"", ""quantity"": 2, ""unit_price"": 53000, ""subtotal"": 106000}, {""item_id"": ""ITEM-602"", ""name"": ""Sharbat-e Sekanjebin"", ""category"": ""Beverage"", ""quantity"": 3, ""unit_price"": 42000, ""subtotal"": 126000}]",694000.0,wallet,completed,2026-07-25T18:16:22.476643
ORD-20260726-535810,2026-07-26T14:30:15.476643,ZAF-MSH-001,CUST-10207,takeaway,"[{""item_id"": ""ITEM-305"", ""name"": ""Zereshk Polo ba Morgh"", ""category"": ""Main Course"", ""quantity"": 1, ""unit_price"": 221000, ""subtotal"": 221000}, {""item_id"": ""ITEM-103"", ""name"": ""Mirza Ghasemi"", ""category"": ""Starter"", ""quantity"": 1, ""unit_price"": 88000, ""subtotal"": 88000}, {""item_id"": ""ITEM-503"", ""name"": ""Sholeh Zard"", ""category"": ""Dessert"", ""quantity"": 2, ""unit_price"": 54000, ""subtotal"": 108000}]",417000.0,card,delivered,2026-07-26T14:30:15.476643
ORD-20260726-613111,2026-07-26T16:22:30.476643,ZAF-MSH-001,CUST-10308,takeaway,"[{""item_id"": ""ITEM-306"", ""name"": ""Tahchin Morgh"", ""category"": ""Main Course"", ""quantity"": 2, ""unit_price"": 214000, ""subtotal"": 428000}, {""item_id"": ""ITEM-307"", ""name"": ""Abgoosht (Dizi)"", ""category"": ""Main Course"", ""quantity"": 1, ""unit_price"": 192000, ""subtotal"": 192000}, {""item_id"": ""ITEM-204"", ""name"": ""Sabzi Polo"", ""category"": ""Main Course"", ""quantity"": 1, ""unit_price"": 92000, ""subtotal"": 92000}, {""item_id"": ""ITEM-105"", ""name"": ""Salad Shirazi"", ""category"": ""Starter"", ""quantity"": 2, ""unit_price"": 55000, ""subtotal"": 110000}]",822000.0,cash,delivered,2026-07-26T16:22:30.476643
ORD-20260726-657695,2026-07-26T18:05:12.476643,ZAF-TBZ-001,CUST-10277,dine_in,"[{""item_id"": ""ITEM-601"", ""name"": ""Doogh"", ""category"": ""Beverage"", ""quantity"": 2, ""unit_price"": 33000, ""subtotal"": 66000}, {""item_id"": ""ITEM-102"", ""name"": ""Kashke Bademjan"", ""category"": ""Starter"", ""quantity"": 3, ""unit_price"": 92000, ""subtotal"": 276000}, {""item_id"": ""ITEM-402"", ""name"": ""Barbari Bread"", ""category"": ""Bread"", ""quantity"": 1, ""unit_price"": 22000, ""subtotal"": 22000}, {""item_id"": ""ITEM-307"", ""name"": ""Abgoosht (Dizi)"", ""category"": ""Main Course"", ""quantity"": 1, ""unit_price"": 202000, ""subtotal"": 202000}, {""item_id"": ""ITEM-202"", ""name"": ""Adas Polo"", ""category"": ""Main Course"", ""quantity"": 3, ""unit_price"": 131000, ""subtotal"": 393000}]",959000.0,cash,completed,2026-07-26T18:05:12.476643
ORD-20260726-785280,2026-07-26T21:41:26.476643,ZAF-ISF-001,CUST-10456,takeaway,"[{""item_id"": ""ITEM-305"", ""name"": ""Zereshk Polo ba Morgh"", ""category"": ""Main Course"", ""quantity"": 3, ""unit_price"": 223000, ""subtotal"": 669000}, {""item_id"": ""ITEM-604"", ""name"": ""Sharbat-e Ablimoo"", ""category"": ""Beverage"", ""quantity"": 3, ""unit_price"": 40000, ""subtotal"": 120000}, {""item_id"": ""ITEM-303"", ""name"": ""Ghormeh Sabzi"", ""category"": ""Main Course"", ""quantity"": 3, ""unit_price"": 240000, ""subtotal"": 720000}, {""item_id"": ""ITEM-103"", ""name"": ""Mirza Ghasemi"", ""category"": ""Starter"", ""quantity"": 1, ""unit_price"": 87000, ""subtotal"": 87000}]",1596000.0,cash,delivered,2026-07-26T21:41:26.476643
ORD-20260727-790666,2026-07-27T10:12:10.476643,ZAF-ISF-001,CUST-10069,delivery,"[{""item_id"": ""ITEM-204"", ""name"": ""Sabzi Polo"", ""category"": ""Main Course"", ""quantity"": 2, ""unit_price"": 98000, ""subtotal"": 196000}]",196000.0,cash,delivered,2026-07-27T10:12:10.476643
ORD-20260727-533232,2026-07-27T10:38:30.476643,ZAF-THR-001,CUST-10461,delivery,"[{""item_id"": ""ITEM-502"", ""name"": ""Faloodeh Shirazi"", ""category"": ""Dessert"", ""quantity"": 1, ""unit_price"": 66000, ""subtotal"": 66000}]",66000.0,wallet,completed,2026-07-27T10:38:30.476643
ORD-20260727-608960,2026-07-27T12:16:43.476643,ZAF-TBZ-001,CUST-10120,delivery,"[{""item_id"": ""ITEM-203"", ""name"": ""Ash Reshteh"", ""category"": ""Main Course"", ""quantity"": 1, ""unit_price"": 101000, ""subtotal"": 101000}, {""item_id"": ""ITEM-104"", ""name"": ""Dolme Barg"", ""category"": ""Starter"", ""quantity"": 1, ""unit_price"": 114000, ""subtotal"": 114000}, {""item_id"": ""ITEM-105"", ""name"": ""Salad Shirazi"", ""category"": ""Starter"", ""quantity"": 2, ""unit_price"": 54000, ""subtotal"": 108000}, {""item_id"": ""ITEM-202"", ""name"": ""Adas Polo"", ""category"": ""Main Course"", ""quantity"": 2, ""unit_price"": 131000, ""subtotal"": 262000}]",585000.0,card,completed,2026-07-27T12:16:43.476643
ORD-20260727-332785,2026-07-27T19:02:36.476643,ZAF-MSH-001,CUST-10346,delivery,"[{""item_id"": ""ITEM-601"", ""name"": ""Doogh"", ""category"": ""Beverage"", ""quantity"": 1, ""unit_price"": 36000, ""subtotal"": 36000}, {""item_id"": ""ITEM-301"", ""name"": ""Chelo Kabab Koobideh"", ""category"": ""Main Course"", ""quantity"": 1, ""unit_price"": 299000, ""subtotal"": 299000}, {""item_id"": ""ITEM-602"", ""name"": ""Sharbat-e Sekanjebin"", ""category"": ""Beverage"", ""quantity"": 1, ""unit_price"": 38000, ""subtotal"": 38000}, {""item_id"": ""ITEM-304"", ""name"": ""Fesenjan"", ""category"": ""Main Course"", ""quantity"": 2, ""unit_price"": 270000, ""subtotal"": 540000}]",913000.0,wallet,delivered,2026-07-27T19:02:36.476643
ORD-20260727-602248,2026-07-27T21:18:30.476643,ZAF-ISF-001,CUST-10496,dine_in,"[{""item_id"": ""ITEM-502"", ""name"": ""Faloodeh Shirazi"", ""category"": ""Dessert"", ""quantity"": 2, ""unit_price"": 65000, ""subtotal"": 130000}, {""item_id"": ""ITEM-105"", ""name"": ""Salad Shirazi"", ""category"": ""Starter"", ""quantity"": 2, ""unit_price"": 58000, ""subtotal"": 116000}, {""item_id"": ""ITEM-602"", ""name"": ""Sharbat-e Sekanjebin"", ""category"": ""Beverage"", ""quantity"": 3, ""unit_price"": 39000, ""subtotal"": 117000}, {""item_id"": ""ITEM-402"", ""name"": ""Barbari Bread"", ""category"": ""Bread"", ""quantity"": 1, ""unit_price"": 22000, ""subtotal"": 22000}, {""item_id"": ""ITEM-504"", ""name"": ""Zoolbia Bamieh"", ""category"": ""Dessert"", ""quantity"": 3, ""unit_price"": 58000, ""subtotal"": 174000}]",559000.0,cash,delivered,2026-07-27T21:18:30.476643
ORD-20260727-797848,2026-07-27T22:41:09.476643,ZAF-THR-001,CUST-10152,dine_in,"[{""item_id"": ""ITEM-602"", ""name"": ""Sharbat-e Sekanjebin"", ""category"": ""Beverage"", ""quantity"": 3, ""unit_price"": 39000, ""subtotal"": 117000}, {""item_id"": ""ITEM-304"", ""name"": ""Fesenjan"", ""category"": ""Main Course"", ""quantity"": 3, ""unit_price"": 262000, ""subtotal"": 786000}, {""item_id"": ""ITEM-504"", ""name"": ""Zoolbia Bamieh"", ""category"": ""Dessert"", ""quantity"": 1, ""unit_price"": 58000, ""subtotal"": 58000}, {""item_id"": ""ITEM-205"", ""name"": ""Baghali Polo"", ""category"": ""Main Course"", ""quantity"": 2, ""unit_price"": 110000, ""subtotal"": 220000}]",1181000.0,card,delivered,2026-07-27T22:41:09.476643
ORD-20260728-350132,2026-07-28T10:48:01.476643,ZAF-THR-002,CUST-10102,dine_in,"[{""item_id"": ""ITEM-403"", ""name"": ""Lavash Bread"", ""category"": ""Bread"", ""quantity"": 1, ""unit_price"": 15000, ""subtotal"": 15000}]",15000.0,card,delivered,2026-07-28T10:48:01.476643
ORD-20260728-274174,2026-07-28T13:27:53.476643,ZAF-MSH-001,CUST-10439,dine_in,"[{""item_id"": ""ITEM-202"", ""name"": ""Adas Polo"", ""category"": ""Main Course"", ""quantity"": 1, ""unit_price"": 131000, ""subtotal"": 131000}, {""item_id"": ""ITEM-103"", ""name"": ""Mirza Ghasemi"", ""category"": ""Starter"", ""quantity"": 2, ""unit_price"": 88000, ""subtotal"": 176000}, {""item_id"": ""ITEM-205"", ""name"": ""Baghali Polo"", ""category"": ""Main Course"", ""quantity"": 2, ""unit_price"": 113000, ""subtotal"": 226000}, {""item_id"": ""ITEM-601"", ""name"": ""Doogh"", ""category"": ""Beverage"", ""quantity"": 1, ""unit_price"": 36000, ""subtotal"": 36000}, {""item_id"": ""ITEM-305"", ""name"": ""Zereshk Polo ba Morgh"", ""category"": ""Main Course"", ""quantity"": 1, ""unit_price"": 221000, ""subtotal"": 221000}]",790000.0,wallet,completed,2026-07-28T13:27:53.476643
ORD-20260728-223481,2026-07-28T14:15:07.476643,ZAF-THR-001,CUST-10376,takeaway,"[{""item_id"": ""ITEM-306"", ""name"": ""Tahchin Morgh"", ""category"": ""Main Course"", ""quantity"": 2, ""unit_price"": 221000, ""subtotal"": 442000}, {""item_id"": ""ITEM-307"", ""name"": ""Abgoosht (Dizi)"", ""category"": ""Main Course"", ""quantity"": 3, ""unit_price"": 190000, ""subtotal"": 570000}]",1012000.0,card,completed,2026-07-28T14:15:07.476643
ORD-20260728-282294,2026-07-28T15:06:45.476643,ZAF-TBZ-001,CUST-10324,takeaway,"[{""item_id"": ""ITEM-603"", ""name"": ""Persian Tea (Chai)"", ""category"": ""Beverage"", ""quantity"": 3, ""unit_price"": 26000, ""subtotal"": 78000}, {""item_id"": ""ITEM-504"", ""name"": ""Zoolbia Bamieh"", ""category"": ""Dessert"", ""quantity"": 3, ""unit_price"": 60000, ""subtotal"": 180000}, {""item_id"": ""ITEM-204"", ""name"": ""Sabzi Polo"", ""category"": ""Main Course"", ""quantity"": 3, ""unit_price"": 97000, ""subtotal"": 291000}]",549000.0,wallet,completed,2026-07-28T15:06:45.476643
ORD-20260728-533108,2026-07-28T15:11:54.476643,ZAF-SHZ-001,CUST-10251,dine_in,"[{""item_id"": ""ITEM-105"", ""name"": ""Salad Shirazi"", ""category"": ""Starter"", ""quantity"": 1, ""unit_price"": 53000, ""subtotal"": 53000}, {""item_id"": ""ITEM-201"", ""name"": ""Kuku Sabzi"", ""category"": ""Main Course"", ""quantity"": 2, ""unit_price"": 115000, ""subtotal"": 230000}, {""item_id"": ""ITEM-202"", ""name"": ""Adas Polo"", ""category"": ""Main Course"", ""quantity"": 1, ""unit_price"": 125000, ""subtotal"": 125000}, {""item_id"": ""ITEM-203"", ""name"": ""Ash Reshteh"", ""category"": ""Main Course"", ""quantity"": 2, ""unit_price"": 106000, ""subtotal"": 212000}]",620000.0,wallet,delivered,2026-07-28T15:11:54.476643
ORD-20260728-840880,2026-07-28T16:59:27.476643,ZAF-MSH-001,CUST-10126,delivery,"[{""item_id"": ""ITEM-306"", ""name"": ""Tahchin Morgh"", ""category"": ""Main Course"", ""quantity"": 2, ""unit_price"": 214000, ""subtotal"": 428000}, {""item_id"": ""ITEM-102"", ""name"": ""Kashke Bademjan"", ""category"": ""Starter"", ""quantity"": 3, ""unit_price"": 95000, ""subtotal"": 285000}]",713000.0,cash,delivered,2026-07-28T16:59:27.476643
ORD-20260728-565897,2026-07-28T22:02:24.476643,ZAF-MSH-001,CUST-10130,takeaway,"[{""item_id"": ""ITEM-403"", ""name"": ""Lavash Bread"", ""category"": ""Bread"", ""quantity"": 1, ""unit_price"": 15000, ""subtotal"": 15000}, {""item_id"": ""ITEM-102"", ""name"": ""Kashke Bademjan"", ""category"": ""Starter"", ""quantity"": 1, ""unit_price"": 95000, ""subtotal"": 95000}, {""item_id"": ""ITEM-502"", ""name"": ""Faloodeh Shirazi"", ""category"": ""Dessert"", ""quantity"": 3, ""unit_price"": 66000, ""subtotal"": 198000}, {""item_id"": ""ITEM-104"", ""name"": ""Dolme Barg"", ""category"": ""Starter"", ""quantity"": 1, ""unit_price"": 114000, ""subtotal"": 114000}, {""item_id"": ""ITEM-501"", ""name"": ""Bastani Sonnati"", ""category"": ""Dessert"", ""quantity"": 2, ""unit_price"": 72000, ""subtotal"": 144000}]",566000.0,cash,completed,2026-07-28T22:02:24.476643
ORD-20260729-438908,2026-07-29T11:11:49.476643,ZAF-MSH-001,CUST-10252,delivery,"[{""item_id"": ""ITEM-601"", ""name"": ""Doogh"", ""category"": ""Beverage"", ""quantity"": 3, ""unit_price"": 36000, ""subtotal"": 108000}, {""item_id"": ""ITEM-402"", ""name"": ""Barbari Bread"", ""category"": ""Bread"", ""quantity"": 3, ""unit_price"": 21000, ""subtotal"": 63000}, {""item_id"": ""ITEM-305"", ""name"": ""Zereshk Polo ba Morgh"", ""category"": ""Main Course"", ""quantity"": 3, ""unit_price"": 221000, ""subtotal"": 663000}, {""item_id"": ""ITEM-502"", ""name"": ""Faloodeh Shirazi"", ""category"": ""Dessert"", ""quantity"": 3, ""unit_price"": 66000, ""subtotal"": 198000}]",1032000.0,card,delivered,2026-07-29T11:11:49.476643
ORD-20260729-511776,2026-07-29T12:44:55.476643,ZAF-THR-002,CUST-10127,takeaway,"[{""item_id"": ""ITEM-503"", ""name"": ""Sholeh Zard"", ""category"": ""Dessert"", ""quantity"": 1, ""unit_price"": 54000, ""subtotal"": 54000}, {""item_id"": ""ITEM-301"", ""name"": ""Chelo Kabab Koobideh"", ""category"": ""Main Course"", ""quantity"": 3, ""unit_price"": 295000, ""subtotal"": 885000}]",939000.0,cash,completed,2026-07-29T12:44:55.476643
ORD-20260729-373995,2026-07-29T13:44:51.476643,ZAF-ISF-001,CUST-10209,delivery,"[{""item_id"": ""ITEM-104"", ""name"": ""Dolme Barg"", ""category"": ""Starter"", ""quantity"": 3, ""unit_price"": 109000, ""subtotal"": 327000}, {""item_id"": ""ITEM-105"", ""name"": ""Salad Shirazi"", ""category"": ""Starter"", ""quantity"": 3, ""unit_price"": 58000, ""subtotal"": 174000}, {""item_id"": ""ITEM-304"", ""name"": ""Fesenjan"", ""category"": ""Main Course"", ""quantity"": 2, ""unit_price"": 264000, ""subtotal"": 528000}]",1029000.0,card,completed,2026-07-29T13:44:51.476643
ORD-20260729-627028,2026-07-29T14:46:27.476643,ZAF-THR-002,CUST-10090,dine_in,"[{""item_id"": ""ITEM-201"", ""name"": ""Kuku Sabzi"", ""category"": ""Main Course"", ""quantity"": 1, ""unit_price"": 126000, ""subtotal"": 126000}, {""item_id"": ""ITEM-503"", ""name"": ""Sholeh Zard"", ""category"": ""Dessert"", ""quantity"": 2, ""unit_price"": 54000, ""subtotal"": 108000}, {""item_id"": ""ITEM-105"", ""name"": ""Salad Shirazi"", ""category"": ""Starter"", ""quantity"": 1, ""unit_price"": 55000, ""subtotal"": 55000}]",289000.0,card,delivered,2026-07-29T14:46:27.476643
ORD-20260729-153231,2026-07-29T14:47:30.476643,ZAF-THR-002,CUST-10103,delivery,"[{""item_id"": ""ITEM-204"", ""name"": ""Sabzi Polo"", ""category"": ""Main Course"", ""quantity"": 3, ""unit_price"": 98000, ""subtotal"": 294000}, {""item_id"": ""ITEM-401"", ""name"": ""Sangak Bread"", ""category"": ""Bread"", ""quantity"": 3, ""unit_price"": 24000, ""subtotal"": 72000}, {""item_id"": ""ITEM-503"", ""name"": ""Sholeh Zard"", ""category"": ""Dessert"", ""quantity"": 3, ""unit_price"": 54000, ""subtotal"": 162000}, {""item_id"": ""ITEM-105"", ""name"": ""Salad Shirazi"", ""category"": ""Starter"", ""quantity"": 1, ""unit_price"": 55000, ""subtotal"": 55000}, {""item_id"": ""ITEM-104"", ""name"": ""Dolme Barg"", ""category"": ""Starter"", ""quantity"": 1, ""unit_price"": 113000, ""subtotal"": 113000}]",696000.0,wallet,delivered,2026-07-29T14:47:30.476643
ORD-20260729-129959,2026-07-29T16:19:14.476643,ZAF-THR-002,CUST-10377,dine_in,"[{""item_id"": ""ITEM-305"", ""name"": ""Zereshk Polo ba Morgh"", ""category"": ""Main Course"", ""quantity"": 1, ""unit_price"": 224000, ""subtotal"": 224000}, {""item_id"": ""ITEM-501"", ""name"": ""Bastani Sonnati"", ""category"": ""Dessert"", ""quantity"": 3, ""unit_price"": 76000, ""subtotal"": 228000}, {""item_id"": ""ITEM-105"", ""name"": ""Salad Shirazi"", ""category"": ""Starter"", ""quantity"": 1, ""unit_price"": 55000, ""subtotal"": 55000}]",507000.0,wallet,completed,2026-07-29T16:19:14.476643
ORD-20260729-645209,2026-07-29T19:25:29.476643,ZAF-MSH-001,CUST-10383,takeaway,"[{""item_id"": ""ITEM-504"", ""name"": ""Zoolbia Bamieh"", ""category"": ""Dessert"", ""quantity"": 3, ""unit_price"": 62000, ""subtotal"": 186000}, {""item_id"": ""ITEM-502"", ""name"": ""Faloodeh Shirazi"", ""category"": ""Dessert"", ""quantity"": 1, ""unit_price"": 66000, ""subtotal"": 66000}]",252000.0,wallet,delivered,2026-07-29T19:25:29.476643
ORD-20260729-607765,2026-07-29T20:50:20.476643,ZAF-SHZ-001,CUST-10303,takeaway,"[{""item_id"": ""ITEM-603"", ""name"": ""Persian Tea (Chai)"", ""category"": ""Beverage"", ""quantity"": 1, ""unit_price"": 26000, ""subtotal"": 26000}, {""item_id"": ""ITEM-401"", ""name"": ""Sangak Bread"", ""category"": ""Bread"", ""quantity"": 2, ""unit_price"": 26000, ""subtotal"": 52000}, {""item_id"": ""ITEM-305"", ""name"": ""Zereshk Polo ba Morgh"", ""category"": ""Main Course"", ""quantity"": 1, ""unit_price"": 241000, ""subtotal"": 241000}, {""item_id"": ""ITEM-205"", ""name"": ""Baghali Polo"", ""category"": ""Main Course"", ""quantity"": 2, ""unit_price"": 114000, ""subtotal"": 228000}, {""item_id"": ""ITEM-402"", ""name"": ""Barbari Bread"", ""category"": ""Bread"", ""quantity"": 1, ""unit_price"": 22000, ""subtotal"": 22000}]",569000.0,card,delivered,2026-07-29T20:50:20.476643
ORD-20260729-957939,2026-07-29T21:24:49.476643,ZAF-MSH-001,CUST-10407,delivery,"[{""item_id"": ""ITEM-601"", ""name"": ""Doogh"", ""category"": ""Beverage"", ""quantity"": 2, ""unit_price"": 36000, ""subtotal"": 72000}]",72000.0,card,completed,2026-07-29T21:24:49.476643
ORD-20260730-648055,2026-07-30T10:15:19.476643,ZAF-THR-001,CUST-10484,takeaway,"[{""item_id"": ""ITEM-602"", ""name"": ""Sharbat-e Sekanjebin"", ""category"": ""Beverage"", ""quantity"": 1, ""unit_price"": 39000, ""subtotal"": 39000}, {""item_id"": ""ITEM-205"", ""name"": ""Baghali Polo"", ""category"": ""Main Course"", ""quantity"": 3, ""unit_price"": 110000, ""subtotal"": 330000}, {""item_id"": ""ITEM-502"", ""name"": ""Faloodeh Shirazi"", ""category"": ""Dessert"", ""quantity"": 2, ""unit_price"": 66000, ""subtotal"": 132000}, {""item_id"": ""ITEM-401"", ""name"": ""Sangak Bread"", ""category"": ""Bread"", ""quantity"": 3, ""unit_price"": 25000, ""subtotal"": 75000}, {""item_id"": ""ITEM-305"", ""name"": ""Zereshk Polo ba Morgh"", ""category"": ""Main Course"", ""quantity"": 2, ""unit_price"": 233000, ""subtotal"": 466000}]",1042000.0,wallet,delivered,2026-07-30T10:15:19.476643
ORD-20260730-979988,2026-07-30T13:17:34.476643,ZAF-MSH-001,CUST-10028,dine_in,"[{""item_id"": ""ITEM-402"", ""name"": ""Barbari Bread"", ""category"": ""Bread"", ""quantity"": 2, ""unit_price"": 21000, ""subtotal"": 42000}, {""item_id"": ""ITEM-604"", ""name"": ""Sharbat-e Ablimoo"", ""category"": ""Beverage"", ""quantity"": 2, ""unit_price"": 39000, ""subtotal"": 78000}]",120000.0,cash,delivered,2026-07-30T13:17:34.476643
ORD-20260730-938769,2026-07-30T15:45:28.476643,ZAF-THR-001,CUST-10049,takeaway,"[{""item_id"": ""ITEM-101"", ""name"": ""Mast-o Khiar"", ""category"": ""Starter"", ""quantity"": 2, ""unit_price"": 66000, ""subtotal"": 132000}, {""item_id"": ""ITEM-301"", ""name"": ""Chelo Kabab Koobideh"", ""category"": ""Main Course"", ""quantity"": 3, ""unit_price"": 277000, ""subtotal"": 831000}]",963000.0,wallet,completed,2026-07-30T15:45:28.476643
ORD-20260730-576467,2026-07-30T16:08:05.476643,ZAF-THR-002,CUST-10328,delivery,"[{""item_id"": ""ITEM-604"", ""name"": ""Sharbat-e Ablimoo"", ""category"": ""Beverage"", ""quantity"": 3, ""unit_price"": 38000, ""subtotal"": 114000}, {""item_id"": ""ITEM-305"", ""name"": ""Zereshk Polo ba Morgh"", ""category"": ""Main Course"", ""quantity"": 2, ""unit_price"": 224000, ""subtotal"": 448000}, {""item_id"": ""ITEM-602"", ""name"": ""Sharbat-e Sekanjebin"", ""category"": ""Beverage"", ""quantity"": 3, ""unit_price"": 42000, ""subtotal"": 126000}, {""item_id"": ""ITEM-503"", ""name"": ""Sholeh Zard"", ""category"": ""Dessert"", ""quantity"": 1, ""unit_price"": 54000, ""subtotal"": 54000}]",742000.0,card,completed,2026-07-30T16:08:05.476643
ORD-20260730-113721,2026-07-30T17:33:39.476643,ZAF-MSH-001,CUST-10302,dine_in,"[{""item_id"": ""ITEM-102"", ""name"": ""Kashke Bademjan"", ""category"": ""Starter"", ""quantity"": 3, ""unit_price"": 95000, ""subtotal"": 285000}, {""item_id"": ""ITEM-302"", ""name"": ""Joojeh Kabab"", ""category"": ""Main Course"", ""quantity"": 3, ""unit_price"": 264000, ""subtotal"": 792000}, {""item_id"": ""ITEM-203"", ""name"": ""Ash Reshteh"", ""category"": ""Main Course"", ""quantity"": 1, ""unit_price"": 107000, ""subtotal"": 107000}]",1184000.0,wallet,completed,2026-07-30T17:33:39.476643
ORD-20260730-437666,2026-07-30T18:52:24.476643,ZAF-THR-002,CUST-10268,dine_in,"[{""item_id"": ""ITEM-601"", ""name"": ""Doogh"", ""category"": ""Beverage"", ""quantity"": 2, ""unit_price"": 34000, ""subtotal"": 68000}, {""item_id"": ""ITEM-401"", ""name"": ""Sangak Bread"", ""category"": ""Bread"", ""quantity"": 2, ""unit_price"": 24000, ""subtotal"": 48000}, {""item_id"": ""ITEM-105"", ""name"": ""Salad Shirazi"", ""category"": ""Starter"", ""quantity"": 2, ""unit_price"": 55000, ""subtotal"": 110000}, {""item_id"": ""ITEM-403"", ""name"": ""Lavash Bread"", ""category"": ""Bread"", ""quantity"": 3, ""unit_price"": 15000, ""subtotal"": 45000}]",271000.0,cash,delivered,2026-07-30T18:52:24.476643
ORD-20260731-574751,2026-07-31T12:15:18.476643,ZAF-ISF-001,CUST-10435,takeaway,"[{""item_id"": ""ITEM-602"", ""name"": ""Sharbat-e Sekanjebin"", ""category"": ""Beverage"", ""quantity"": 3, ""unit_price"": 39000, ""subtotal"": 117000}, {""item_id"": ""ITEM-303"", ""name"": ""Ghormeh Sabzi"", ""category"": ""Main Course"", ""quantity"": 2, ""unit_price"": 240000, ""subtotal"": 480000}, {""item_id"": ""ITEM-503"", ""name"": ""Sholeh Zard"", ""category"": ""Dessert"", ""quantity"": 2, ""unit_price"": 54000, ""subtotal"": 108000}]",705000.0,cash,delivered,2026-07-31T12:15:18.476643
ORD-20260731-852658,2026-07-31T12:28:34.476643,ZAF-ISF-001,CUST-10199,takeaway,"[{""item_id"": ""ITEM-402"", ""name"": ""Barbari Bread"", ""category"": ""Bread"", ""quantity"": 2, ""unit_price"": 22000, ""subtotal"": 44000}, {""item_id"": ""ITEM-305"", ""name"": ""Zereshk Polo ba Morgh"", ""category"": ""Main Course"", ""quantity"": 3, ""unit_price"": 223000, ""subtotal"": 669000}, {""item_id"": ""ITEM-202"", ""name"": ""Adas Polo"", ""category"": ""Main Course"", ""quantity"": 3, ""unit_price"": 131000, ""subtotal"": 393000}, {""item_id"": ""ITEM-502"", ""name"": ""Faloodeh Shirazi"", ""category"": ""Dessert"", ""quantity"": 2, ""unit_price"": 65000, ""subtotal"": 130000}, {""item_id"": ""ITEM-301"", ""name"": ""Chelo Kabab Koobideh"", ""category"": ""Main Course"", ""quantity"": 2, ""unit_price"": 277000, ""subtotal"": 554000}]",1790000.0,cash,delivered,2026-07-31T12:28:34.476643
ORD-20260731-565888,2026-07-31T13:00:40.476643,ZAF-ISF-001,CUST-10008,dine_in,"[{""item_id"": ""ITEM-604"", ""name"": ""Sharbat-e Ablimoo"", ""category"": ""Beverage"", ""quantity"": 3, ""unit_price"": 40000, ""subtotal"": 120000}, {""item_id"": ""ITEM-102"", ""name"": ""Kashke Bademjan"", ""category"": ""Starter"", ""quantity"": 2, ""unit_price"": 97000, ""subtotal"": 194000}, {""item_id"": ""ITEM-602"", ""name"": ""Sharbat-e Sekanjebin"", ""category"": ""Beverage"", ""quantity"": 3, ""unit_price"": 39000, ""subtotal"": 117000}]",431000.0,wallet,completed,2026-07-31T13:00:40.476643
ORD-20260731-355400,2026-07-31T13:41:40.476643,ZAF-TBZ-001,CUST-10497,dine_in,"[{""item_id"": ""ITEM-102"", ""name"": ""Kashke Bademjan"", ""category"": ""Starter"", ""quantity"": 2, ""unit_price"": 92000, ""subtotal"": 184000}]",184000.0,wallet,delivered,2026-07-31T13:41:40.476643
ORD-20260731-548377,2026-07-31T14:19:15.476643,ZAF-THR-001,CUST-10025,dine_in,"[{""item_id"": ""ITEM-402"", ""name"": ""Barbari Bread"", ""category"": ""Bread"", ""quantity"": 1, ""unit_price"": 23000, ""subtotal"": 23000}, {""item_id"": ""ITEM-401"", ""name"": ""Sangak Bread"", ""category"": ""Bread"", ""quantity"": 1, ""unit_price"": 25000, ""subtotal"": 25000}, {""item_id"": ""ITEM-603"", ""name"": ""Persian Tea (Chai)"", ""category"": ""Beverage"", ""quantity"": 2, ""unit_price"": 24000, ""subtotal"": 48000}, {""item_id"": ""ITEM-306"", ""name"": ""Tahchin Morgh"", ""category"": ""Main Course"", ""quantity"": 1, ""unit_price"": 221000, ""subtotal"": 221000}]",317000.0,card,completed,2026-07-31T14:19:15.476643
ORD-20260731-530816,2026-07-31T15:56:49.476643,ZAF-TBZ-001,CUST-10067,takeaway,"[{""item_id"": ""ITEM-303"", ""name"": ""Ghormeh Sabzi"", ""category"": ""Main Course"", ""quantity"": 3, ""unit_price"": 233000, ""subtotal"": 699000}, {""item_id"": ""ITEM-105"", ""name"": ""Salad Shirazi"", ""category"": ""Starter"", ""quantity"": 1, ""unit_price"": 54000, ""subtotal"": 54000}, {""item_id"": ""ITEM-201"", ""name"": ""Kuku Sabzi"", ""category"": ""Main Course"", ""quantity"": 3, ""unit_price"": 122000, ""subtotal"": 366000}, {""item_id"": ""ITEM-603"", ""name"": ""Persian Tea (Chai)"", ""category"": ""Beverage"", ""quantity"": 2, ""unit_price"": 26000, ""subtotal"": 52000}, {""item_id"": ""ITEM-503"", ""name"": ""Sholeh Zard"", ""category"": ""Dessert"", ""quantity"": 1, ""unit_price"": 53000, ""subtotal"": 53000}]",1224000.0,wallet,delivered,2026-07-31T15:56:49.476643
ORD-20260731-577100,2026-07-31T17:11:50.476643,ZAF-THR-002,CUST-10431,delivery,"[{""item_id"": ""ITEM-102"", ""name"": ""Kashke Bademjan"", ""category"": ""Starter"", ""quantity"": 2, ""unit_price"": 96000, ""subtotal"": 192000}, {""item_id"": ""ITEM-103"", ""name"": ""Mirza Ghasemi"", ""category"": ""Starter"", ""quantity"": 2, ""unit_price"": 93000, ""subtotal"": 186000}, {""item_id"": ""ITEM-304"", ""name"": ""Fesenjan"", ""category"": ""Main Course"", ""quantity"": 3, ""unit_price"": 258000, ""subtotal"": 774000}, {""item_id"": ""ITEM-503"", ""name"": ""Sholeh Zard"", ""category"": ""Dessert"", ""quantity"": 3, ""unit_price"": 54000, ""subtotal"": 162000}]",1314000.0,card,completed,2026-07-31T17:11:50.476643
ORD-20260731-606773,2026-07-31T19:04:10.476643,ZAF-TBZ-001,CUST-10198,delivery,"[{""item_id"": ""ITEM-302"", ""name"": ""Joojeh Kabab"", ""category"": ""Main Course"", ""quantity"": 2, ""unit_price"": 261000, ""subtotal"": 522000}, {""item_id"": ""ITEM-306"", ""name"": ""Tahchin Morgh"", ""category"": ""Main Course"", ""quantity"": 3, ""unit_price"": 229000, ""subtotal"": 687000}, {""item_id"": ""ITEM-307"", ""name"": ""Abgoosht (Dizi)"", ""category"": ""Main Course"", ""quantity"": 2, ""unit_price"": 202000, ""subtotal"": 404000}, {""item_id"": ""ITEM-305"", ""name"": ""Zereshk Polo ba Morgh"", ""category"": ""Main Course"", ""quantity"": 3, ""unit_price"": 219000, ""subtotal"": 657000}, {""item_id"": ""ITEM-201"", ""name"": ""Kuku Sabzi"", ""category"": ""Main Course"", ""quantity"": 3, ""unit_price"": 122000, ""subtotal"": 366000}]",2636000.0,card,completed,2026-07-31T19:04:10.476643
ORD-20260801-437260,2026-08-01T13:51:43.476643,ZAF-MSH-001,CUST-10368,dine_in,"[{""item_id"": ""ITEM-403"", ""name"": ""Lavash Bread"", ""category"": ""Bread"", ""quantity"": 2, ""unit_price"": 15000, ""subtotal"": 30000}, {""item_id"": ""ITEM-604"", ""name"": ""Sharbat-e Ablimoo"", ""category"": ""Beverage"", ""quantity"": 3, ""unit_price"": 39000, ""subtotal"": 117000}]",147000.0,card,delivered,2026-08-01T13:51:43.476643
ORD-20260801-263633,2026-08-01T15:22:09.476643,ZAF-ISF-001,CUST-10229,dine_in,"[{""item_id"": ""ITEM-201"", ""name"": ""Kuku Sabzi"", ""category"": ""Main Course"", ""quantity"": 2, ""unit_price"": 122000, ""subtotal"": 244000}, {""item_id"": ""ITEM-401"", ""name"": ""Sangak Bread"", ""category"": ""Bread"", ""quantity"": 2, ""unit_price"": 25000, ""subtotal"": 50000}, {""item_id"": ""ITEM-205"", ""name"": ""Baghali Polo"", ""category"": ""Main Course"", ""quantity"": 1, ""unit_price"": 118000, ""subtotal"": 118000}, {""item_id"": ""ITEM-104"", ""name"": ""Dolme Barg"", ""category"": ""Starter"", ""quantity"": 2, ""unit_price"": 109000, ""subtotal"": 218000}, {""item_id"": ""ITEM-101"", ""name"": ""Mast-o Khiar"", ""category"": ""Starter"", ""quantity"": 2, ""unit_price"": 63000, ""subtotal"": 126000}]",756000.0,wallet,completed,2026-08-01T15:22:09.476643
ORD-20260801-688285,2026-08-01T15:25:09.476643,ZAF-MSH-001,CUST-10437,dine_in,"[{""item_id"": ""ITEM-302"", ""name"": ""Joojeh Kabab"", ""category"": ""Main Course"", ""quantity"": 2, ""unit_price"": 264000, ""subtotal"": 528000}, {""item_id"": ""ITEM-303"", ""name"": ""Ghormeh Sabzi"", ""category"": ""Main Course"", ""quantity"": 2, ""unit_price"": 243000, ""subtotal"": 486000}, {""item_id"": ""ITEM-101"", ""name"": ""Mast-o Khiar"", ""category"": ""Starter"", ""quantity"": 2, ""unit_price"": 65000, ""subtotal"": 130000}, {""item_id"": ""ITEM-205"", ""name"": ""Baghali Polo"", ""category"": ""Main Course"", ""quantity"": 2, ""unit_price"": 113000, ""subtotal"": 226000}]",1370000.0,cash,completed,2026-08-01T15:25:09.476643
ORD-20260801-626735,2026-08-01T16:12:30.476643,ZAF-MSH-001,CUST-10400,delivery,"[{""item_id"": ""ITEM-503"", ""name"": ""Sholeh Zard"", ""category"": ""Dessert"", ""quantity"": 3, ""unit_price"": 54000, ""subtotal"": 162000}]",162000.0,cash,delivered,2026-08-01T16:12:30.476643
ORD-20260801-476215,2026-08-01T17:08:11.476643,ZAF-THR-002,CUST-10080,takeaway,"[{""item_id"": ""ITEM-306"", ""name"": ""Tahchin Morgh"", ""category"": ""Main Course"", ""quantity"": 1, ""unit_price"": 215000, ""subtotal"": 215000}, {""item_id"": ""ITEM-104"", ""name"": ""Dolme Barg"", ""category"": ""Starter"", ""quantity"": 1, ""unit_price"": 113000, ""subtotal"": 113000}, {""item_id"": ""ITEM-602"", ""name"": ""Sharbat-e Sekanjebin"", ""category"": ""Beverage"", ""quantity"": 3, ""unit_price"": 42000, ""subtotal"": 126000}, {""item_id"": ""ITEM-304"", ""name"": ""Fesenjan"", ""category"": ""Main Course"", ""quantity"": 1, ""unit_price"": 258000, ""subtotal"": 258000}, {""item_id"": ""ITEM-205"", ""name"": ""Baghali Polo"", ""category"": ""Main Course"", ""quantity"": 1, ""unit_price"": 116000, ""subtotal"": 116000}]",828000.0,card,delivered,2026-08-01T17:08:11.476643
ORD-20260802-757258,2026-08-02T14:10:45.476643,ZAF-SHZ-001,CUST-10439,takeaway,"[{""item_id"": ""ITEM-504"", ""name"": ""Zoolbia Bamieh"", ""category"": ""Dessert"", ""quantity"": 1, ""unit_price"": 60000, ""subtotal"": 60000}, {""item_id"": ""ITEM-402"", ""name"": ""Barbari Bread"", ""category"": ""Bread"", ""quantity"": 3, ""unit_price"": 22000, ""subtotal"": 66000}, {""item_id"": ""ITEM-101"", ""name"": ""Mast-o Khiar"", ""category"": ""Starter"", ""quantity"": 2, ""unit_price"": 64000, ""subtotal"": 128000}, {""item_id"": ""ITEM-305"", ""name"": ""Zereshk Polo ba Morgh"", ""category"": ""Main Course"", ""quantity"": 1, ""unit_price"": 241000, ""subtotal"": 241000}, {""item_id"": ""ITEM-601"", ""name"": ""Doogh"", ""category"": ""Beverage"", ""quantity"": 2, ""unit_price"": 35000, ""subtotal"": 70000}]",565000.0,wallet,delivered,2026-08-02T14:10:45.476643
ORD-20260802-812730,2026-08-02T15:32:19.476643,ZAF-THR-002,CUST-10430,takeaway,"[{""item_id"": ""ITEM-201"", ""name"": ""Kuku Sabzi"", ""category"": ""Main Course"", ""quantity"": 3, ""unit_price"": 126000, ""subtotal"": 378000}, {""item_id"": ""ITEM-205"", ""name"": ""Baghali Polo"", ""category"": ""Main Course"", ""quantity"": 2, ""unit_price"": 116000, ""subtotal"": 232000}, {""item_id"": ""ITEM-104"", ""name"": ""Dolme Barg"", ""category"": ""Starter"", ""quantity"": 3, ""unit_price"": 113000, ""subtotal"": 339000}, {""item_id"": ""ITEM-306"", ""name"": ""Tahchin Morgh"", ""category"": ""Main Course"", ""quantity"": 3, ""unit_price"": 215000, ""subtotal"": 645000}, {""item_id"": ""ITEM-105"", ""name"": ""Salad Shirazi"", ""category"": ""Starter"", ""quantity"": 1, ""unit_price"": 55000, ""subtotal"": 55000}]",1649000.0,wallet,delivered,2026-08-02T15:32:19.476643
ORD-20260802-503572,2026-08-02T15:33:33.476643,ZAF-MSH-001,CUST-10358,dine_in,"[{""item_id"": ""ITEM-104"", ""name"": ""Dolme Barg"", ""category"": ""Starter"", ""quantity"": 2, ""unit_price"": 114000, ""subtotal"": 228000}, {""item_id"": ""ITEM-304"", ""name"": ""Fesenjan"", ""category"": ""Main Course"", ""quantity"": 2, ""unit_price"": 270000, ""subtotal"": 540000}, {""item_id"": ""ITEM-502"", ""name"": ""Faloodeh Shirazi"", ""category"": ""Dessert"", ""quantity"": 3, ""unit_price"": 66000, ""subtotal"": 198000}, {""item_id"": ""ITEM-504"", ""name"": ""Zoolbia Bamieh"", ""category"": ""Dessert"", ""quantity"": 3, ""unit_price"": 62000, ""subtotal"": 186000}, {""item_id"": ""ITEM-203"", ""name"": ""Ash Reshteh"", ""category"": ""Main Course"", ""quantity"": 3, ""unit_price"": 107000, ""subtotal"": 321000}]",1473000.0,wallet,delivered,2026-08-02T15:33:33.476643
ORD-20260802-361662,2026-08-02T20:46:56.476643,ZAF-ISF-001,CUST-10228,delivery,"[{""item_id"": ""ITEM-204"", ""name"": ""Sabzi Polo"", ""category"": ""Main Course"", ""quantity"": 1, ""unit_price"": 98000, ""subtotal"": 98000}]",98000.0,cash,completed,2026-08-02T20:46:56.476643
ORD-20260802-354063,2026-08-02T21:29:31.476643,ZAF-SHZ-001,CUST-10034,delivery,"[{""item_id"": ""ITEM-401"", ""name"": ""Sangak Bread"", ""category"": ""Bread"", ""quantity"": 3, ""unit_price"": 26000, ""subtotal"": 78000}]",78000.0,card,delivered,2026-08-02T21:29:31.476643
ORD-20260803-802191,2026-08-03T10:23:15.476643,ZAF-MSH-001,CUST-10000,takeaway,"[{""item_id"": ""ITEM-103"", ""name"": ""Mirza Ghasemi"", ""category"": ""Starter"", ""quantity"": 2, ""unit_price"": 88000, ""subtotal"": 176000}, {""item_id"": ""ITEM-204"", ""name"": ""Sabzi Polo"", ""category"": ""Main Course"", ""quantity"": 2, ""unit_price"": 92000, ""subtotal"": 184000}]",360000.0,card,delivered,2026-08-03T10:23:15.476643
ORD-20260803-314181,2026-08-03T13:25:07.476643,ZAF-TBZ-001,CUST-10126,delivery,"[{""item_id"": ""ITEM-403"", ""name"": ""Lavash Bread"", ""category"": ""Bread"", ""quantity"": 3, ""unit_price"": 14000, ""subtotal"": 42000}, {""item_id"": ""ITEM-102"", ""name"": ""Kashke Bademjan"", ""category"": ""Starter"", ""quantity"": 3, ""unit_price"": 92000, ""subtotal"": 276000}, {""item_id"": ""ITEM-103"", ""name"": ""Mirza Ghasemi"", ""category"": ""Starter"", ""quantity"": 3, ""unit_price"": 94000, ""subtotal"": 282000}, {""item_id"": ""ITEM-304"", ""name"": ""Fesenjan"", ""category"": ""Main Course"", ""quantity"": 2, ""unit_price"": 265000, ""subtotal"": 530000}, {""item_id"": ""ITEM-502"", ""name"": ""Faloodeh Shirazi"", ""category"": ""Dessert"", ""quantity"": 2, ""unit_price"": 68000, ""subtotal"": 136000}]",1266000.0,wallet,completed,2026-08-03T13:25:07.476643
ORD-20260803-428399,2026-08-03T21:51:19.476643,ZAF-TBZ-001,CUST-10302,dine_in,"[{""item_id"": ""ITEM-502"", ""name"": ""Faloodeh Shirazi"", ""category"": ""Dessert"", ""quantity"": 1, ""unit_price"": 68000, ""subtotal"": 68000}]",68000.0,cash,completed,2026-08-03T21:51:19.476643
ORD-20260803-927543,2026-08-03T22:06:00.476643,ZAF-THR-001,CUST-10136,dine_in,"[{""item_id"": ""ITEM-502"", ""name"": ""Faloodeh Shirazi"", ""category"": ""Dessert"", ""quantity"": 3, ""unit_price"": 66000, ""subtotal"": 198000}]",198000.0,cash,delivered,2026-08-03T22:06:00.476643
ORD-20260804-948809,2026-08-04T12:24:41.476643,ZAF-THR-001,CUST-10173,takeaway,"[{""item_id"": ""ITEM-205"", ""name"": ""Baghali Polo"", ""category"": ""Main Course"", ""quantity"": 1, ""unit_price"": 110000, ""subtotal"": 110000}, {""item_id"": ""ITEM-305"", ""name"": ""Zereshk Polo ba Morgh"", ""category"": ""Main Course"", ""quantity"": 2, ""unit_price"": 233000, ""subtotal"": 466000}]",576000.0,wallet,delivered,2026-08-04T12:24:41.476643
ORD-20260804-655178,2026-08-04T17:23:23.476643,ZAF-SHZ-001,CUST-10390,takeaway,"[{""item_id"": ""ITEM-402"", ""name"": ""Barbari Bread"", ""category"": ""Bread"", ""quantity"": 1, ""unit_price"": 22000, ""subtotal"": 22000}]",22000.0,card,completed,2026-08-04T17:23:23.476643
ORD-20260805-364650,2026-08-05T10:30:58.476643,ZAF-THR-002,CUST-10331,delivery,"[{""item_id"": ""ITEM-403"", ""name"": ""Lavash Bread"", ""category"": ""Bread"", ""quantity"": 1, ""unit_price"": 15000, ""subtotal"": 15000}, {""item_id"": ""ITEM-602"", ""name"": ""Sharbat-e Sekanjebin"", ""category"": ""Beverage"", ""quantity"": 1, ""unit_price"": 42000, ""subtotal"": 42000}]",57000.0,card,completed,2026-08-05T10:30:58.476643
ORD-20260805-312616,2026-08-05T13:31:47.476643,ZAF-THR-002,CUST-10120,dine_in,"[{""item_id"": ""ITEM-604"", ""name"": ""Sharbat-e Ablimoo"", ""category"": ""Beverage"", ""quantity"": 1, ""unit_price"": 38000, ""subtotal"": 38000}, {""item_id"": ""ITEM-204"", ""name"": ""Sabzi Polo"", ""category"": ""Main Course"", ""quantity"": 1, ""unit_price"": 98000, ""subtotal"": 98000}]",136000.0,wallet,completed,2026-08-05T13:31:47.476643
ORD-20260805-728635,2026-08-05T15:40:16.476643,ZAF-MSH-001,CUST-10231,takeaway,"[{""item_id"": ""ITEM-203"", ""name"": ""Ash Reshteh"", ""category"": ""Main Course"", ""quantity"": 2, ""unit_price"": 107000, ""subtotal"": 214000}, {""item_id"": ""ITEM-502"", ""name"": ""Faloodeh Shirazi"", ""category"": ""Dessert"", ""quantity"": 1, ""unit_price"": 66000, ""subtotal"": 66000}, {""item_id"": ""ITEM-301"", ""name"": ""Chelo Kabab Koobideh"", ""category"": ""Main Course"", ""quantity"": 2, ""unit_price"": 299000, ""subtotal"": 598000}]",878000.0,cash,delivered,2026-08-05T15:40:16.476643
ORD-20260805-227630,2026-08-05T18:56:29.476643,ZAF-THR-001,CUST-10480,delivery,"[{""item_id"": ""ITEM-501"", ""name"": ""Bastani Sonnati"", ""category"": ""Dessert"", ""quantity"": 2, ""unit_price"": 77000, ""subtotal"": 154000}, {""item_id"": ""ITEM-502"", ""name"": ""Faloodeh Shirazi"", ""category"": ""Dessert"", ""quantity"": 2, ""unit_price"": 66000, ""subtotal"": 132000}, {""item_id"": ""ITEM-102"", ""name"": ""Kashke Bademjan"", ""category"": ""Starter"", ""quantity"": 2, ""unit_price"": 90000, ""subtotal"": 180000}, {""item_id"": ""ITEM-604"", ""name"": ""Sharbat-e Ablimoo"", ""category"": ""Beverage"", ""quantity"": 2, ""unit_price"": 36000, ""subtotal"": 72000}]",538000.0,wallet,completed,2026-08-05T18:56:29.476643
ORD-20260806-520651,2026-08-06T15:53:49.476643,ZAF-THR-001,CUST-10117,takeaway,"[{""item_id"": ""ITEM-602"", ""name"": ""Sharbat-e Sekanjebin"", ""category"": ""Beverage"", ""quantity"": 2, ""unit_price"": 39000, ""subtotal"": 78000}]",78000.0,cash,delivered,2026-08-06T15:53:49.476643
ORD-20260806-438041,2026-08-06T15:58:43.476643,ZAF-THR-002,CUST-10363,delivery,"[{""item_id"": ""ITEM-307"", ""name"": ""Abgoosht (Dizi)"", ""category"": ""Main Course"", ""quantity"": 3, ""unit_price"": 187000, ""subtotal"": 561000}, {""item_id"": ""ITEM-401"", ""name"": ""Sangak Bread"", ""category"": ""Bread"", ""quantity"": 3, ""unit_price"": 24000, ""subtotal"": 72000}]",633000.0,cash,completed,2026-08-06T15:58:43.476643
ORD-20260806-541557,2026-08-06T16:10:08.476643,ZAF-ISF-001,CUST-10154,takeaway,"[{""item_id"": ""ITEM-306"", ""name"": ""Tahchin Morgh"", ""category"": ""Main Course"", ""quantity"": 1, ""unit_price"": 230000, ""subtotal"": 230000}, {""item_id"": ""ITEM-105"", ""name"": ""Salad Shirazi"", ""category"": ""Starter"", ""quantity"": 2, ""unit_price"": 58000, ""subtotal"": 116000}, {""item_id"": ""ITEM-103"", ""name"": ""Mirza Ghasemi"", ""category"": ""Starter"", ""quantity"": 2, ""unit_price"": 87000, ""subtotal"": 174000}]",520000.0,card,delivered,2026-08-06T16:10:08.476643
ORD-20260806-113406,2026-08-06T17:14:35.476643,ZAF-SHZ-001,CUST-10148,delivery,"[{""item_id"": ""ITEM-202"", ""name"": ""Adas Polo"", ""category"": ""Main Course"", ""quantity"": 2, ""unit_price"": 125000, ""subtotal"": 250000}, {""item_id"": ""ITEM-604"", ""name"": ""Sharbat-e Ablimoo"", ""category"": ""Beverage"", ""quantity"": 3, ""unit_price"": 37000, ""subtotal"": 111000}, {""item_id"": ""ITEM-103"", ""name"": ""Mirza Ghasemi"", ""category"": ""Starter"", ""quantity"": 2, ""unit_price"": 94000, ""subtotal"": 188000}, {""item_id"": ""ITEM-603"", ""name"": ""Persian Tea (Chai)"", ""category"": ""Beverage"", ""quantity"": 1, ""unit_price"": 26000, ""subtotal"": 26000}]",575000.0,card,delivered,2026-08-06T17:14:35.476643
ORD-20260806-915866,2026-08-06T18:26:04.476643,ZAF-ISF-001,CUST-10327,takeaway,"[{""item_id"": ""ITEM-302"", ""name"": ""Joojeh Kabab"", ""category"": ""Main Course"", ""quantity"": 2, ""unit_price"": 248000, ""subtotal"": 496000}]",496000.0,cash,delivered,2026-08-06T18:26:04.476643
ORD-20260806-549186,2026-08-06T19:51:07.476643,ZAF-TBZ-001,CUST-10400,delivery,"[{""item_id"": ""ITEM-302"", ""name"": ""Joojeh Kabab"", ""category"": ""Main Course"", ""quantity"": 3, ""unit_price"": 261000, ""subtotal"": 783000}]",783000.0,card,delivered,2026-08-06T19:51:07.476643
ORD-20260806-112960,2026-08-06T21:57:08.476643,ZAF-SHZ-001,CUST-10471,delivery,"[{""item_id"": ""ITEM-104"", ""name"": ""Dolme Barg"", ""category"": ""Starter"", ""quantity"": 1, ""unit_price"": 110000, ""subtotal"": 110000}, {""item_id"": ""ITEM-304"", ""name"": ""Fesenjan"", ""category"": ""Main Course"", ""quantity"": 2, ""unit_price"": 271000, ""subtotal"": 542000}, {""item_id"": ""ITEM-305"", ""name"": ""Zereshk Polo ba Morgh"", ""category"": ""Main Course"", ""quantity"": 3, ""unit_price"": 241000, ""subtotal"": 723000}, {""item_id"": ""ITEM-102"", ""name"": ""Kashke Bademjan"", ""category"": ""Starter"", ""quantity"": 2, ""unit_price"": 92000, ""subtotal"": 184000}]",1559000.0,wallet,delivered,2026-08-06T21:57:08.476643
ORD-20260807-414267,2026-08-07T11:42:52.476643,ZAF-THR-001,CUST-10121,dine_in,"[{""item_id"": ""ITEM-202"", ""name"": ""Adas Polo"", ""category"": ""Main Course"", ""quantity"": 1, ""unit_price"": 135000, ""subtotal"": 135000}]",135000.0,cash,delivered,2026-08-07T11:42:52.476643
ORD-20260807-946969,2026-08-07T16:41:16.476643,ZAF-MSH-001,CUST-10324,takeaway,"[{""item_id"": ""ITEM-401"", ""name"": ""Sangak Bread"", ""category"": ""Bread"", ""quantity"": 2, ""unit_price"": 25000, ""subtotal"": 50000}, {""item_id"": ""ITEM-202"", ""name"": ""Adas Polo"", ""category"": ""Main Course"", ""quantity"": 2, ""unit_price"": 131000, ""subtotal"": 262000}, {""item_id"": ""ITEM-603"", ""name"": ""Persian Tea (Chai)"", ""category"": ""Beverage"", ""quantity"": 1, ""unit_price"": 24000, ""subtotal"": 24000}, {""item_id"": ""ITEM-305"", ""name"": ""Zereshk Polo ba Morgh"", ""category"": ""Main Course"", ""quantity"": 3, ""unit_price"": 221000, ""subtotal"": 663000}, {""item_id"": ""ITEM-203"", ""name"": ""Ash Reshteh"", ""category"": ""Main Course"", ""quantity"": 3, ""unit_price"": 107000, ""subtotal"": 321000}]",1320000.0,cash,completed,2026-08-07T16:41:16.476643
ORD-20260807-236014,2026-08-07T19:59:50.476643,ZAF-MSH-001,CUST-10147,delivery,"[{""item_id"": ""ITEM-403"", ""name"": ""Lavash Bread"", ""category"": ""Bread"", ""quantity"": 3, ""unit_price"": 15000, ""subtotal"": 45000}, {""item_id"": ""ITEM-604"", ""name"": ""Sharbat-e Ablimoo"", ""category"": ""Beverage"", ""quantity"": 3, ""unit_price"": 39000, ""subtotal"": 117000}, {""item_id"": ""ITEM-301"", ""name"": ""Chelo Kabab Koobideh"", ""category"": ""Main Course"", ""quantity"": 3, ""unit_price"": 299000, ""subtotal"": 897000}, {""item_id"": ""ITEM-204"", ""name"": ""Sabzi Polo"", ""category"": ""Main Course"", ""quantity"": 2, ""unit_price"": 92000, ""subtotal"": 184000}]",1243000.0,wallet,completed,2026-08-07T19:59:50.476643
ORD-20260807-603825,2026-08-07T20:15:01.476643,ZAF-THR-001,CUST-10391,delivery,"[{""item_id"": ""ITEM-306"", ""name"": ""Tahchin Morgh"", ""category"": ""Main Course"", ""quantity"": 3, ""unit_price"": 221000, ""subtotal"": 663000}, {""item_id"": ""ITEM-103"", ""name"": ""Mirza Ghasemi"", ""category"": ""Starter"", ""quantity"": 2, ""unit_price"": 88000, ""subtotal"": 176000}, {""item_id"": ""ITEM-403"", ""name"": ""Lavash Bread"", ""category"": ""Bread"", ""quantity"": 3, ""unit_price"": 14000, ""subtotal"": 42000}]",881000.0,card,completed,2026-08-07T20:15:01.476643
ORD-20260808-789247,2026-08-08T12:34:13.476643,ZAF-THR-001,CUST-10322,delivery,"[{""item_id"": ""ITEM-501"", ""name"": ""Bastani Sonnati"", ""category"": ""Dessert"", ""quantity"": 3, ""unit_price"": 77000, ""subtotal"": 231000}, {""item_id"": ""ITEM-503"", ""name"": ""Sholeh Zard"", ""category"": ""Dessert"", ""quantity"": 2, ""unit_price"": 54000, ""subtotal"": 108000}, {""item_id"": ""ITEM-202"", ""name"": ""Adas Polo"", ""category"": ""Main Course"", ""quantity"": 3, ""unit_price"": 135000, ""subtotal"": 405000}]",744000.0,wallet,delivered,2026-08-08T12:34:13.476643
ORD-20260808-293194,2026-08-08T13:29:39.476643,ZAF-THR-002,CUST-10122,dine_in,"[{""item_id"": ""ITEM-504"", ""name"": ""Zoolbia Bamieh"", ""category"": ""Dessert"", ""quantity"": 3, ""unit_price"": 58000, ""subtotal"": 174000}, {""item_id"": ""ITEM-601"", ""name"": ""Doogh"", ""category"": ""Beverage"", ""quantity"": 2, ""unit_price"": 34000, ""subtotal"": 68000}, {""item_id"": ""ITEM-603"", ""name"": ""Persian Tea (Chai)"", ""category"": ""Beverage"", ""quantity"": 1, ""unit_price"": 25000, ""subtotal"": 25000}, {""item_id"": ""ITEM-301"", ""name"": ""Chelo Kabab Koobideh"", ""category"": ""Main Course"", ""quantity"": 2, ""unit_price"": 295000, ""subtotal"": 590000}]",857000.0,card,delivered,2026-08-08T13:29:39.476643
ORD-20260808-493049,2026-08-08T14:57:01.476643,ZAF-THR-001,CUST-10166,takeaway,"[{""item_id"": ""ITEM-205"", ""name"": ""Baghali Polo"", ""category"": ""Main Course"", ""quantity"": 2, ""unit_price"": 110000, ""subtotal"": 220000}]",220000.0,cash,delivered,2026-08-08T14:57:01.476643
ORD-20260808-298287,2026-08-08T15:20:38.476643,ZAF-SHZ-001,CUST-10325,delivery,"[{""item_id"": ""ITEM-102"", ""name"": ""Kashke Bademjan"", ""category"": ""Starter"", ""quantity"": 3, ""unit_price"": 92000, ""subtotal"": 276000}, {""item_id"": ""ITEM-601"", ""name"": ""Doogh"", ""category"": ""Beverage"", ""quantity"": 3, ""unit_price"": 35000, ""subtotal"": 105000}]",381000.0,card,delivered,2026-08-08T15:20:38.476643
ORD-20260808-620021,2026-08-08T21:29:38.476643,ZAF-MSH-001,CUST-10169,dine_in,"[{""item_id"": ""ITEM-402"", ""name"": ""Barbari Bread"", ""category"": ""Bread"", ""quantity"": 2, ""unit_price"": 21000, ""subtotal"": 42000}, {""item_id"": ""ITEM-301"", ""name"": ""Chelo Kabab Koobideh"", ""category"": ""Main Course"", ""quantity"": 1, ""unit_price"": 299000, ""subtotal"": 299000}, {""item_id"": ""ITEM-403"", ""name"": ""Lavash Bread"", ""category"": ""Bread"", ""quantity"": 1, ""unit_price"": 15000, ""subtotal"": 15000}, {""item_id"": ""ITEM-205"", ""name"": ""Baghali Polo"", ""category"": ""Main Course"", ""quantity"": 2, ""unit_price"": 113000, ""subtotal"": 226000}, {""item_id"": ""ITEM-304"", ""name"": ""Fesenjan"", ""category"": ""Main Course"", ""quantity"": 1, ""unit_price"": 270000, ""subtotal"": 270000}]",852000.0,cash,delivered,2026-08-08T21:29:38.476643
ORD-20260809-779099,2026-08-09T11:28:31.476643,ZAF-THR-002,CUST-10042,dine_in,"[{""item_id"": ""ITEM-601"", ""name"": ""Doogh"", ""category"": ""Beverage"", ""quantity"": 1, ""unit_price"": 34000, ""subtotal"": 34000}, {""item_id"": ""ITEM-101"", ""name"": ""Mast-o Khiar"", ""category"": ""Starter"", ""quantity"": 1, ""unit_price"": 67000, ""subtotal"": 67000}, {""item_id"": ""ITEM-503"", ""name"": ""Sholeh Zard"", ""category"": ""Dessert"", ""quantity"": 2, ""unit_price"": 54000, ""subtotal"": 108000}, {""item_id"": ""ITEM-504"", ""name"": ""Zoolbia Bamieh"", ""category"": ""Dessert"", ""quantity"": 2, ""unit_price"": 58000, ""subtotal"": 116000}, {""item_id"": ""ITEM-304"", ""name"": ""Fesenjan"", ""category"": ""Main Course"", ""quantity"": 1, ""unit_price"": 258000, ""subtotal"": 258000}]",583000.0,cash,completed,2026-08-09T11:28:31.476643
ORD-20260809-543814,2026-08-09T12:48:45.476643,ZAF-SHZ-001,CUST-10229,dine_in,"[{""item_id"": ""ITEM-101"", ""name"": ""Mast-o Khiar"", ""category"": ""Starter"", ""quantity"": 1, ""unit_price"": 64000, ""subtotal"": 64000}, {""item_id"": ""ITEM-103"", ""name"": ""Mirza Ghasemi"", ""category"": ""Starter"", ""quantity"": 3, ""unit_price"": 94000, ""subtotal"": 282000}, {""item_id"": ""ITEM-204"", ""name"": ""Sabzi Polo"", ""category"": ""Main Course"", ""quantity"": 3, ""unit_price"": 98000, ""subtotal"": 294000}, {""item_id"": ""ITEM-202"", ""name"": ""Adas Polo"", ""category"": ""Main Course"", ""quantity"": 3, ""unit_price"": 125000, ""subtotal"": 375000}, {""item_id"": ""ITEM-603"", ""name"": ""Persian Tea (Chai)"", ""category"": ""Beverage"", ""quantity"": 3, ""unit_price"": 26000, ""subtotal"": 78000}]",1093000.0,card,delivered,2026-08-09T12:48:45.476643
ORD-20260809-450741,2026-08-09T15:56:51.476643,ZAF-MSH-001,CUST-10207,takeaway,"[{""item_id"": ""ITEM-205"", ""name"": ""Baghali Polo"", ""category"": ""Main Course"", ""quantity"": 1, ""unit_price"": 113000, ""subtotal"": 113000}, {""item_id"": ""ITEM-103"", ""name"": ""Mirza Ghasemi"", ""category"": ""Starter"", ""quantity"": 3, ""unit_price"": 88000, ""subtotal"": 264000}]",377000.0,wallet,delivered,2026-08-09T15:56:51.476643
ORD-20260809-733052,2026-08-09T16:21:17.476643,ZAF-THR-002,CUST-10110,takeaway,"[{""item_id"": ""ITEM-104"", ""name"": ""Dolme Barg"", ""category"": ""Starter"", ""quantity"": 1, ""unit_price"": 113000, ""subtotal"": 113000}, {""item_id"": ""ITEM-103"", ""name"": ""Mirza Ghasemi"", ""category"": ""Starter"", ""quantity"": 2, ""unit_price"": 93000, ""subtotal"": 186000}, {""item_id"": ""ITEM-303"", ""name"": ""Ghormeh Sabzi"", ""category"": ""Main Course"", ""quantity"": 2, ""unit_price"": 250000, ""subtotal"": 500000}]",799000.0,cash,completed,2026-08-09T16:21:17.476643
ORD-20260809-790881,2026-08-09T16:46:53.476643,ZAF-THR-002,CUST-10013,takeaway,"[{""item_id"": ""ITEM-104"", ""name"": ""Dolme Barg"", ""category"": ""Starter"", ""quantity"": 1, ""unit_price"": 113000, ""subtotal"": 113000}, {""item_id"": ""ITEM-604"", ""name"": ""Sharbat-e Ablimoo"", ""category"": ""Beverage"", ""quantity"": 2, ""unit_price"": 38000, ""subtotal"": 76000}, {""item_id"": ""ITEM-307"", ""name"": ""Abgoosht (Dizi)"", ""category"": ""Main Course"", ""quantity"": 2, ""unit_price"": 187000, ""subtotal"": 374000}, {""item_id"": ""ITEM-204"", ""name"": ""Sabzi Polo"", ""category"": ""Main Course"", ""quantity"": 3, ""unit_price"": 98000, ""subtotal"": 294000}, {""item_id"": ""ITEM-503"", ""name"": ""Sholeh Zard"", ""category"": ""Dessert"", ""quantity"": 3, ""unit_price"": 54000, ""subtotal"": 162000}]",1019000.0,wallet,completed,2026-08-09T16:46:53.476643
ORD-20260809-917012,2026-08-09T21:03:54.476643,ZAF-THR-002,CUST-10053,takeaway,"[{""item_id"": ""ITEM-402"", ""name"": ""Barbari Bread"", ""category"": ""Bread"", ""quantity"": 2, ""unit_price"": 21000, ""subtotal"": 42000}, {""item_id"": ""ITEM-306"", ""name"": ""Tahchin Morgh"", ""category"": ""Main Course"", ""quantity"": 1, ""unit_price"": 215000, ""subtotal"": 215000}, {""item_id"": ""ITEM-602"", ""name"": ""Sharbat-e Sekanjebin"", ""category"": ""Beverage"", ""quantity"": 3, ""unit_price"": 42000, ""subtotal"": 126000}, {""item_id"": ""ITEM-502"", ""name"": ""Faloodeh Shirazi"", ""category"": ""Dessert"", ""quantity"": 2, ""unit_price"": 64000, ""subtotal"": 128000}]",511000.0,wallet,delivered,2026-08-09T21:03:54.476643
ORD-20260809-884309,2026-08-09T21:50:35.476643,ZAF-MSH-001,CUST-10367,takeaway,"[{""item_id"": ""ITEM-105"", ""name"": ""Salad Shirazi"", ""category"": ""Starter"", ""quantity"": 3, ""unit_price"": 55000, ""subtotal"": 165000}, {""item_id"": ""ITEM-202"", ""name"": ""Adas Polo"", ""category"": ""Main Course"", ""quantity"": 3, ""unit_price"": 131000, ""subtotal"": 393000}, {""item_id"": ""ITEM-205"", ""name"": ""Baghali Polo"", ""category"": ""Main Course"", ""quantity"": 3, ""unit_price"": 113000, ""subtotal"": 339000}, {""item_id"": ""ITEM-102"", ""name"": ""Kashke Bademjan"", ""category"": ""Starter"", ""quantity"": 1, ""unit_price"": 95000, ""subtotal"": 95000}]",992000.0,cash,delivered,2026-08-09T21:50:35.476643
ORD-20260810-529088,2026-08-10T11:02:57.476643,ZAF-THR-002,CUST-10252,dine_in,"[{""item_id"": ""ITEM-603"", ""name"": ""Persian Tea (Chai)"", ""category"": ""Beverage"", ""quantity"": 3, ""unit_price"": 25000, ""subtotal"": 75000}, {""item_id"": ""ITEM-503"", ""name"": ""Sholeh Zard"", ""category"": ""Dessert"", ""quantity"": 3, ""unit_price"": 54000, ""subtotal"": 162000}]",237000.0,card,delivered,2026-08-10T11:02:57.476643
ORD-20260810-598306,2026-08-10T11:20:34.476643,ZAF-SHZ-001,CUST-10243,delivery,"[{""item_id"": ""ITEM-204"", ""name"": ""Sabzi Polo"", ""category"": ""Main Course"", ""quantity"": 1, ""unit_price"": 98000, ""subtotal"": 98000}, {""item_id"": ""ITEM-602"", ""name"": ""Sharbat-e Sekanjebin"", ""category"": ""Beverage"", ""quantity"": 2, ""unit_price"": 42000, ""subtotal"": 84000}]",182000.0,card,completed,2026-08-10T11:20:34.476643
ORD-20260810-329183,2026-08-10T14:15:18.476643,ZAF-THR-001,CUST-10204,delivery,"[{""item_id"": ""ITEM-103"", ""name"": ""Mirza Ghasemi"", ""category"": ""Starter"", ""quantity"": 2, ""unit_price"": 88000, ""subtotal"": 176000}, {""item_id"": ""ITEM-401"", ""name"": ""Sangak Bread"", ""category"": ""Bread"", ""quantity"": 2, ""unit_price"": 25000, ""subtotal"": 50000}, {""item_id"": ""ITEM-201"", ""name"": ""Kuku Sabzi"", ""category"": ""Main Course"", ""quantity"": 2, ""unit_price"": 122000, ""subtotal"": 244000}]",470000.0,card,delivered,2026-08-10T14:15:18.476643
ORD-20260810-584714,2026-08-10T20:41:04.476643,ZAF-TBZ-001,CUST-10325,takeaway,"[{""item_id"": ""ITEM-401"", ""name"": ""Sangak Bread"", ""category"": ""Bread"", ""quantity"": 1, ""unit_price"": 26000, ""subtotal"": 26000}, {""item_id"": ""ITEM-504"", ""name"": ""Zoolbia Bamieh"", ""category"": ""Dessert"", ""quantity"": 1, ""unit_price"": 60000, ""subtotal"": 60000}]",86000.0,card,delivered,2026-08-10T20:41:04.476643
ORD-20260811-766511,2026-08-11T17:11:28.476643,ZAF-ISF-001,CUST-10408,dine_in,"[{""item_id"": ""ITEM-307"", ""name"": ""Abgoosht (Dizi)"", ""category"": ""Main Course"", ""quantity"": 3, ""unit_price"": 202000, ""subtotal"": 606000}, {""item_id"": ""ITEM-205"", ""name"": ""Baghali Polo"", ""category"": ""Main Course"", ""quantity"": 3, ""unit_price"": 118000, ""subtotal"": 354000}, {""item_id"": ""ITEM-204"", ""name"": ""Sabzi Polo"", ""category"": ""Main Course"", ""quantity"": 1, ""unit_price"": 98000, ""subtotal"": 98000}, {""item_id"": ""ITEM-304"", ""name"": ""Fesenjan"", ""category"": ""Main Course"", ""quantity"": 2, ""unit_price"": 264000, ""subtotal"": 528000}]",1586000.0,card,completed,2026-08-11T17:11:28.476643
